{
  "average_link": {
    "score": 0.46339619159698486,
    "time": 0.0006661415100097656,
    "start_wsp": {
      "name": "abandon.v.5",
      "definition": "stop maintaining or insisting on; of ideas or claims",
      "onyms": [
        "give_up",
        "abandon"
      ]
    },
    "end_wsp": {
      "name": "forego.v.2",
      "definition": "lose (s.th.) or lose the right to (s.th.) by some error, offense, or crime",
      "onyms": [
        "abandon",
        "forgo",
        "lapse",
        "forfeit",
        "throw_overboard",
        "give_up",
        "waive",
        "forego"
      ]
    }
  },
  "average_vector": {
    "score": 0.8013061285018921,
    "time": 1.3374171257019043,
    "start_wsp": {
      "name": "abandon.v.2",
      "definition": "forsake, leave behind",
      "onyms": [
        "discard",
        "throw_overboard",
        "toss_out",
        "waive",
        "cast_away",
        "chuck_out",
        "toss_away",
        "cast_out",
        "abandon",
        "throw_away",
        "put_away",
        "dispose",
        "throw_out",
        "dispense_with",
        "consign",
        "fling",
        "chuck",
        "toss",
        "forego",
        "forgo",
        "forfeit",
        "cast_aside",
        "ditch",
        "give_up"
      ]
    },
    "end_wsp": {
      "name": "forego.v.1",
      "definition": "do without or cease to hold or adhere to",
      "onyms": [
        "dispense_with",
        "kick",
        "forgo",
        "foreswear",
        "give_up",
        "waive",
        "relinquish",
        "forego"
      ]
    }
  },
  "complete_link": {
    "score": 0.14041978120803833,
    "time": 0.0006313323974609375,
    "start_wsp": {
      "name": "abandon.v.5",
      "definition": "stop maintaining or insisting on; of ideas or claims",
      "onyms": [
        "give_up",
        "abandon"
      ]
    },
    "end_wsp": {
      "name": "forego.v.1",
      "definition": "do without or cease to hold or adhere to",
      "onyms": [
        "dispense_with",
        "kick",
        "forgo",
        "foreswear",
        "give_up",
        "waive",
        "relinquish",
        "forego"
      ]
    }
  },
  "single_link": {
    "score": 1.0,
    "time": 0.0006155967712402344,
    "start_wsp": {
      "name": "abandon.n.0",
      "definition": "the trait of lacking restraint or control; reckless freedom from inhibition or worry",
      "onyms": [
        "wantonness",
        "unrestraint",
        "abandon",
        "unconstraint"
      ]
    },
    "end_wsp": {
      "name": "forego.v.2",
      "definition": "lose (s.th.) or lose the right to (s.th.) by some error, offense, or crime",
      "onyms": [
        "abandon",
        "forgo",
        "lapse",
        "forfeit",
        "throw_overboard",
        "give_up",
        "waive",
        "forego"
      ]
    }
  },
  "total_vector": {
    "score": 0.8013061285018921,
    "time": 1.3167695999145508,
    "start_wsp": {
      "name": "abandon.v.2",
      "definition": "forsake, leave behind",
      "onyms": [
        "discard",
        "throw_overboard",
        "toss_out",
        "waive",
        "cast_away",
        "chuck_out",
        "toss_away",
        "cast_out",
        "abandon",
        "throw_away",
        "put_away",
        "dispose",
        "throw_out",
        "dispense_with",
        "consign",
        "fling",
        "chuck",
        "toss",
        "forego",
        "forgo",
        "forfeit",
        "cast_aside",
        "ditch",
        "give_up"
      ]
    },
    "end_wsp": {
      "name": "forego.v.1",
      "definition": "do without or cease to hold or adhere to",
      "onyms": [
        "dispense_with",
        "kick",
        "forgo",
        "foreswear",
        "give_up",
        "waive",
        "relinquish",
        "forego"
      ]
    }
  }
}