{
  "average_link": {
    "score": 0.42612223823865253,
    "time": 0.0002143383026123047,
    "start_wsp": {
      "name": "abandon.v.5",
      "definition": "stop maintaining or insisting on; of ideas or claims",
      "onyms": [
        "give_up",
        "abandon"
      ]
    },
    "end_wsp": {
      "name": "wildness.n.0",
      "definition": "a feeling of extreme emotional intensity",
      "onyms": [
        "abandon",
        "passionateness",
        "wildness",
        "passion"
      ]
    }
  },
  "average_vector": {
    "score": 1.0,
    "time": 1.3121092319488525,
    "start_wsp": {
      "name": "abandon.n.1",
      "definition": "a feeling of extreme emotional intensity",
      "onyms": [
        "abandon",
        "passionateness",
        "wildness",
        "passion"
      ]
    },
    "end_wsp": {
      "name": "wildness.n.0",
      "definition": "a feeling of extreme emotional intensity",
      "onyms": [
        "abandon",
        "passionateness",
        "wildness",
        "passion"
      ]
    }
  },
  "complete_link": {
    "score": 0.14160077273845673,
    "time": 0.00021338462829589844,
    "start_wsp": {
      "name": "abandon.n.0",
      "definition": "the trait of lacking restraint or control; reckless freedom from inhibition or worry",
      "onyms": [
        "wantonness",
        "unrestraint",
        "abandon",
        "unconstraint"
      ]
    },
    "end_wsp": {
      "name": "wildness.n.3",
      "definition": "an intractably barbarous or uncultivated state of nature",
      "onyms": [
        "intractability",
        "intractableness",
        "wildness"
      ]
    }
  },
  "single_link": {
    "score": 1.0,
    "time": 0.00020384788513183594,
    "start_wsp": {
      "name": "abandon.n.0",
      "definition": "the trait of lacking restraint or control; reckless freedom from inhibition or worry",
      "onyms": [
        "wantonness",
        "unrestraint",
        "abandon",
        "unconstraint"
      ]
    },
    "end_wsp": {
      "name": "wildness.n.0",
      "definition": "a feeling of extreme emotional intensity",
      "onyms": [
        "abandon",
        "passionateness",
        "wildness",
        "passion"
      ]
    }
  },
  "total_vector": {
    "score": 0.9999999403953552,
    "time": 1.3027777671813965,
    "start_wsp": {
      "name": "abandon.n.1",
      "definition": "a feeling of extreme emotional intensity",
      "onyms": [
        "abandon",
        "passionateness",
        "wildness",
        "passion"
      ]
    },
    "end_wsp": {
      "name": "wildness.n.0",
      "definition": "a feeling of extreme emotional intensity",
      "onyms": [
        "abandon",
        "passionateness",
        "wildness",
        "passion"
      ]
    }
  }
}