{
  "average_link": {
    "score": 0.3426215574145317,
    "time": 5.269050598144531e-05,
    "start_wsp": {
      "name": "actuating.s.2",
      "definition": "causing motion or action or change",
      "onyms": [
        "actuating",
        "activating"
      ]
    },
    "end_wsp": {
      "name": "activating.s.6",
      "definition": "causing motion or action or change",
      "onyms": [
        "actuating",
        "activating"
      ]
    }
  },
  "average_vector": {
    "score": 1.0,
    "time": 1.3188681602478027,
    "start_wsp": {
      "name": "actuating.v.0",
      "definition": "put in motion or move to act",
      "onyms": [
        "pioneer",
        "activate",
        "actuate",
        "trip",
        "set_off",
        "spark_off",
        "spark",
        "touch_off",
        "initiate",
        "trigger",
        "trigger_off"
      ]
    },
    "end_wsp": {
      "name": "activating.v.1",
      "definition": "put in motion or move to act",
      "onyms": [
        "pioneer",
        "activate",
        "actuate",
        "trip",
        "set_off",
        "spark_off",
        "spark",
        "touch_off",
        "initiate",
        "trigger",
        "trigger_off"
      ]
    }
  },
  "complete_link": {
    "score": 0.37048622965812683,
    "time": 5.1975250244140625e-05,
    "start_wsp": {
      "name": "actuating.s.2",
      "definition": "causing motion or action or change",
      "onyms": [
        "actuating",
        "activating"
      ]
    },
    "end_wsp": {
      "name": "activating.s.6",
      "definition": "causing motion or action or change",
      "onyms": [
        "actuating",
        "activating"
      ]
    }
  },
  "single_link": {
    "score": 1.0,
    "time": 4.673004150390625e-05,
    "start_wsp": {
      "name": "actuating.v.0",
      "definition": "put in motion or move to act",
      "onyms": [
        "pioneer",
        "activate",
        "actuate",
        "trip",
        "set_off",
        "spark_off",
        "spark",
        "touch_off",
        "initiate",
        "trigger",
        "trigger_off"
      ]
    },
    "end_wsp": {
      "name": "activating.v.1",
      "definition": "put in motion or move to act",
      "onyms": [
        "pioneer",
        "activate",
        "actuate",
        "trip",
        "set_off",
        "spark_off",
        "spark",
        "touch_off",
        "initiate",
        "trigger",
        "trigger_off"
      ]
    }
  },
  "total_vector": {
    "score": 1.0,
    "time": 1.3074533939361572,
    "start_wsp": {
      "name": "actuating.v.0",
      "definition": "put in motion or move to act",
      "onyms": [
        "pioneer",
        "activate",
        "actuate",
        "trip",
        "set_off",
        "spark_off",
        "spark",
        "touch_off",
        "initiate",
        "trigger",
        "trigger_off"
      ]
    },
    "end_wsp": {
      "name": "activating.v.1",
      "definition": "put in motion or move to act",
      "onyms": [
        "pioneer",
        "activate",
        "actuate",
        "trip",
        "set_off",
        "spark_off",
        "spark",
        "touch_off",
        "initiate",
        "trigger",
        "trigger_off"
      ]
    }
  }
}