{
  "average_link": {
    "score": 0.1508609801530838,
    "time": 0.000102996826171875,
    "start_wsp": {
      "name": "admonish.v.1",
      "definition": "warn strongly; put on guard",
      "onyms": [
        "warn",
        "admonish",
        "caution",
        "monish"
      ]
    },
    "end_wsp": {
      "name": "warn.v.3",
      "definition": "notify, usually in advance",
      "onyms": [
        "inform",
        "warn"
      ]
    }
  },
  "average_vector": {
    "score": 0.9999999403953552,
    "time": 1.2992122173309326,
    "start_wsp": {
      "name": "admonish.v.0",
      "definition": "admonish or counsel in terms of someone's behavior",
      "onyms": [
        "rede",
        "discourage",
        "warn",
        "admonish",
        "advise",
        "counsel",
        "monish"
      ]
    },
    "end_wsp": {
      "name": "warn.v.1",
      "definition": "admonish or counsel in terms of someone's behavior",
      "onyms": [
        "rede",
        "discourage",
        "warn",
        "admonish",
        "advise",
        "counsel",
        "monish"
      ]
    }
  },
  "complete_link": {
    "score": 0.12483125925064087,
    "time": 9.942054748535156e-05,
    "start_wsp": {
      "name": "admonish.v.2",
      "definition": "take to task",
      "onyms": [
        "reprove",
        "criticize",
        "criticise",
        "pick_apart",
        "knock",
        "admonish"
      ]
    },
    "end_wsp": {
      "name": "warn.v.3",
      "definition": "notify, usually in advance",
      "onyms": [
        "inform",
        "warn"
      ]
    }
  },
  "single_link": {
    "score": 1.0,
    "time": 9.632110595703125e-05,
    "start_wsp": {
      "name": "admonish.v.0",
      "definition": "admonish or counsel in terms of someone's behavior",
      "onyms": [
        "rede",
        "discourage",
        "warn",
        "admonish",
        "advise",
        "counsel",
        "monish"
      ]
    },
    "end_wsp": {
      "name": "warn.v.0",
      "definition": "notify of danger, potential harm, or risk",
      "onyms": [
        "previse",
        "alert",
        "threaten",
        "caution",
        "inform",
        "alarm",
        "admonish",
        "forewarn",
        "monish",
        "warn"
      ]
    }
  },
  "total_vector": {
    "score": 0.9999999403953552,
    "time": 1.3096003532409668,
    "start_wsp": {
      "name": "admonish.v.0",
      "definition": "admonish or counsel in terms of someone's behavior",
      "onyms": [
        "rede",
        "discourage",
        "warn",
        "admonish",
        "advise",
        "counsel",
        "monish"
      ]
    },
    "end_wsp": {
      "name": "warn.v.1",
      "definition": "admonish or counsel in terms of someone's behavior",
      "onyms": [
        "rede",
        "discourage",
        "warn",
        "admonish",
        "advise",
        "counsel",
        "monish"
      ]
    }
  }
}