{
  "average_link": {
    "score": 0.1526053481631809,
    "time": 0.0003361701965332031,
    "start_wsp": {
      "name": "aids.n.0",
      "definition": "a serious (often fatal) disease of the immune system transmitted through blood products especially by sexual contact or contaminated needles",
      "onyms": [
        "acquired_immune_deficiency_syndrome",
        "infectious_disease",
        "AIDS",
        "immunodeficiency"
      ]
    },
    "end_wsp": {
      "name": "virus.n.2",
      "definition": "a software program capable of reproducing itself and usually capable of causing great harm to files or other programs on the same computer",
      "onyms": [
        "virus",
        "computer_virus",
        "malevolent_program"
      ]
    }
  },
  "average_vector": {
    "score": 0.5890933871269226,
    "time": 1.3269493579864502,
    "start_wsp": {
      "name": "aids.n.0",
      "definition": "a serious (often fatal) disease of the immune system transmitted through blood products especially by sexual contact or contaminated needles",
      "onyms": [
        "acquired_immune_deficiency_syndrome",
        "infectious_disease",
        "AIDS",
        "immunodeficiency"
      ]
    },
    "end_wsp": {
      "name": "virus.n.2",
      "definition": "a software program capable of reproducing itself and usually capable of causing great harm to files or other programs on the same computer",
      "onyms": [
        "virus",
        "computer_virus",
        "malevolent_program"
      ]
    }
  },
  "complete_link": {
    "score": 0.4111374318599701,
    "time": 0.00011754035949707031,
    "start_wsp": {
      "name": "aids.n.0",
      "definition": "a serious (often fatal) disease of the immune system transmitted through blood products especially by sexual contact or contaminated needles",
      "onyms": [
        "acquired_immune_deficiency_syndrome",
        "infectious_disease",
        "AIDS",
        "immunodeficiency"
      ]
    },
    "end_wsp": {
      "name": "virus.n.2",
      "definition": "a software program capable of reproducing itself and usually capable of causing great harm to files or other programs on the same computer",
      "onyms": [
        "virus",
        "computer_virus",
        "malevolent_program"
      ]
    }
  },
  "single_link": {
    "score": 0.558225691318512,
    "time": 0.00010967254638671875,
    "start_wsp": {
      "name": "aids.n.0",
      "definition": "a serious (often fatal) disease of the immune system transmitted through blood products especially by sexual contact or contaminated needles",
      "onyms": [
        "acquired_immune_deficiency_syndrome",
        "infectious_disease",
        "AIDS",
        "immunodeficiency"
      ]
    },
    "end_wsp": {
      "name": "virus.n.0",
      "definition": "(virology) ultramicroscopic infectious agent that replicates itself only within cells of living hosts; many are pathogenic; a piece of nucleic acid (DNA or RNA) wrapped in a thin coat of protein",
      "onyms": [
        "infectious_agent",
        "infective_agent",
        "phage",
        "bacteriophage",
        "plant_virus",
        "vector",
        "slow_virus",
        "tumor_virus",
        "animal_virus",
        "micro-organism",
        "virus",
        "arbovirus",
        "arborvirus",
        "microorganism"
      ]
    }
  },
  "total_vector": {
    "score": 0.5890933871269226,
    "time": 1.6769134998321533,
    "start_wsp": {
      "name": "aids.n.0",
      "definition": "a serious (often fatal) disease of the immune system transmitted through blood products especially by sexual contact or contaminated needles",
      "onyms": [
        "acquired_immune_deficiency_syndrome",
        "infectious_disease",
        "AIDS",
        "immunodeficiency"
      ]
    },
    "end_wsp": {
      "name": "virus.n.2",
      "definition": "a software program capable of reproducing itself and usually capable of causing great harm to files or other programs on the same computer",
      "onyms": [
        "virus",
        "computer_virus",
        "malevolent_program"
      ]
    }
  }
}