{
  "average_link": {
    "score": 0.03567029476916003,
    "time": 0.00012993812561035156,
    "start_wsp": {
      "name": "amplified.v.0",
      "definition": "increase in size, volume or significance",
      "onyms": [
        "amplify",
        "enlarge",
        "magnify"
      ]
    },
    "end_wsp": {
      "name": "louder.s.1",
      "definition": "tastelessly showy",
      "onyms": [
        "flash",
        "loud",
        "cheap",
        "meretricious",
        "gimcrack",
        "gaudy",
        "tacky",
        "tawdry",
        "garish",
        "flashy",
        "brassy",
        "tatty",
        "trashy"
      ]
    }
  },
  "average_vector": {
    "score": 0.47051796317100525,
    "time": 1.403963327407837,
    "start_wsp": {
      "name": "amplified.v.1",
      "definition": "to enlarge beyond bounds or the truth",
      "onyms": [
        "magnify",
        "embellish",
        "overstress",
        "hyperbolize",
        "embroider",
        "swash",
        "gasconade",
        "lard",
        "bluster",
        "blow",
        "blow_up",
        "overemphasise",
        "gas",
        "dramatise",
        "mislead",
        "aggrandise",
        "amplify",
        "overstate",
        "overdraw",
        "shoot_a_line",
        "overemphasize",
        "brag",
        "misinform",
        "pad",
        "exaggerate",
        "tout",
        "dramatize",
        "aggrandize",
        "hyperbolise",
        "vaunt",
        "boast"
      ]
    },
    "end_wsp": {
      "name": "louder.s.1",
      "definition": "tastelessly showy",
      "onyms": [
        "flash",
        "loud",
        "cheap",
        "meretricious",
        "gimcrack",
        "gaudy",
        "tacky",
        "tawdry",
        "garish",
        "flashy",
        "brassy",
        "tatty",
        "trashy"
      ]
    }
  },
  "complete_link": {
    "score": 0.023735499009490013,
    "time": 0.00012803077697753906,
    "start_wsp": {
      "name": "amplified.v.1",
      "definition": "to enlarge beyond bounds or the truth",
      "onyms": [
        "magnify",
        "embellish",
        "overstress",
        "hyperbolize",
        "embroider",
        "swash",
        "gasconade",
        "lard",
        "bluster",
        "blow",
        "blow_up",
        "overemphasise",
        "gas",
        "dramatise",
        "mislead",
        "aggrandise",
        "amplify",
        "overstate",
        "overdraw",
        "shoot_a_line",
        "overemphasize",
        "brag",
        "misinform",
        "pad",
        "exaggerate",
        "tout",
        "dramatize",
        "aggrandize",
        "hyperbolise",
        "vaunt",
        "boast"
      ]
    },
    "end_wsp": {
      "name": "louder.a.0",
      "definition": "characterized by or producing sound of great volume or intensity",
      "onyms": [
        "loud"
      ]
    }
  },
  "single_link": {
    "score": 0.44758710265159607,
    "time": 0.00012421607971191406,
    "start_wsp": {
      "name": "amplified.v.1",
      "definition": "to enlarge beyond bounds or the truth",
      "onyms": [
        "magnify",
        "embellish",
        "overstress",
        "hyperbolize",
        "embroider",
        "swash",
        "gasconade",
        "lard",
        "bluster",
        "blow",
        "blow_up",
        "overemphasise",
        "gas",
        "dramatise",
        "mislead",
        "aggrandise",
        "amplify",
        "overstate",
        "overdraw",
        "shoot_a_line",
        "overemphasize",
        "brag",
        "misinform",
        "pad",
        "exaggerate",
        "tout",
        "dramatize",
        "aggrandize",
        "hyperbolise",
        "vaunt",
        "boast"
      ]
    },
    "end_wsp": {
      "name": "louder.s.1",
      "definition": "tastelessly showy",
      "onyms": [
        "flash",
        "loud",
        "cheap",
        "meretricious",
        "gimcrack",
        "gaudy",
        "tacky",
        "tawdry",
        "garish",
        "flashy",
        "brassy",
        "tatty",
        "trashy"
      ]
    }
  },
  "total_vector": {
    "score": 0.47051799297332764,
    "time": 1.4285125732421875,
    "start_wsp": {
      "name": "amplified.v.1",
      "definition": "to enlarge beyond bounds or the truth",
      "onyms": [
        "magnify",
        "embellish",
        "overstress",
        "hyperbolize",
        "embroider",
        "swash",
        "gasconade",
        "lard",
        "bluster",
        "blow",
        "blow_up",
        "overemphasise",
        "gas",
        "dramatise",
        "mislead",
        "aggrandise",
        "amplify",
        "overstate",
        "overdraw",
        "shoot_a_line",
        "overemphasize",
        "brag",
        "misinform",
        "pad",
        "exaggerate",
        "tout",
        "dramatize",
        "aggrandize",
        "hyperbolise",
        "vaunt",
        "boast"
      ]
    },
    "end_wsp": {
      "name": "louder.s.1",
      "definition": "tastelessly showy",
      "onyms": [
        "flash",
        "loud",
        "cheap",
        "meretricious",
        "gimcrack",
        "gaudy",
        "tacky",
        "tawdry",
        "garish",
        "flashy",
        "brassy",
        "tatty",
        "trashy"
      ]
    }
  }
}