{
  "average_link": {
    "score": 0.15121049571920325,
    "time": 0.0002586841583251953,
    "start_wsp": {
      "name": "announced.v.2",
      "definition": "give the names of",
      "onyms": [
        "name",
        "announce",
        "identify"
      ]
    },
    "end_wsp": {
      "name": "announce.v.2",
      "definition": "give the names of",
      "onyms": [
        "name",
        "announce",
        "identify"
      ]
    }
  },
  "average_vector": {
    "score": 1.0,
    "time": 31.028290033340454,
    "start_wsp": {
      "name": "announced.v.0",
      "definition": "make known; make an announcement",
      "onyms": [
        "sound",
        "publicise",
        "denote",
        "call_out",
        "meld",
        "report",
        "post",
        "blazon_out",
        "announce",
        "advertize",
        "blare_out",
        "cry",
        "trump",
        "publicize",
        "inform",
        "denounce",
        "trump_out",
        "advertise",
        "blat_out"
      ]
    },
    "end_wsp": {
      "name": "announce.v.0",
      "definition": "make known; make an announcement",
      "onyms": [
        "sound",
        "publicise",
        "denote",
        "call_out",
        "meld",
        "report",
        "post",
        "blazon_out",
        "announce",
        "advertize",
        "blare_out",
        "cry",
        "trump",
        "publicize",
        "inform",
        "denounce",
        "trump_out",
        "advertise",
        "blat_out"
      ]
    }
  },
  "complete_link": {
    "score": 0.15035229921340942,
    "time": 0.00019407272338867188,
    "start_wsp": {
      "name": "announced.v.2",
      "definition": "give the names of",
      "onyms": [
        "name",
        "announce",
        "identify"
      ]
    },
    "end_wsp": {
      "name": "announce.v.2",
      "definition": "give the names of",
      "onyms": [
        "name",
        "announce",
        "identify"
      ]
    }
  },
  "single_link": {
    "score": 1.0,
    "time": 0.00017452239990234375,
    "start_wsp": {
      "name": "announced.v.0",
      "definition": "make known; make an announcement",
      "onyms": [
        "sound",
        "publicise",
        "denote",
        "call_out",
        "meld",
        "report",
        "post",
        "blazon_out",
        "announce",
        "advertize",
        "blare_out",
        "cry",
        "trump",
        "publicize",
        "inform",
        "denounce",
        "trump_out",
        "advertise",
        "blat_out"
      ]
    },
    "end_wsp": {
      "name": "announce.v.0",
      "definition": "make known; make an announcement",
      "onyms": [
        "sound",
        "publicise",
        "denote",
        "call_out",
        "meld",
        "report",
        "post",
        "blazon_out",
        "announce",
        "advertize",
        "blare_out",
        "cry",
        "trump",
        "publicize",
        "inform",
        "denounce",
        "trump_out",
        "advertise",
        "blat_out"
      ]
    }
  },
  "total_vector": {
    "score": 1.0,
    "time": 16.454001426696777,
    "start_wsp": {
      "name": "announced.v.0",
      "definition": "make known; make an announcement",
      "onyms": [
        "sound",
        "publicise",
        "denote",
        "call_out",
        "meld",
        "report",
        "post",
        "blazon_out",
        "announce",
        "advertize",
        "blare_out",
        "cry",
        "trump",
        "publicize",
        "inform",
        "denounce",
        "trump_out",
        "advertise",
        "blat_out"
      ]
    },
    "end_wsp": {
      "name": "announce.v.0",
      "definition": "make known; make an announcement",
      "onyms": [
        "sound",
        "publicise",
        "denote",
        "call_out",
        "meld",
        "report",
        "post",
        "blazon_out",
        "announce",
        "advertize",
        "blare_out",
        "cry",
        "trump",
        "publicize",
        "inform",
        "denounce",
        "trump_out",
        "advertise",
        "blat_out"
      ]
    }
  }
}