{
  "average_link": {
    "score": 0.117773094214499,
    "time": 0.0002589225769042969,
    "start_wsp": {
      "name": "appreciation.n.2",
      "definition": "an expression of gratitude",
      "onyms": [
        "thanks",
        "appreciation"
      ]
    },
    "end_wsp": {
      "name": "admiration.n.1",
      "definition": "the feeling aroused by something strange and surprising",
      "onyms": [
        "admiration",
        "awe",
        "astonishment",
        "wonderment",
        "amazement",
        "wonder"
      ]
    }
  },
  "average_vector": {
    "score": 1.0,
    "time": 1.3190958499908447,
    "start_wsp": {
      "name": "appreciation.n.3",
      "definition": "a favorable judgment",
      "onyms": [
        "idolisation",
        "admiration",
        "idealization",
        "idolization",
        "blessing",
        "approving",
        "approval",
        "appreciation",
        "glorification",
        "adoration",
        "idealisation"
      ]
    },
    "end_wsp": {
      "name": "admiration.n.2",
      "definition": "a favorable judgment",
      "onyms": [
        "idolisation",
        "admiration",
        "idealization",
        "idolization",
        "blessing",
        "approving",
        "approval",
        "appreciation",
        "glorification",
        "adoration",
        "idealisation"
      ]
    }
  },
  "complete_link": {
    "score": 0.0780956894159317,
    "time": 0.0002510547637939453,
    "start_wsp": {
      "name": "appreciation.n.2",
      "definition": "an expression of gratitude",
      "onyms": [
        "thanks",
        "appreciation"
      ]
    },
    "end_wsp": {
      "name": "admiration.n.1",
      "definition": "the feeling aroused by something strange and surprising",
      "onyms": [
        "admiration",
        "awe",
        "astonishment",
        "wonderment",
        "amazement",
        "wonder"
      ]
    }
  },
  "single_link": {
    "score": 1.0,
    "time": 0.0002503395080566406,
    "start_wsp": {
      "name": "appreciation.n.0",
      "definition": "understanding of the nature or meaning or quality or magnitude of something",
      "onyms": [
        "grasp",
        "savvy",
        "understanding",
        "appreciation",
        "hold",
        "sense",
        "apprehension",
        "discernment"
      ]
    },
    "end_wsp": {
      "name": "admiration.n.2",
      "definition": "a favorable judgment",
      "onyms": [
        "idolisation",
        "admiration",
        "idealization",
        "idolization",
        "blessing",
        "approving",
        "approval",
        "appreciation",
        "glorification",
        "adoration",
        "idealisation"
      ]
    }
  },
  "total_vector": {
    "score": 0.9999999403953552,
    "time": 1.3327479362487793,
    "start_wsp": {
      "name": "appreciation.n.3",
      "definition": "a favorable judgment",
      "onyms": [
        "idolisation",
        "admiration",
        "idealization",
        "idolization",
        "blessing",
        "approving",
        "approval",
        "appreciation",
        "glorification",
        "adoration",
        "idealisation"
      ]
    },
    "end_wsp": {
      "name": "admiration.n.2",
      "definition": "a favorable judgment",
      "onyms": [
        "idolisation",
        "admiration",
        "idealization",
        "idolization",
        "blessing",
        "approving",
        "approval",
        "appreciation",
        "glorification",
        "adoration",
        "idealisation"
      ]
    }
  }
}