{
  "average_link": {
    "score": 0.05577682238072157,
    "time": 3.1948089599609375e-05,
    "start_wsp": {
      "name": "appraising.s.2",
      "definition": "exercising or involving careful evaluations",
      "onyms": [
        "evaluative",
        "appraising"
      ]
    },
    "end_wsp": {
      "name": "legal.s.2",
      "definition": "having legal efficacy or force",
      "onyms": [
        "sound",
        "legal",
        "effectual"
      ]
    }
  },
  "average_vector": {
    "score": 0.21554896235466003,
    "time": 1.4136691093444824,
    "start_wsp": {
      "name": "appraising.s.2",
      "definition": "exercising or involving careful evaluations",
      "onyms": [
        "evaluative",
        "appraising"
      ]
    },
    "end_wsp": {
      "name": "legal.s.2",
      "definition": "having legal efficacy or force",
      "onyms": [
        "sound",
        "legal",
        "effectual"
      ]
    }
  },
  "complete_link": {
    "score": 0.1026158481836319,
    "time": 3.170967102050781e-05,
    "start_wsp": {
      "name": "appraising.s.2",
      "definition": "exercising or involving careful evaluations",
      "onyms": [
        "evaluative",
        "appraising"
      ]
    },
    "end_wsp": {
      "name": "legal.a.0",
      "definition": "established by or founded upon law or official or accepted rules",
      "onyms": [
        "legal"
      ]
    }
  },
  "single_link": {
    "score": 0.29611602425575256,
    "time": 3.0279159545898438e-05,
    "start_wsp": {
      "name": "appraising.v.0",
      "definition": "evaluate or estimate the nature, quality, ability, extent, or significance of",
      "onyms": [
        "appraise",
        "censor",
        "pass_judgment",
        "standardize",
        "evaluate",
        "assess",
        "praise",
        "reevaluate",
        "grade",
        "standardise",
        "measure",
        "rate",
        "mark",
        "judge",
        "score",
        "reassess",
        "valuate",
        "value"
      ]
    },
    "end_wsp": {
      "name": "legal.a.0",
      "definition": "established by or founded upon law or official or accepted rules",
      "onyms": [
        "legal"
      ]
    }
  },
  "total_vector": {
    "score": 0.21554896235466003,
    "time": 1.415980577468872,
    "start_wsp": {
      "name": "appraising.s.2",
      "definition": "exercising or involving careful evaluations",
      "onyms": [
        "evaluative",
        "appraising"
      ]
    },
    "end_wsp": {
      "name": "legal.s.2",
      "definition": "having legal efficacy or force",
      "onyms": [
        "sound",
        "legal",
        "effectual"
      ]
    }
  }
}