{
  "average_link": {
    "score": 0.06835402256498734,
    "time": 0.0002636909484863281,
    "start_wsp": {
      "name": "apron.n.1",
      "definition": "(golf) the part of the fairway leading onto the green",
      "onyms": [
        "land_site",
        "site",
        "apron",
        "fairway"
      ]
    },
    "end_wsp": {
      "name": "site.n.2",
      "definition": "a computer connected to the internet that maintains a series of web pages on the World Wide Web",
      "onyms": [
        "computing_device",
        "internet_site",
        "chatroom",
        "electronic_computer",
        "computing_machine",
        "web_site",
        "computer",
        "portal",
        "information_processing_system",
        "portal_site",
        "data_processor",
        "website",
        "chat_room",
        "site"
      ]
    }
  },
  "average_vector": {
    "score": 0.6246498227119446,
    "time": 2.6703295707702637,
    "start_wsp": {
      "name": "apron.n.1",
      "definition": "(golf) the part of the fairway leading onto the green",
      "onyms": [
        "land_site",
        "site",
        "apron",
        "fairway"
      ]
    },
    "end_wsp": {
      "name": "site.n.0",
      "definition": "the piece of land on which something is located (or is to be located)",
      "onyms": [
        "burial_ground",
        "putting_green",
        "graveyard",
        "teeing_ground",
        "excavation",
        "fairway",
        "rough",
        "land_site",
        "camping_site",
        "bivouac",
        "tract",
        "campground",
        "toxic_waste_area",
        "necropolis",
        "monument",
        "ground_zero",
        "bomb_site",
        "camping_area",
        "parcel_of_land",
        "garbage_dump",
        "encampment",
        "campsite",
        "trash_dump",
        "Superfund_site",
        "burial_site",
        "green",
        "putting_surface",
        "dumpsite",
        "parcel",
        "dig",
        "piece_of_land",
        "toxic_site",
        "dump",
        "camping_ground",
        "apron",
        "archeological_site",
        "piece_of_ground",
        "burying_ground",
        "camp",
        "summer_camp",
        "rubbish_dump",
        "launching_site",
        "waste-yard",
        "wasteyard",
        "premises",
        "memorial_park",
        "tee",
        "cemetery",
        "site",
        "Lateran"
      ]
    }
  },
  "complete_link": {
    "score": -0.003185730427503586,
    "time": 0.00025081634521484375,
    "start_wsp": {
      "name": "apron.n.1",
      "definition": "(golf) the part of the fairway leading onto the green",
      "onyms": [
        "land_site",
        "site",
        "apron",
        "fairway"
      ]
    },
    "end_wsp": {
      "name": "site.n.0",
      "definition": "the piece of land on which something is located (or is to be located)",
      "onyms": [
        "burial_ground",
        "putting_green",
        "graveyard",
        "teeing_ground",
        "excavation",
        "fairway",
        "rough",
        "land_site",
        "camping_site",
        "bivouac",
        "tract",
        "campground",
        "toxic_waste_area",
        "necropolis",
        "monument",
        "ground_zero",
        "bomb_site",
        "camping_area",
        "parcel_of_land",
        "garbage_dump",
        "encampment",
        "campsite",
        "trash_dump",
        "Superfund_site",
        "burial_site",
        "green",
        "putting_surface",
        "dumpsite",
        "parcel",
        "dig",
        "piece_of_land",
        "toxic_site",
        "dump",
        "camping_ground",
        "apron",
        "archeological_site",
        "piece_of_ground",
        "burying_ground",
        "camp",
        "summer_camp",
        "rubbish_dump",
        "launching_site",
        "waste-yard",
        "wasteyard",
        "premises",
        "memorial_park",
        "tee",
        "cemetery",
        "site",
        "Lateran"
      ]
    }
  },
  "single_link": {
    "score": 1.0,
    "time": 0.00023818016052246094,
    "start_wsp": {
      "name": "apron.n.0",
      "definition": "a garment of cloth or leather or plastic that is tied about the waist and worn to protect your clothing",
      "onyms": [
        "apron_string",
        "protective_garment",
        "bib",
        "apron"
      ]
    },
    "end_wsp": {
      "name": "site.n.0",
      "definition": "the piece of land on which something is located (or is to be located)",
      "onyms": [
        "burial_ground",
        "putting_green",
        "graveyard",
        "teeing_ground",
        "excavation",
        "fairway",
        "rough",
        "land_site",
        "camping_site",
        "bivouac",
        "tract",
        "campground",
        "toxic_waste_area",
        "necropolis",
        "monument",
        "ground_zero",
        "bomb_site",
        "camping_area",
        "parcel_of_land",
        "garbage_dump",
        "encampment",
        "campsite",
        "trash_dump",
        "Superfund_site",
        "burial_site",
        "green",
        "putting_surface",
        "dumpsite",
        "parcel",
        "dig",
        "piece_of_land",
        "toxic_site",
        "dump",
        "camping_ground",
        "apron",
        "archeological_site",
        "piece_of_ground",
        "burying_ground",
        "camp",
        "summer_camp",
        "rubbish_dump",
        "launching_site",
        "waste-yard",
        "wasteyard",
        "premises",
        "memorial_park",
        "tee",
        "cemetery",
        "site",
        "Lateran"
      ]
    }
  },
  "total_vector": {
    "score": 0.6246497631072998,
    "time": 2.9610190391540527,
    "start_wsp": {
      "name": "apron.n.1",
      "definition": "(golf) the part of the fairway leading onto the green",
      "onyms": [
        "land_site",
        "site",
        "apron",
        "fairway"
      ]
    },
    "end_wsp": {
      "name": "site.n.0",
      "definition": "the piece of land on which something is located (or is to be located)",
      "onyms": [
        "burial_ground",
        "putting_green",
        "graveyard",
        "teeing_ground",
        "excavation",
        "fairway",
        "rough",
        "land_site",
        "camping_site",
        "bivouac",
        "tract",
        "campground",
        "toxic_waste_area",
        "necropolis",
        "monument",
        "ground_zero",
        "bomb_site",
        "camping_area",
        "parcel_of_land",
        "garbage_dump",
        "encampment",
        "campsite",
        "trash_dump",
        "Superfund_site",
        "burial_site",
        "green",
        "putting_surface",
        "dumpsite",
        "parcel",
        "dig",
        "piece_of_land",
        "toxic_site",
        "dump",
        "camping_ground",
        "apron",
        "archeological_site",
        "piece_of_ground",
        "burying_ground",
        "camp",
        "summer_camp",
        "rubbish_dump",
        "launching_site",
        "waste-yard",
        "wasteyard",
        "premises",
        "memorial_park",
        "tee",
        "cemetery",
        "site",
        "Lateran"
      ]
    }
  }
}