{
  "average_link": {
    "score": 0.23968846770003438,
    "time": 1.52587890625e-05,
    "start_wsp": {
      "name": "auricular.a.1",
      "definition": "relating to or perceived by or shaped like the organ of hearing; - George Santayana",
      "onyms": [
        "auricular"
      ]
    },
    "end_wsp": {
      "name": "hearing.n.5",
      "definition": "the ability to hear; the auditory faculty",
      "onyms": [
        "ear",
        "perfect_pitch",
        "audition",
        "absolute_pitch",
        "hearing",
        "sense_of_hearing",
        "sense_modality",
        "modality",
        "exteroception",
        "sensory_system",
        "auditory_modality",
        "auditory_sense"
      ]
    }
  },
  "average_vector": {
    "score": 0.39657342433929443,
    "time": 5.421784162521362,
    "start_wsp": {
      "name": "auricular.a.1",
      "definition": "relating to or perceived by or shaped like the organ of hearing; - George Santayana",
      "onyms": [
        "auricular"
      ]
    },
    "end_wsp": {
      "name": "hearing.n.5",
      "definition": "the ability to hear; the auditory faculty",
      "onyms": [
        "ear",
        "perfect_pitch",
        "audition",
        "absolute_pitch",
        "hearing",
        "sense_of_hearing",
        "sense_modality",
        "modality",
        "exteroception",
        "sensory_system",
        "auditory_modality",
        "auditory_sense"
      ]
    }
  },
  "complete_link": {
    "score": 0.14215026795864105,
    "time": 1.3828277587890625e-05,
    "start_wsp": {
      "name": "auricular.a.1",
      "definition": "relating to or perceived by or shaped like the organ of hearing; - George Santayana",
      "onyms": [
        "auricular"
      ]
    },
    "end_wsp": {
      "name": "hearing.a.11",
      "definition": "able to perceive sound",
      "onyms": [
        "hearing"
      ]
    }
  },
  "single_link": {
    "score": 0.4507177472114563,
    "time": 1.4543533325195312e-05,
    "start_wsp": {
      "name": "auricular.a.0",
      "definition": "of or relating to near the ear",
      "onyms": [
        "otic",
        "auricular"
      ]
    },
    "end_wsp": {
      "name": "hearing.n.3",
      "definition": "the act of hearing attentively",
      "onyms": [
        "auscultation",
        "perception",
        "listening",
        "hearing",
        "sensing",
        "rehearing",
        "relistening"
      ]
    }
  },
  "total_vector": {
    "score": 0.39657342433929443,
    "time": 5.452008962631226,
    "start_wsp": {
      "name": "auricular.a.1",
      "definition": "relating to or perceived by or shaped like the organ of hearing; - George Santayana",
      "onyms": [
        "auricular"
      ]
    },
    "end_wsp": {
      "name": "hearing.n.5",
      "definition": "the ability to hear; the auditory faculty",
      "onyms": [
        "ear",
        "perfect_pitch",
        "audition",
        "absolute_pitch",
        "hearing",
        "sense_of_hearing",
        "sense_modality",
        "modality",
        "exteroception",
        "sensory_system",
        "auditory_modality",
        "auditory_sense"
      ]
    }
  }
}