{
  "average_link": {
    "score": 0.03800498486962169,
    "time": 0.00021791458129882812,
    "start_wsp": {
      "name": "bailey.n.1",
      "definition": "English lexicographer who was the first to treat etymology consistently; his work was used as a reference by Samuel Johnson (died in 1742)",
      "onyms": [
        "Nathan_Bailey",
        "lexicographer",
        "lexicologist",
        "Bailey",
        "Nathaniel_Bailey"
      ]
    },
    "end_wsp": {
      "name": "us.n.3",
      "definition": "the 21st letter of the Roman alphabet",
      "onyms": [
        "alphabetic_character",
        "letter_of_the_alphabet",
        "Roman_alphabet",
        "Latin_alphabet",
        "u",
        "letter",
        "U"
      ]
    }
  },
  "average_vector": {
    "score": 0.23603370785713196,
    "time": 1.3268113136291504,
    "start_wsp": {
      "name": "bailey.n.1",
      "definition": "English lexicographer who was the first to treat etymology consistently; his work was used as a reference by Samuel Johnson (died in 1742)",
      "onyms": [
        "Nathan_Bailey",
        "lexicographer",
        "lexicologist",
        "Bailey",
        "Nathaniel_Bailey"
      ]
    },
    "end_wsp": {
      "name": "us.n.3",
      "definition": "the 21st letter of the Roman alphabet",
      "onyms": [
        "alphabetic_character",
        "letter_of_the_alphabet",
        "Roman_alphabet",
        "Latin_alphabet",
        "u",
        "letter",
        "U"
      ]
    }
  },
  "complete_link": {
    "score": -0.002606973284855485,
    "time": 0.00022649765014648438,
    "start_wsp": {
      "name": "bailey.n.2",
      "definition": "the outer courtyard of a castle",
      "onyms": [
        "court",
        "bailey",
        "courtyard"
      ]
    },
    "end_wsp": {
      "name": "us.n.1",
      "definition": "a base containing nitrogen that is found in RNA (but not in DNA) and derived from pyrimidine; pairs with adenine",
      "onyms": [
        "nucleotide",
        "RNA",
        "ribonucleic_acid",
        "uracil",
        "U",
        "base"
      ]
    }
  },
  "single_link": {
    "score": 0.3774721622467041,
    "time": 0.0002117156982421875,
    "start_wsp": {
      "name": "bailey.n.2",
      "definition": "the outer courtyard of a castle",
      "onyms": [
        "court",
        "bailey",
        "courtyard"
      ]
    },
    "end_wsp": {
      "name": "us.n.3",
      "definition": "the 21st letter of the Roman alphabet",
      "onyms": [
        "alphabetic_character",
        "letter_of_the_alphabet",
        "Roman_alphabet",
        "Latin_alphabet",
        "u",
        "letter",
        "U"
      ]
    }
  },
  "total_vector": {
    "score": 0.23603370785713196,
    "time": 1.3242247104644775,
    "start_wsp": {
      "name": "bailey.n.1",
      "definition": "English lexicographer who was the first to treat etymology consistently; his work was used as a reference by Samuel Johnson (died in 1742)",
      "onyms": [
        "Nathan_Bailey",
        "lexicographer",
        "lexicologist",
        "Bailey",
        "Nathaniel_Bailey"
      ]
    },
    "end_wsp": {
      "name": "us.n.3",
      "definition": "the 21st letter of the Roman alphabet",
      "onyms": [
        "alphabetic_character",
        "letter_of_the_alphabet",
        "Roman_alphabet",
        "Latin_alphabet",
        "u",
        "letter",
        "U"
      ]
    }
  }
}