{
  "average_link": {
    "score": 0.16454341914504766,
    "time": 0.00019097328186035156,
    "start_wsp": {
      "name": "baited.v.1",
      "definition": "lure, entice, or entrap with bait",
      "onyms": [
        "tempt",
        "lure",
        "bait",
        "entice"
      ]
    },
    "end_wsp": {
      "name": "bait.v.3",
      "definition": "lure, entice, or entrap with bait",
      "onyms": [
        "tempt",
        "lure",
        "bait",
        "entice"
      ]
    }
  },
  "average_vector": {
    "score": 1.0,
    "time": 1.3123526573181152,
    "start_wsp": {
      "name": "baited.v.1",
      "definition": "lure, entice, or entrap with bait",
      "onyms": [
        "tempt",
        "lure",
        "bait",
        "entice"
      ]
    },
    "end_wsp": {
      "name": "bait.v.3",
      "definition": "lure, entice, or entrap with bait",
      "onyms": [
        "tempt",
        "lure",
        "bait",
        "entice"
      ]
    }
  },
  "complete_link": {
    "score": 0.2791444957256317,
    "time": 0.0001933574676513672,
    "start_wsp": {
      "name": "baited.v.1",
      "definition": "lure, entice, or entrap with bait",
      "onyms": [
        "tempt",
        "lure",
        "bait",
        "entice"
      ]
    },
    "end_wsp": {
      "name": "bait.v.3",
      "definition": "lure, entice, or entrap with bait",
      "onyms": [
        "tempt",
        "lure",
        "bait",
        "entice"
      ]
    }
  },
  "single_link": {
    "score": 1.0000001192092896,
    "time": 0.00017261505126953125,
    "start_wsp": {
      "name": "baited.v.0",
      "definition": "harass with persistent criticism or carping",
      "onyms": [
        "cod",
        "flout",
        "rally",
        "gibe",
        "tantalize",
        "scoff",
        "mock",
        "bemock",
        "barrack",
        "taunt",
        "rag",
        "jolly",
        "tantalise",
        "bait",
        "kid",
        "josh",
        "jeer",
        "tease",
        "chaff",
        "banter",
        "razz",
        "twit",
        "ride"
      ]
    },
    "end_wsp": {
      "name": "bait.v.2",
      "definition": "harass with persistent criticism or carping",
      "onyms": [
        "cod",
        "flout",
        "rally",
        "gibe",
        "tantalize",
        "scoff",
        "mock",
        "bemock",
        "barrack",
        "taunt",
        "rag",
        "jolly",
        "tantalise",
        "bait",
        "kid",
        "josh",
        "jeer",
        "tease",
        "chaff",
        "banter",
        "razz",
        "twit",
        "ride"
      ]
    }
  },
  "total_vector": {
    "score": 1.0,
    "time": 1.3014891147613525,
    "start_wsp": {
      "name": "baited.v.1",
      "definition": "lure, entice, or entrap with bait",
      "onyms": [
        "tempt",
        "lure",
        "bait",
        "entice"
      ]
    },
    "end_wsp": {
      "name": "bait.v.3",
      "definition": "lure, entice, or entrap with bait",
      "onyms": [
        "tempt",
        "lure",
        "bait",
        "entice"
      ]
    }
  }
}