{
  "average_link": {
    "score": 0.10104250004170118,
    "time": 0.00024271011352539062,
    "start_wsp": {
      "name": "baiting.n.0",
      "definition": "harassment especially of a tethered animal",
      "onyms": [
        "molestation",
        "harassment",
        "baiting"
      ]
    },
    "end_wsp": {
      "name": "torment.n.5",
      "definition": "the act of harassing someone",
      "onyms": [
        "worrying",
        "badgering",
        "torment",
        "molestation",
        "bedevilment",
        "harassment"
      ]
    }
  },
  "average_vector": {
    "score": 0.7857242226600647,
    "time": 5.566450119018555,
    "start_wsp": {
      "name": "baiting.n.0",
      "definition": "harassment especially of a tethered animal",
      "onyms": [
        "molestation",
        "harassment",
        "baiting"
      ]
    },
    "end_wsp": {
      "name": "torment.n.5",
      "definition": "the act of harassing someone",
      "onyms": [
        "worrying",
        "badgering",
        "torment",
        "molestation",
        "bedevilment",
        "harassment"
      ]
    }
  },
  "complete_link": {
    "score": 0.06621117889881134,
    "time": 0.00024366378784179688,
    "start_wsp": {
      "name": "baiting.n.0",
      "definition": "harassment especially of a tethered animal",
      "onyms": [
        "molestation",
        "harassment",
        "baiting"
      ]
    },
    "end_wsp": {
      "name": "torment.n.4",
      "definition": "a severe affliction",
      "onyms": [
        "curse",
        "torment",
        "affliction"
      ]
    }
  },
  "single_link": {
    "score": 1.0,
    "time": 0.00024080276489257812,
    "start_wsp": {
      "name": "baiting.n.0",
      "definition": "harassment especially of a tethered animal",
      "onyms": [
        "molestation",
        "harassment",
        "baiting"
      ]
    },
    "end_wsp": {
      "name": "torment.n.3",
      "definition": "a feeling of intense annoyance caused by being tormented",
      "onyms": [
        "torment",
        "vexation",
        "chafe",
        "harassment",
        "annoyance"
      ]
    }
  },
  "total_vector": {
    "score": 0.7857242822647095,
    "time": 5.752573251724243,
    "start_wsp": {
      "name": "baiting.n.0",
      "definition": "harassment especially of a tethered animal",
      "onyms": [
        "molestation",
        "harassment",
        "baiting"
      ]
    },
    "end_wsp": {
      "name": "torment.n.5",
      "definition": "the act of harassing someone",
      "onyms": [
        "worrying",
        "badgering",
        "torment",
        "molestation",
        "bedevilment",
        "harassment"
      ]
    }
  }
}