{
  "average_link": {
    "score": 0.1376297858854135,
    "time": 0.00025534629821777344,
    "start_wsp": {
      "name": "banning.n.0",
      "definition": "an official prohibition or edict against something",
      "onyms": [
        "forbiddance",
        "ban",
        "prohibition",
        "test_ban",
        "banning",
        "forbidding"
      ]
    },
    "end_wsp": {
      "name": "prohibition.n.3",
      "definition": "refusal to approve or assent to",
      "onyms": [
        "forbiddance",
        "ban",
        "prohibition",
        "refusal",
        "banning",
        "forbidding",
        "interdiction"
      ]
    }
  },
  "average_vector": {
    "score": 0.9389011859893799,
    "time": 1.3060832023620605,
    "start_wsp": {
      "name": "banning.n.0",
      "definition": "an official prohibition or edict against something",
      "onyms": [
        "forbiddance",
        "ban",
        "prohibition",
        "test_ban",
        "banning",
        "forbidding"
      ]
    },
    "end_wsp": {
      "name": "prohibition.n.3",
      "definition": "refusal to approve or assent to",
      "onyms": [
        "forbiddance",
        "ban",
        "prohibition",
        "refusal",
        "banning",
        "forbidding",
        "interdiction"
      ]
    }
  },
  "complete_link": {
    "score": 0.2896856665611267,
    "time": 0.00041174888610839844,
    "start_wsp": {
      "name": "banning.n.0",
      "definition": "an official prohibition or edict against something",
      "onyms": [
        "forbiddance",
        "ban",
        "prohibition",
        "test_ban",
        "banning",
        "forbidding"
      ]
    },
    "end_wsp": {
      "name": "prohibition.n.0",
      "definition": "a law forbidding the sale of alcoholic beverages",
      "onyms": [
        "prohibition",
        "law"
      ]
    }
  },
  "single_link": {
    "score": 1.0,
    "time": 0.00022721290588378906,
    "start_wsp": {
      "name": "banning.n.0",
      "definition": "an official prohibition or edict against something",
      "onyms": [
        "forbiddance",
        "ban",
        "prohibition",
        "test_ban",
        "banning",
        "forbidding"
      ]
    },
    "end_wsp": {
      "name": "prohibition.n.0",
      "definition": "a law forbidding the sale of alcoholic beverages",
      "onyms": [
        "prohibition",
        "law"
      ]
    }
  },
  "total_vector": {
    "score": 0.9389011859893799,
    "time": 1.3157355785369873,
    "start_wsp": {
      "name": "banning.n.0",
      "definition": "an official prohibition or edict against something",
      "onyms": [
        "forbiddance",
        "ban",
        "prohibition",
        "test_ban",
        "banning",
        "forbidding"
      ]
    },
    "end_wsp": {
      "name": "prohibition.n.3",
      "definition": "refusal to approve or assent to",
      "onyms": [
        "forbiddance",
        "ban",
        "prohibition",
        "refusal",
        "banning",
        "forbidding",
        "interdiction"
      ]
    }
  }
}