{
  "average_link": {
    "score": 0.1083863414824009,
    "time": 0.00022792816162109375,
    "start_wsp": {
      "name": "banqueting.v.2",
      "definition": "partake in a feast or banquet",
      "onyms": [
        "banquet",
        "feast",
        "junket",
        "eat",
        "wine_and_dine"
      ]
    },
    "end_wsp": {
      "name": "banquet.v.3",
      "definition": "partake in a feast or banquet",
      "onyms": [
        "banquet",
        "feast",
        "junket",
        "eat",
        "wine_and_dine"
      ]
    }
  },
  "average_vector": {
    "score": 1.0000001192092896,
    "time": 1.3407588005065918,
    "start_wsp": {
      "name": "banqueting.v.1",
      "definition": "provide a feast or banquet for",
      "onyms": [
        "feast",
        "junket",
        "host",
        "banquet"
      ]
    },
    "end_wsp": {
      "name": "banquet.v.2",
      "definition": "provide a feast or banquet for",
      "onyms": [
        "feast",
        "junket",
        "host",
        "banquet"
      ]
    }
  },
  "complete_link": {
    "score": 0.09972277283668518,
    "time": 0.0002014636993408203,
    "start_wsp": {
      "name": "banqueting.v.1",
      "definition": "provide a feast or banquet for",
      "onyms": [
        "feast",
        "junket",
        "host",
        "banquet"
      ]
    },
    "end_wsp": {
      "name": "banquet.v.2",
      "definition": "provide a feast or banquet for",
      "onyms": [
        "feast",
        "junket",
        "host",
        "banquet"
      ]
    }
  },
  "single_link": {
    "score": 1.0,
    "time": 0.0001938343048095703,
    "start_wsp": {
      "name": "banqueting.v.1",
      "definition": "provide a feast or banquet for",
      "onyms": [
        "feast",
        "junket",
        "host",
        "banquet"
      ]
    },
    "end_wsp": {
      "name": "banquet.n.0",
      "definition": "a ceremonial dinner party for many people",
      "onyms": [
        "dinner",
        "banquet",
        "feast",
        "gaudy",
        "dinner_party"
      ]
    }
  },
  "total_vector": {
    "score": 1.0000001192092896,
    "time": 1.3697474002838135,
    "start_wsp": {
      "name": "banqueting.v.1",
      "definition": "provide a feast or banquet for",
      "onyms": [
        "feast",
        "junket",
        "host",
        "banquet"
      ]
    },
    "end_wsp": {
      "name": "banquet.v.2",
      "definition": "provide a feast or banquet for",
      "onyms": [
        "feast",
        "junket",
        "host",
        "banquet"
      ]
    }
  }
}