{
  "average_link": {
    "score": 0.03570954501628876,
    "time": 5.745887756347656e-05,
    "start_wsp": {
      "name": "barony.n.2",
      "definition": "the domain of a baron",
      "onyms": [
        "domain",
        "land",
        "barony",
        "demesne"
      ]
    },
    "end_wsp": {
      "name": "legal.a.0",
      "definition": "established by or founded upon law or official or accepted rules",
      "onyms": [
        "legal"
      ]
    }
  },
  "average_vector": {
    "score": 0.24913765490055084,
    "time": 1.3065953254699707,
    "start_wsp": {
      "name": "barony.n.2",
      "definition": "the domain of a baron",
      "onyms": [
        "domain",
        "land",
        "barony",
        "demesne"
      ]
    },
    "end_wsp": {
      "name": "legal.s.2",
      "definition": "having legal efficacy or force",
      "onyms": [
        "sound",
        "legal",
        "effectual"
      ]
    }
  },
  "complete_link": {
    "score": 0.12082502245903015,
    "time": 5.3882598876953125e-05,
    "start_wsp": {
      "name": "barony.n.2",
      "definition": "the domain of a baron",
      "onyms": [
        "domain",
        "land",
        "barony",
        "demesne"
      ]
    },
    "end_wsp": {
      "name": "legal.a.0",
      "definition": "established by or founded upon law or official or accepted rules",
      "onyms": [
        "legal"
      ]
    }
  },
  "single_link": {
    "score": 0.25402793288230896,
    "time": 5.340576171875e-05,
    "start_wsp": {
      "name": "barony.n.0",
      "definition": "the estate of a baron",
      "onyms": [
        "acres",
        "landed_estate",
        "barony",
        "estate",
        "land",
        "demesne"
      ]
    },
    "end_wsp": {
      "name": "legal.a.0",
      "definition": "established by or founded upon law or official or accepted rules",
      "onyms": [
        "legal"
      ]
    }
  },
  "total_vector": {
    "score": 0.24913765490055084,
    "time": 1.3398125171661377,
    "start_wsp": {
      "name": "barony.n.2",
      "definition": "the domain of a baron",
      "onyms": [
        "domain",
        "land",
        "barony",
        "demesne"
      ]
    },
    "end_wsp": {
      "name": "legal.s.2",
      "definition": "having legal efficacy or force",
      "onyms": [
        "sound",
        "legal",
        "effectual"
      ]
    }
  }
}