{
  "average_link": {
    "score": 0.13381510972976685,
    "time": 0.00010824203491210938,
    "start_wsp": {
      "name": "barreled.a.1",
      "definition": "put in or stored in a barrel",
      "onyms": [
        "barreled",
        "barrelled"
      ]
    },
    "end_wsp": {
      "name": "barrel.n.4",
      "definition": "any of various units of capacity",
      "onyms": [
        "congius",
        "bbl",
        "United_States_liquid_unit",
        "gal",
        "British_capacity_unit",
        "hogshead",
        "Imperial_gallon",
        "gallon",
        "Imperial_capacity_unit",
        "barrel"
      ]
    }
  },
  "average_vector": {
    "score": 0.9999999403953552,
    "time": 3.1780664920806885,
    "start_wsp": {
      "name": "barreled.v.0",
      "definition": "put in barrels",
      "onyms": [
        "lay",
        "put",
        "position",
        "barrel",
        "set",
        "pose",
        "place"
      ]
    },
    "end_wsp": {
      "name": "barrel.v.5",
      "definition": "put in barrels",
      "onyms": [
        "lay",
        "put",
        "position",
        "barrel",
        "set",
        "pose",
        "place"
      ]
    }
  },
  "complete_link": {
    "score": 0.08252348005771637,
    "time": 0.00010037422180175781,
    "start_wsp": {
      "name": "barreled.a.1",
      "definition": "put in or stored in a barrel",
      "onyms": [
        "barreled",
        "barrelled"
      ]
    },
    "end_wsp": {
      "name": "barrel.n.4",
      "definition": "any of various units of capacity",
      "onyms": [
        "congius",
        "bbl",
        "United_States_liquid_unit",
        "gal",
        "British_capacity_unit",
        "hogshead",
        "Imperial_gallon",
        "gallon",
        "Imperial_capacity_unit",
        "barrel"
      ]
    }
  },
  "single_link": {
    "score": 1.0,
    "time": 9.894371032714844e-05,
    "start_wsp": {
      "name": "barreled.v.0",
      "definition": "put in barrels",
      "onyms": [
        "lay",
        "put",
        "position",
        "barrel",
        "set",
        "pose",
        "place"
      ]
    },
    "end_wsp": {
      "name": "barrel.n.0",
      "definition": "a tube through which a bullet travels when a gun is fired",
      "onyms": [
        "tube",
        "gun",
        "tubing",
        "gun_barrel",
        "barrel"
      ]
    }
  },
  "total_vector": {
    "score": 0.9999999403953552,
    "time": 3.3339662551879883,
    "start_wsp": {
      "name": "barreled.v.0",
      "definition": "put in barrels",
      "onyms": [
        "lay",
        "put",
        "position",
        "barrel",
        "set",
        "pose",
        "place"
      ]
    },
    "end_wsp": {
      "name": "barrel.v.5",
      "definition": "put in barrels",
      "onyms": [
        "lay",
        "put",
        "position",
        "barrel",
        "set",
        "pose",
        "place"
      ]
    }
  }
}