{
  "average_link": {
    "score": 0.1250891228361676,
    "time": 0.0001456737518310547,
    "start_wsp": {
      "name": "basket.n.3",
      "definition": "a score in basketball made by throwing the ball through the hoop",
      "onyms": [
        "basket",
        "score",
        "field_goal"
      ]
    },
    "end_wsp": {
      "name": "carrying.v.15",
      "definition": "propel,",
      "onyms": [
        "hit",
        "dribble",
        "carry"
      ]
    }
  },
  "average_vector": {
    "score": 0.5170775651931763,
    "time": 9.112949848175049,
    "start_wsp": {
      "name": "basket.n.3",
      "definition": "a score in basketball made by throwing the ball through the hoop",
      "onyms": [
        "basket",
        "score",
        "field_goal"
      ]
    },
    "end_wsp": {
      "name": "carrying.v.15",
      "definition": "propel,",
      "onyms": [
        "hit",
        "dribble",
        "carry"
      ]
    }
  },
  "complete_link": {
    "score": 0.010636757127940655,
    "time": 0.00014638900756835938,
    "start_wsp": {
      "name": "basket.n.1",
      "definition": "the quantity contained in a basket",
      "onyms": [
        "basketful",
        "basket",
        "containerful"
      ]
    },
    "end_wsp": {
      "name": "carrying.v.4",
      "definition": "bear or be able to bear the weight, pressure,or responsibility of",
      "onyms": [
        "hold_up",
        "support",
        "carry",
        "sustain",
        "hold"
      ]
    }
  },
  "single_link": {
    "score": 0.6160700917243958,
    "time": 0.00014019012451171875,
    "start_wsp": {
      "name": "basket.n.0",
      "definition": "a container that is usually woven and has handles",
      "onyms": [
        "hamper",
        "skep",
        "creel",
        "basket",
        "wicker_basket",
        "shopping_basket",
        "bushel_basket",
        "punnet",
        "frail",
        "breadbasket",
        "handbasket",
        "container"
      ]
    },
    "end_wsp": {
      "name": "carrying.v.0",
      "definition": "move while supporting, either in a vehicle or in one's hands or on one's body",
      "onyms": [
        "haul",
        "pack",
        "porter",
        "return",
        "pipe_in",
        "bring",
        "bucket",
        "bear",
        "transport",
        "chariot",
        "displace",
        "tug",
        "shoulder",
        "fly",
        "lug",
        "tote",
        "carry",
        "cart",
        "take",
        "port",
        "move",
        "convey"
      ]
    }
  },
  "total_vector": {
    "score": 0.5170775651931763,
    "time": 9.881989002227783,
    "start_wsp": {
      "name": "basket.n.3",
      "definition": "a score in basketball made by throwing the ball through the hoop",
      "onyms": [
        "basket",
        "score",
        "field_goal"
      ]
    },
    "end_wsp": {
      "name": "carrying.v.15",
      "definition": "propel,",
      "onyms": [
        "hit",
        "dribble",
        "carry"
      ]
    }
  }
}