{
  "average_link": {
    "score": 0.05211215630212488,
    "time": 0.00027751922607421875,
    "start_wsp": {
      "name": "battering.v.3",
      "definition": "make a dent or impression in",
      "onyms": [
        "deform",
        "batter",
        "dinge",
        "change_shape",
        "change_form"
      ]
    },
    "end_wsp": {
      "name": "fight.v.6",
      "definition": "fight against or resist strongly",
      "onyms": [
        "fight_down",
        "withstand",
        "hold_out",
        "defend",
        "repulse",
        "drive_back",
        "fend",
        "stand_firm",
        "rebuff",
        "fight_off",
        "struggle",
        "repel",
        "oppose",
        "recalcitrate",
        "contend",
        "resist",
        "fight_back",
        "fight",
        "stand"
      ]
    }
  },
  "average_vector": {
    "score": 0.7327159643173218,
    "time": 3.111133098602295,
    "start_wsp": {
      "name": "battering.n.0",
      "definition": "the act of subjecting to strong attack",
      "onyms": [
        "banging",
        "battering",
        "scrap",
        "combat",
        "fight",
        "fighting"
      ]
    },
    "end_wsp": {
      "name": "fight.n.1",
      "definition": "the act of fighting; any contest or struggle",
      "onyms": [
        "banging",
        "brush",
        "snickersnee",
        "brawl",
        "fisticuffs",
        "single_combat",
        "shock",
        "whipping",
        "fistfight",
        "skirmish",
        "gunplay",
        "encounter",
        "disturbance",
        "affaire_d'honneur",
        "blow",
        "cut-and-thrust",
        "duel",
        "affray",
        "fencing",
        "hassle",
        "gang_fight",
        "in-fighting",
        "struggle",
        "rumble",
        "free-for-all",
        "beating",
        "combat",
        "ruffle",
        "tussle",
        "dogfight",
        "fray",
        "gunfight",
        "fighting",
        "impact",
        "clash",
        "battle",
        "close-quarter_fighting",
        "set-to",
        "battering",
        "knife_fight",
        "conflict",
        "scrap",
        "shootout",
        "rough-and-tumble",
        "fight",
        "slugfest",
        "scuffle"
      ]
    }
  },
  "complete_link": {
    "score": 0.10538439452648163,
    "time": 0.00028777122497558594,
    "start_wsp": {
      "name": "battering.n.0",
      "definition": "the act of subjecting to strong attack",
      "onyms": [
        "banging",
        "battering",
        "scrap",
        "combat",
        "fight",
        "fighting"
      ]
    },
    "end_wsp": {
      "name": "fight.n.4",
      "definition": "a boxing or wrestling match",
      "onyms": [
        "pugilism",
        "fight",
        "boxing",
        "fisticuffs"
      ]
    }
  },
  "single_link": {
    "score": 1.0,
    "time": 0.00023698806762695312,
    "start_wsp": {
      "name": "battering.n.0",
      "definition": "the act of subjecting to strong attack",
      "onyms": [
        "banging",
        "battering",
        "scrap",
        "combat",
        "fight",
        "fighting"
      ]
    },
    "end_wsp": {
      "name": "fight.n.0",
      "definition": "a hostile meeting of opposing military forces in the course of a war",
      "onyms": [
        "conflict",
        "armed_combat",
        "Armageddon",
        "military_action",
        "naval_battle",
        "war",
        "action",
        "warfare",
        "combat",
        "Battle_of_Britain",
        "assault",
        "fight",
        "dogfight",
        "Drogheda",
        "engagement",
        "pitched_battle",
        "battle"
      ]
    }
  },
  "total_vector": {
    "score": 0.7327159643173218,
    "time": 2.8529441356658936,
    "start_wsp": {
      "name": "battering.n.0",
      "definition": "the act of subjecting to strong attack",
      "onyms": [
        "banging",
        "battering",
        "scrap",
        "combat",
        "fight",
        "fighting"
      ]
    },
    "end_wsp": {
      "name": "fight.n.1",
      "definition": "the act of fighting; any contest or struggle",
      "onyms": [
        "banging",
        "brush",
        "snickersnee",
        "brawl",
        "fisticuffs",
        "single_combat",
        "shock",
        "whipping",
        "fistfight",
        "skirmish",
        "gunplay",
        "encounter",
        "disturbance",
        "affaire_d'honneur",
        "blow",
        "cut-and-thrust",
        "duel",
        "affray",
        "fencing",
        "hassle",
        "gang_fight",
        "in-fighting",
        "struggle",
        "rumble",
        "free-for-all",
        "beating",
        "combat",
        "ruffle",
        "tussle",
        "dogfight",
        "fray",
        "gunfight",
        "fighting",
        "impact",
        "clash",
        "battle",
        "close-quarter_fighting",
        "set-to",
        "battering",
        "knife_fight",
        "conflict",
        "scrap",
        "shootout",
        "rough-and-tumble",
        "fight",
        "slugfest",
        "scuffle"
      ]
    }
  }
}