{
  "average_link": {
    "score": 0.07327991861104965,
    "time": 0.0002856254577636719,
    "start_wsp": {
      "name": "baulk.v.3",
      "definition": "refuse to comply",
      "onyms": [
        "disobey",
        "balk",
        "resist",
        "baulk",
        "jib"
      ]
    },
    "end_wsp": {
      "name": "resist.v.5",
      "definition": "refuse to comply",
      "onyms": [
        "disobey",
        "balk",
        "resist",
        "baulk",
        "jib"
      ]
    }
  },
  "average_vector": {
    "score": 1.0,
    "time": 1.38142728805542,
    "start_wsp": {
      "name": "baulk.v.3",
      "definition": "refuse to comply",
      "onyms": [
        "disobey",
        "balk",
        "resist",
        "baulk",
        "jib"
      ]
    },
    "end_wsp": {
      "name": "resist.v.5",
      "definition": "refuse to comply",
      "onyms": [
        "disobey",
        "balk",
        "resist",
        "baulk",
        "jib"
      ]
    }
  },
  "complete_link": {
    "score": 0.024553347378969193,
    "time": 0.0002765655517578125,
    "start_wsp": {
      "name": "baulk.v.3",
      "definition": "refuse to comply",
      "onyms": [
        "disobey",
        "balk",
        "resist",
        "baulk",
        "jib"
      ]
    },
    "end_wsp": {
      "name": "resist.v.1",
      "definition": "stand up or offer resistance to somebody or something",
      "onyms": [
        "stand_out",
        "hold_up",
        "fight_down",
        "withstand",
        "hold_out",
        "outbrave",
        "stand_up",
        "remain_firm",
        "defy",
        "fight",
        "defend",
        "hold_off",
        "stand_firm",
        "oppose",
        "hold",
        "resist",
        "stand",
        "fight_back"
      ]
    }
  },
  "single_link": {
    "score": 1.0,
    "time": 0.0002655982971191406,
    "start_wsp": {
      "name": "baulk.n.0",
      "definition": "the area on a billiard table behind the balkline",
      "onyms": [
        "baulk",
        "billiard_table",
        "snooker_table",
        "balk",
        "surface_area",
        "area",
        "pool_table",
        "expanse"
      ]
    },
    "end_wsp": {
      "name": "resist.v.5",
      "definition": "refuse to comply",
      "onyms": [
        "disobey",
        "balk",
        "resist",
        "baulk",
        "jib"
      ]
    }
  },
  "total_vector": {
    "score": 1.0,
    "time": 1.373265027999878,
    "start_wsp": {
      "name": "baulk.v.3",
      "definition": "refuse to comply",
      "onyms": [
        "disobey",
        "balk",
        "resist",
        "baulk",
        "jib"
      ]
    },
    "end_wsp": {
      "name": "resist.v.5",
      "definition": "refuse to comply",
      "onyms": [
        "disobey",
        "balk",
        "resist",
        "baulk",
        "jib"
      ]
    }
  }
}