{
  "average_link": {
    "score": 0.3219774514436722,
    "time": 5.650520324707031e-05,
    "start_wsp": {
      "name": "bilges.v.4",
      "definition": "take in water at the bilge",
      "onyms": [
        "leak",
        "bilge",
        "take_in_water"
      ]
    },
    "end_wsp": {
      "name": "bilge.v.3",
      "definition": "take in water at the bilge",
      "onyms": [
        "leak",
        "bilge",
        "take_in_water"
      ]
    }
  },
  "average_vector": {
    "score": 1.0,
    "time": 11.735091924667358,
    "start_wsp": {
      "name": "bilges.n.1",
      "definition": "water accumulated in the bilge of a ship",
      "onyms": [
        "H2O",
        "bilge",
        "water",
        "bilge_water"
      ]
    },
    "end_wsp": {
      "name": "bilge.n.0",
      "definition": "water accumulated in the bilge of a ship",
      "onyms": [
        "H2O",
        "bilge",
        "water",
        "bilge_water"
      ]
    }
  },
  "complete_link": {
    "score": 0.2879098355770111,
    "time": 6.008148193359375e-05,
    "start_wsp": {
      "name": "bilges.n.0",
      "definition": "in a vessel with two hulls, an enclosed area between the frames at each side",
      "onyms": [
        "bilges",
        "bilge"
      ]
    },
    "end_wsp": {
      "name": "bilge.v.3",
      "definition": "take in water at the bilge",
      "onyms": [
        "leak",
        "bilge",
        "take_in_water"
      ]
    }
  },
  "single_link": {
    "score": 1.0,
    "time": 5.7697296142578125e-05,
    "start_wsp": {
      "name": "bilges.n.1",
      "definition": "water accumulated in the bilge of a ship",
      "onyms": [
        "H2O",
        "bilge",
        "water",
        "bilge_water"
      ]
    },
    "end_wsp": {
      "name": "bilge.n.0",
      "definition": "water accumulated in the bilge of a ship",
      "onyms": [
        "H2O",
        "bilge",
        "water",
        "bilge_water"
      ]
    }
  },
  "total_vector": {
    "score": 1.0,
    "time": 9.65613603591919,
    "start_wsp": {
      "name": "bilges.n.2",
      "definition": "where the sides of the vessel curve in to form the bottom",
      "onyms": [
        "bottom",
        "bilges",
        "underside",
        "vessel",
        "bilge",
        "undersurface",
        "watercraft"
      ]
    },
    "end_wsp": {
      "name": "bilge.n.1",
      "definition": "where the sides of the vessel curve in to form the bottom",
      "onyms": [
        "bottom",
        "bilges",
        "underside",
        "vessel",
        "bilge",
        "undersurface",
        "watercraft"
      ]
    }
  }
}