{
  "average_link": {
    "score": 0.06363572724577453,
    "time": 0.00015664100646972656,
    "start_wsp": {
      "name": "billet.n.1",
      "definition": "lodging for military personnel (especially in a private home)",
      "onyms": [
        "lodging",
        "housing",
        "billet",
        "living_accommodations"
      ]
    },
    "end_wsp": {
      "name": "quarter.v.14",
      "definition": "provide housing for (military personnel)",
      "onyms": [
        "billet",
        "canton",
        "accommodate",
        "lodge",
        "quarter"
      ]
    }
  },
  "average_vector": {
    "score": 1.0,
    "time": 1.3019959926605225,
    "start_wsp": {
      "name": "billet.v.3",
      "definition": "provide housing for (military personnel)",
      "onyms": [
        "billet",
        "canton",
        "accommodate",
        "lodge",
        "quarter"
      ]
    },
    "end_wsp": {
      "name": "quarter.v.14",
      "definition": "provide housing for (military personnel)",
      "onyms": [
        "billet",
        "canton",
        "accommodate",
        "lodge",
        "quarter"
      ]
    }
  },
  "complete_link": {
    "score": 0.013251888565719128,
    "time": 0.00015306472778320312,
    "start_wsp": {
      "name": "billet.n.1",
      "definition": "lodging for military personnel (especially in a private home)",
      "onyms": [
        "lodging",
        "housing",
        "billet",
        "living_accommodations"
      ]
    },
    "end_wsp": {
      "name": "quarter.n.5",
      "definition": "a fourth part of a year; three months",
      "onyms": [
        "period_of_time",
        "time_period",
        "quarter",
        "period"
      ]
    }
  },
  "single_link": {
    "score": 1.0,
    "time": 0.00015807151794433594,
    "start_wsp": {
      "name": "billet.n.0",
      "definition": "a short personal letter",
      "onyms": [
        "personal_letter",
        "billet",
        "line",
        "short_letter",
        "note",
        "excuse"
      ]
    },
    "end_wsp": {
      "name": "quarter.v.14",
      "definition": "provide housing for (military personnel)",
      "onyms": [
        "billet",
        "canton",
        "accommodate",
        "lodge",
        "quarter"
      ]
    }
  },
  "total_vector": {
    "score": 1.0,
    "time": 1.2991487979888916,
    "start_wsp": {
      "name": "billet.v.3",
      "definition": "provide housing for (military personnel)",
      "onyms": [
        "billet",
        "canton",
        "accommodate",
        "lodge",
        "quarter"
      ]
    },
    "end_wsp": {
      "name": "quarter.v.14",
      "definition": "provide housing for (military personnel)",
      "onyms": [
        "billet",
        "canton",
        "accommodate",
        "lodge",
        "quarter"
      ]
    }
  }
}