{
  "average_link": {
    "score": 0.06040705512795183,
    "time": 0.00012135505676269531,
    "start_wsp": {
      "name": "bird.v.5",
      "definition": "watch and study birds in their natural habitat",
      "onyms": [
        "bird",
        "observe",
        "birdwatch"
      ]
    },
    "end_wsp": {
      "name": "feathery.s.2",
      "definition": "adorned with feathers or plumes",
      "onyms": [
        "plumy",
        "feathery",
        "feathered"
      ]
    }
  },
  "average_vector": {
    "score": 0.6430285573005676,
    "time": 9.934639692306519,
    "start_wsp": {
      "name": "bird.n.0",
      "definition": "warm-blooded egg-laying vertebrates characterized by feathers and forelimbs modified as wings",
      "onyms": [
        "raptor",
        "archaeopteryx",
        "night_bird",
        "craniate",
        "syrinx",
        "Archaeopteryx_lithographica",
        "Ibero-mesornis",
        "carinate_bird",
        "Sinornis",
        "bird's_foot",
        "ratite_bird",
        "dickey-bird",
        "ratite",
        "pecker",
        "passerine",
        "archaeornis",
        "preen_gland",
        "dickeybird",
        "gallinaceous_bird",
        "air_sac",
        "hindquarters",
        "uropygial_gland",
        "dickybird",
        "cock",
        "croup",
        "passeriform_bird",
        "neb",
        "nib",
        "trogon",
        "nonpasserine_bird",
        "wing",
        "flying_bird",
        "aquatic_bird",
        "gallinacean",
        "archeopteryx",
        "plumage",
        "furcula",
        "flightless_bird",
        "raptorial_bird",
        "apodiform_bird",
        "bird_of_prey",
        "twitterer",
        "rump",
        "class_Aves",
        "beak",
        "bird",
        "dicky-bird",
        "carinate",
        "protoavis",
        "bill",
        "pennon",
        "nester",
        "coraciiform_bird",
        "bird_of_passage",
        "vertebrate",
        "croupe",
        "pinion",
        "hen",
        "caprimulgiform_bird",
        "fowl",
        "flock",
        "uropygium",
        "Aves",
        "feather",
        "parrot",
        "cuculiform_bird",
        "piciform_bird",
        "plume"
      ]
    },
    "end_wsp": {
      "name": "feathery.s.2",
      "definition": "adorned with feathers or plumes",
      "onyms": [
        "plumy",
        "feathery",
        "feathered"
      ]
    }
  },
  "complete_link": {
    "score": 0.11791684478521347,
    "time": 0.00010371208190917969,
    "start_wsp": {
      "name": "bird.n.4",
      "definition": "badminton equipment consisting of a ball of cork or rubber with a crown of feathers",
      "onyms": [
        "birdie",
        "shuttlecock",
        "shuttle",
        "bird",
        "badminton_equipment"
      ]
    },
    "end_wsp": {
      "name": "feathery.s.0",
      "definition": "resembling or suggesting a feather or feathers",
      "onyms": [
        "feathery",
        "featherlike"
      ]
    }
  },
  "single_link": {
    "score": 0.513015627861023,
    "time": 0.00010371208190917969,
    "start_wsp": {
      "name": "bird.n.0",
      "definition": "warm-blooded egg-laying vertebrates characterized by feathers and forelimbs modified as wings",
      "onyms": [
        "raptor",
        "archaeopteryx",
        "night_bird",
        "craniate",
        "syrinx",
        "Archaeopteryx_lithographica",
        "Ibero-mesornis",
        "carinate_bird",
        "Sinornis",
        "bird's_foot",
        "ratite_bird",
        "dickey-bird",
        "ratite",
        "pecker",
        "passerine",
        "archaeornis",
        "preen_gland",
        "dickeybird",
        "gallinaceous_bird",
        "air_sac",
        "hindquarters",
        "uropygial_gland",
        "dickybird",
        "cock",
        "croup",
        "passeriform_bird",
        "neb",
        "nib",
        "trogon",
        "nonpasserine_bird",
        "wing",
        "flying_bird",
        "aquatic_bird",
        "gallinacean",
        "archeopteryx",
        "plumage",
        "furcula",
        "flightless_bird",
        "raptorial_bird",
        "apodiform_bird",
        "bird_of_prey",
        "twitterer",
        "rump",
        "class_Aves",
        "beak",
        "bird",
        "dicky-bird",
        "carinate",
        "protoavis",
        "bill",
        "pennon",
        "nester",
        "coraciiform_bird",
        "bird_of_passage",
        "vertebrate",
        "croupe",
        "pinion",
        "hen",
        "caprimulgiform_bird",
        "fowl",
        "flock",
        "uropygium",
        "Aves",
        "feather",
        "parrot",
        "cuculiform_bird",
        "piciform_bird",
        "plume"
      ]
    },
    "end_wsp": {
      "name": "feathery.s.0",
      "definition": "resembling or suggesting a feather or feathers",
      "onyms": [
        "feathery",
        "featherlike"
      ]
    }
  },
  "total_vector": {
    "score": 0.6430285573005676,
    "time": 10.885916709899902,
    "start_wsp": {
      "name": "bird.n.0",
      "definition": "warm-blooded egg-laying vertebrates characterized by feathers and forelimbs modified as wings",
      "onyms": [
        "raptor",
        "archaeopteryx",
        "night_bird",
        "craniate",
        "syrinx",
        "Archaeopteryx_lithographica",
        "Ibero-mesornis",
        "carinate_bird",
        "Sinornis",
        "bird's_foot",
        "ratite_bird",
        "dickey-bird",
        "ratite",
        "pecker",
        "passerine",
        "archaeornis",
        "preen_gland",
        "dickeybird",
        "gallinaceous_bird",
        "air_sac",
        "hindquarters",
        "uropygial_gland",
        "dickybird",
        "cock",
        "croup",
        "passeriform_bird",
        "neb",
        "nib",
        "trogon",
        "nonpasserine_bird",
        "wing",
        "flying_bird",
        "aquatic_bird",
        "gallinacean",
        "archeopteryx",
        "plumage",
        "furcula",
        "flightless_bird",
        "raptorial_bird",
        "apodiform_bird",
        "bird_of_prey",
        "twitterer",
        "rump",
        "class_Aves",
        "beak",
        "bird",
        "dicky-bird",
        "carinate",
        "protoavis",
        "bill",
        "pennon",
        "nester",
        "coraciiform_bird",
        "bird_of_passage",
        "vertebrate",
        "croupe",
        "pinion",
        "hen",
        "caprimulgiform_bird",
        "fowl",
        "flock",
        "uropygium",
        "Aves",
        "feather",
        "parrot",
        "cuculiform_bird",
        "piciform_bird",
        "plume"
      ]
    },
    "end_wsp": {
      "name": "feathery.s.2",
      "definition": "adorned with feathers or plumes",
      "onyms": [
        "plumy",
        "feathery",
        "feathered"
      ]
    }
  }
}