{
  "average_link": {
    "score": 0.19902174636864892,
    "time": 0.00013113021850585938,
    "start_wsp": {
      "name": "biweekly.s.2",
      "definition": "occurring twice a week",
      "onyms": [
        "biweekly",
        "semiweekly"
      ]
    },
    "end_wsp": {
      "name": "series.n.2",
      "definition": "a periodical that appears at scheduled times",
      "onyms": [
        "monthly",
        "serial_publication",
        "installment",
        "periodical",
        "weekly",
        "biweekly",
        "bimonthly",
        "number",
        "quarterly",
        "issue",
        "semimonthly",
        "serial",
        "semiweekly",
        "instalment",
        "series"
      ]
    }
  },
  "average_vector": {
    "score": 0.7990931272506714,
    "time": 1.3455183506011963,
    "start_wsp": {
      "name": "biweekly.s.2",
      "definition": "occurring twice a week",
      "onyms": [
        "biweekly",
        "semiweekly"
      ]
    },
    "end_wsp": {
      "name": "series.n.2",
      "definition": "a periodical that appears at scheduled times",
      "onyms": [
        "monthly",
        "serial_publication",
        "installment",
        "periodical",
        "weekly",
        "biweekly",
        "bimonthly",
        "number",
        "quarterly",
        "issue",
        "semimonthly",
        "serial",
        "semiweekly",
        "instalment",
        "series"
      ]
    }
  },
  "complete_link": {
    "score": 0.04862775281071663,
    "time": 0.00011968612670898438,
    "start_wsp": {
      "name": "biweekly.s.1",
      "definition": "occurring every two weeks",
      "onyms": [
        "fortnightly",
        "biweekly"
      ]
    },
    "end_wsp": {
      "name": "series.n.5",
      "definition": "a group of postage stamps having a common theme or a group of coins or currency selected as a group for study or collection",
      "onyms": [
        "grouping",
        "group",
        "series"
      ]
    }
  },
  "single_link": {
    "score": 1.0,
    "time": 0.0002086162567138672,
    "start_wsp": {
      "name": "biweekly.n.0",
      "definition": "a periodical that is published twice a week or every two weeks (either 104 or 26 issues per year)",
      "onyms": [
        "serial_publication",
        "biweekly",
        "serial",
        "series"
      ]
    },
    "end_wsp": {
      "name": "series.n.0",
      "definition": "similar things placed in order or happening one after another",
      "onyms": [
        "lanthanide_series",
        "cycle",
        "patterned_advance",
        "line",
        "blizzard",
        "order",
        "ordering",
        "nexus",
        "course",
        "chain",
        "succession",
        "electrochemical_series",
        "concatenation",
        "sequence",
        "train",
        "cordon",
        "electromotive_force_series",
        "rash",
        "Stations",
        "electromotive_series",
        "progression",
        "string",
        "series",
        "wave_train",
        "hierarchy",
        "actinide_series",
        "Stations_of_the_Cross",
        "helium_group",
        "ordination"
      ]
    }
  },
  "total_vector": {
    "score": 0.7990931272506714,
    "time": 1.3414368629455566,
    "start_wsp": {
      "name": "biweekly.s.2",
      "definition": "occurring twice a week",
      "onyms": [
        "biweekly",
        "semiweekly"
      ]
    },
    "end_wsp": {
      "name": "series.n.2",
      "definition": "a periodical that appears at scheduled times",
      "onyms": [
        "monthly",
        "serial_publication",
        "installment",
        "periodical",
        "weekly",
        "biweekly",
        "bimonthly",
        "number",
        "quarterly",
        "issue",
        "semimonthly",
        "serial",
        "semiweekly",
        "instalment",
        "series"
      ]
    }
  }
}