{
  "average_link": {
    "score": 0.10027272626757622,
    "time": 0.00011944770812988281,
    "start_wsp": {
      "name": "blanched.s.3",
      "definition": "(especially of plants) developed without chlorophyll by being deprived of light",
      "onyms": [
        "blanched",
        "etiolated",
        "etiolate"
      ]
    },
    "end_wsp": {
      "name": "bleach.n.0",
      "definition": "the whiteness that results from removing the color from something",
      "onyms": [
        "white",
        "bleach",
        "whiteness"
      ]
    }
  },
  "average_vector": {
    "score": 0.7309520840644836,
    "time": 2.7361350059509277,
    "start_wsp": {
      "name": "blanched.v.0",
      "definition": "turn pale, as if in fear",
      "onyms": [
        "discolour",
        "blanch",
        "blench",
        "colour",
        "color",
        "discolor",
        "pale"
      ]
    },
    "end_wsp": {
      "name": "bleach.v.3",
      "definition": "remove color from",
      "onyms": [
        "bleach",
        "decolourize",
        "discolourise",
        "decolourise",
        "decolorise",
        "discolorize",
        "decolour",
        "discolor",
        "decolor",
        "decolorize",
        "discolorise",
        "bleach_out"
      ]
    }
  },
  "complete_link": {
    "score": 0.16036836802959442,
    "time": 0.00010895729064941406,
    "start_wsp": {
      "name": "blanched.v.1",
      "definition": "cook (vegetables) briefly",
      "onyms": [
        "blanch",
        "cook",
        "parboil"
      ]
    },
    "end_wsp": {
      "name": "bleach.v.3",
      "definition": "remove color from",
      "onyms": [
        "bleach",
        "decolourize",
        "discolourise",
        "decolourise",
        "decolorise",
        "discolorize",
        "decolour",
        "discolor",
        "decolor",
        "decolorize",
        "discolorise",
        "bleach_out"
      ]
    }
  },
  "single_link": {
    "score": 1.0,
    "time": 0.00010824203491210938,
    "start_wsp": {
      "name": "blanched.v.0",
      "definition": "turn pale, as if in fear",
      "onyms": [
        "discolour",
        "blanch",
        "blench",
        "colour",
        "color",
        "discolor",
        "pale"
      ]
    },
    "end_wsp": {
      "name": "bleach.v.3",
      "definition": "remove color from",
      "onyms": [
        "bleach",
        "decolourize",
        "discolourise",
        "decolourise",
        "decolorise",
        "discolorize",
        "decolour",
        "discolor",
        "decolor",
        "decolorize",
        "discolorise",
        "bleach_out"
      ]
    }
  },
  "total_vector": {
    "score": 0.7309520840644836,
    "time": 2.5444869995117188,
    "start_wsp": {
      "name": "blanched.v.0",
      "definition": "turn pale, as if in fear",
      "onyms": [
        "discolour",
        "blanch",
        "blench",
        "colour",
        "color",
        "discolor",
        "pale"
      ]
    },
    "end_wsp": {
      "name": "bleach.v.3",
      "definition": "remove color from",
      "onyms": [
        "bleach",
        "decolourize",
        "discolourise",
        "decolourise",
        "decolorise",
        "discolorize",
        "decolour",
        "discolor",
        "decolor",
        "decolorize",
        "discolorise",
        "bleach_out"
      ]
    }
  }
}