{
  "average_link": {
    "score": 0.17362472083833483,
    "time": 0.0008881092071533203,
    "start_wsp": {
      "name": "blundered.v.1",
      "definition": "make one's way clumsily or blindly",
      "onyms": [
        "fumble",
        "blunder",
        "go_through",
        "go_across",
        "pass"
      ]
    },
    "end_wsp": {
      "name": "blunder.v.2",
      "definition": "make one's way clumsily or blindly",
      "onyms": [
        "fumble",
        "blunder",
        "go_through",
        "go_across",
        "pass"
      ]
    }
  },
  "average_vector": {
    "score": 1.0,
    "time": 1.322793960571289,
    "start_wsp": {
      "name": "blundered.v.0",
      "definition": "commit a faux pas or a fault or make a serious mistake",
      "onyms": [
        "violate",
        "sin",
        "transgress",
        "offend",
        "drop_the_ball",
        "blunder",
        "infract",
        "goof",
        "breach",
        "break",
        "boob",
        "go_against"
      ]
    },
    "end_wsp": {
      "name": "blunder.v.1",
      "definition": "commit a faux pas or a fault or make a serious mistake",
      "onyms": [
        "violate",
        "sin",
        "transgress",
        "offend",
        "drop_the_ball",
        "blunder",
        "infract",
        "goof",
        "breach",
        "break",
        "boob",
        "go_against"
      ]
    }
  },
  "complete_link": {
    "score": 0.15981465578079224,
    "time": 0.0009663105010986328,
    "start_wsp": {
      "name": "blundered.v.1",
      "definition": "make one's way clumsily or blindly",
      "onyms": [
        "fumble",
        "blunder",
        "go_through",
        "go_across",
        "pass"
      ]
    },
    "end_wsp": {
      "name": "blunder.v.2",
      "definition": "make one's way clumsily or blindly",
      "onyms": [
        "fumble",
        "blunder",
        "go_through",
        "go_across",
        "pass"
      ]
    }
  },
  "single_link": {
    "score": 1.0000001192092896,
    "time": 0.000812530517578125,
    "start_wsp": {
      "name": "blundered.v.2",
      "definition": "utter impulsively",
      "onyms": [
        "blurt_out",
        "verbalize",
        "utter",
        "verbalise",
        "talk",
        "blunder",
        "ejaculate",
        "blunder_out",
        "mouth",
        "speak",
        "blurt"
      ]
    },
    "end_wsp": {
      "name": "blunder.v.3",
      "definition": "utter impulsively",
      "onyms": [
        "blurt_out",
        "verbalize",
        "utter",
        "verbalise",
        "talk",
        "blunder",
        "ejaculate",
        "blunder_out",
        "mouth",
        "speak",
        "blurt"
      ]
    }
  },
  "total_vector": {
    "score": 1.0,
    "time": 1.3359026908874512,
    "start_wsp": {
      "name": "blundered.v.0",
      "definition": "commit a faux pas or a fault or make a serious mistake",
      "onyms": [
        "violate",
        "sin",
        "transgress",
        "offend",
        "drop_the_ball",
        "blunder",
        "infract",
        "goof",
        "breach",
        "break",
        "boob",
        "go_against"
      ]
    },
    "end_wsp": {
      "name": "blunder.v.1",
      "definition": "commit a faux pas or a fault or make a serious mistake",
      "onyms": [
        "violate",
        "sin",
        "transgress",
        "offend",
        "drop_the_ball",
        "blunder",
        "infract",
        "goof",
        "breach",
        "break",
        "boob",
        "go_against"
      ]
    }
  }
}