{
  "average_link": {
    "score": 0.26663678251206874,
    "time": 0.00044465065002441406,
    "start_wsp": {
      "name": "bodied.a.1",
      "definition": "having a body or a body of a specified kind; often used in combination",
      "onyms": [
        "bodied"
      ]
    },
    "end_wsp": {
      "name": "embodied.s.3",
      "definition": "possessing or existing in bodily form; - Shakespeare",
      "onyms": [
        "embodied",
        "bodied",
        "incarnate",
        "corporate",
        "corporal"
      ]
    }
  },
  "average_vector": {
    "score": 0.9999999403953552,
    "time": 2.7664859294891357,
    "start_wsp": {
      "name": "bodied.s.2",
      "definition": "possessing or existing in bodily form; - Shakespeare",
      "onyms": [
        "embodied",
        "bodied",
        "incarnate",
        "corporate",
        "corporal"
      ]
    },
    "end_wsp": {
      "name": "embodied.s.3",
      "definition": "possessing or existing in bodily form; - Shakespeare",
      "onyms": [
        "embodied",
        "bodied",
        "incarnate",
        "corporate",
        "corporal"
      ]
    }
  },
  "complete_link": {
    "score": 0.07823758572340012,
    "time": 0.00033545494079589844,
    "start_wsp": {
      "name": "bodied.a.1",
      "definition": "having a body or a body of a specified kind; often used in combination",
      "onyms": [
        "bodied"
      ]
    },
    "end_wsp": {
      "name": "embodied.v.2",
      "definition": "represent or express something abstract in tangible form",
      "onyms": [
        "embody",
        "represent"
      ]
    }
  },
  "single_link": {
    "score": 1.0,
    "time": 0.000335693359375,
    "start_wsp": {
      "name": "bodied.v.0",
      "definition": "invest with or as with a body; give body to",
      "onyms": [
        "body",
        "embody",
        "be",
        "personify"
      ]
    },
    "end_wsp": {
      "name": "embodied.v.0",
      "definition": "represent in bodily form",
      "onyms": [
        "embody",
        "be",
        "body_forth",
        "incarnate",
        "substantiate"
      ]
    }
  },
  "total_vector": {
    "score": 1.0,
    "time": 2.601032018661499,
    "start_wsp": {
      "name": "bodied.s.2",
      "definition": "possessing or existing in bodily form; - Shakespeare",
      "onyms": [
        "embodied",
        "bodied",
        "incarnate",
        "corporate",
        "corporal"
      ]
    },
    "end_wsp": {
      "name": "embodied.s.3",
      "definition": "possessing or existing in bodily form; - Shakespeare",
      "onyms": [
        "embodied",
        "bodied",
        "incarnate",
        "corporate",
        "corporal"
      ]
    }
  }
}