{
  "average_link": {
    "score": 0.22885840944945812,
    "time": 0.00024509429931640625,
    "start_wsp": {
      "name": "bogey.v.3",
      "definition": "to shoot in one stroke over par",
      "onyms": [
        "shoot",
        "bogey"
      ]
    },
    "end_wsp": {
      "name": "shoot.v.15",
      "definition": "throw dice, as in a crap game",
      "onyms": [
        "shoot",
        "throw"
      ]
    }
  },
  "average_vector": {
    "score": 0.8327409625053406,
    "time": 2.8013222217559814,
    "start_wsp": {
      "name": "bogey.v.3",
      "definition": "to shoot in one stroke over par",
      "onyms": [
        "shoot",
        "bogey"
      ]
    },
    "end_wsp": {
      "name": "shoot.v.9",
      "definition": "throw or propel in a specific direction or towards a specific objective",
      "onyms": [
        "double_bogey",
        "shoot",
        "chip",
        "dunk",
        "birdie",
        "knuckle",
        "break",
        "carom",
        "hit",
        "eagle",
        "bogey",
        "double_birdie"
      ]
    }
  },
  "complete_link": {
    "score": 0.17659403383731842,
    "time": 0.00023555755615234375,
    "start_wsp": {
      "name": "bogey.n.1",
      "definition": "(golf) a score of one stroke over par on a hole",
      "onyms": [
        "score",
        "bogey"
      ]
    },
    "end_wsp": {
      "name": "shoot.v.15",
      "definition": "throw dice, as in a crap game",
      "onyms": [
        "shoot",
        "throw"
      ]
    }
  },
  "single_link": {
    "score": 1.0,
    "time": 0.00020956993103027344,
    "start_wsp": {
      "name": "bogey.n.0",
      "definition": "an evil spirit",
      "onyms": [
        "bogy",
        "evil_spirit",
        "bogie",
        "bogey"
      ]
    },
    "end_wsp": {
      "name": "shoot.v.9",
      "definition": "throw or propel in a specific direction or towards a specific objective",
      "onyms": [
        "double_bogey",
        "shoot",
        "chip",
        "dunk",
        "birdie",
        "knuckle",
        "break",
        "carom",
        "hit",
        "eagle",
        "bogey",
        "double_birdie"
      ]
    }
  },
  "total_vector": {
    "score": 0.8327409625053406,
    "time": 2.7745919227600098,
    "start_wsp": {
      "name": "bogey.v.3",
      "definition": "to shoot in one stroke over par",
      "onyms": [
        "shoot",
        "bogey"
      ]
    },
    "end_wsp": {
      "name": "shoot.v.9",
      "definition": "throw or propel in a specific direction or towards a specific objective",
      "onyms": [
        "double_bogey",
        "shoot",
        "chip",
        "dunk",
        "birdie",
        "knuckle",
        "break",
        "carom",
        "hit",
        "eagle",
        "bogey",
        "double_birdie"
      ]
    }
  }
}