{
  "average_link": {
    "score": 0.12100328085944057,
    "time": 0.0004067420959472656,
    "start_wsp": {
      "name": "box.n.4",
      "definition": "a rectangular drawing",
      "onyms": [
        "box",
        "rectangle"
      ]
    },
    "end_wsp": {
      "name": "cubed.v.0",
      "definition": "raise to the third power",
      "onyms": [
        "multiply",
        "cube"
      ]
    }
  },
  "average_vector": {
    "score": 0.45986148715019226,
    "time": 1.2870874404907227,
    "start_wsp": {
      "name": "box.n.4",
      "definition": "a rectangular drawing",
      "onyms": [
        "box",
        "rectangle"
      ]
    },
    "end_wsp": {
      "name": "cubed.v.1",
      "definition": "cut into cubes",
      "onyms": [
        "cut",
        "cube",
        "dice"
      ]
    }
  },
  "complete_link": {
    "score": 0.04833083599805832,
    "time": 0.0004017353057861328,
    "start_wsp": {
      "name": "box.n.2",
      "definition": "the quantity contained in a box",
      "onyms": [
        "box",
        "containerful",
        "boxful"
      ]
    },
    "end_wsp": {
      "name": "cubed.v.0",
      "definition": "raise to the third power",
      "onyms": [
        "multiply",
        "cube"
      ]
    }
  },
  "single_link": {
    "score": 0.5547593235969543,
    "time": 0.0003981590270996094,
    "start_wsp": {
      "name": "box.n.4",
      "definition": "a rectangular drawing",
      "onyms": [
        "box",
        "rectangle"
      ]
    },
    "end_wsp": {
      "name": "cubed.v.0",
      "definition": "raise to the third power",
      "onyms": [
        "multiply",
        "cube"
      ]
    }
  },
  "total_vector": {
    "score": 0.45986151695251465,
    "time": 1.3054399490356445,
    "start_wsp": {
      "name": "box.n.4",
      "definition": "a rectangular drawing",
      "onyms": [
        "box",
        "rectangle"
      ]
    },
    "end_wsp": {
      "name": "cubed.v.1",
      "definition": "cut into cubes",
      "onyms": [
        "cut",
        "cube",
        "dice"
      ]
    }
  }
}