{
  "average_link": {
    "score": 0.09492289026578267,
    "time": 0.0004379749298095703,
    "start_wsp": {
      "name": "boxes.n.2",
      "definition": "the quantity contained in a box",
      "onyms": [
        "box",
        "containerful",
        "boxful"
      ]
    },
    "end_wsp": {
      "name": "items.n.4",
      "definition": "an individual instance of a type of symbol",
      "onyms": [
        "postage",
        "token",
        "item",
        "postage_stamp",
        "symbol",
        "stamp",
        "trading_stamp"
      ]
    }
  },
  "average_vector": {
    "score": 0.4644959270954132,
    "time": 1.3666713237762451,
    "start_wsp": {
      "name": "boxes.n.0",
      "definition": "a (usually rectangular) container; may have a lid",
      "onyms": [
        "shadow_box",
        "jewel_casket",
        "playbox",
        "ballot_box",
        "window_box",
        "deedbox",
        "base",
        "crate",
        "tuck_box",
        "container",
        "hod",
        "bandbox",
        "cereal_box",
        "flat",
        "mite_box",
        "lid",
        "casket",
        "alms_box",
        "carton",
        "snuffbox",
        "paintbox",
        "tinderbox",
        "shoebox",
        "chest",
        "coffin",
        "pencil_case",
        "box",
        "matchbox",
        "pencil_box",
        "mailbox",
        "letter_box",
        "pyxis",
        "strongbox",
        "play-box",
        "poor_box",
        "cigar_box"
      ]
    },
    "end_wsp": {
      "name": "items.n.4",
      "definition": "an individual instance of a type of symbol",
      "onyms": [
        "postage",
        "token",
        "item",
        "postage_stamp",
        "symbol",
        "stamp",
        "trading_stamp"
      ]
    }
  },
  "complete_link": {
    "score": 0.04263724386692047,
    "time": 0.00045418739318847656,
    "start_wsp": {
      "name": "boxes.n.4",
      "definition": "a rectangular drawing",
      "onyms": [
        "box",
        "rectangle"
      ]
    },
    "end_wsp": {
      "name": "items.n.2",
      "definition": "a whole individual unit; especially when included in a list or collection",
      "onyms": [
        "disposable",
        "custom-built",
        "unit",
        "item",
        "piece",
        "whole",
        "custom-made"
      ]
    }
  },
  "single_link": {
    "score": 0.44089072942733765,
    "time": 0.0004277229309082031,
    "start_wsp": {
      "name": "boxes.n.0",
      "definition": "a (usually rectangular) container; may have a lid",
      "onyms": [
        "shadow_box",
        "jewel_casket",
        "playbox",
        "ballot_box",
        "window_box",
        "deedbox",
        "base",
        "crate",
        "tuck_box",
        "container",
        "hod",
        "bandbox",
        "cereal_box",
        "flat",
        "mite_box",
        "lid",
        "casket",
        "alms_box",
        "carton",
        "snuffbox",
        "paintbox",
        "tinderbox",
        "shoebox",
        "chest",
        "coffin",
        "pencil_case",
        "box",
        "matchbox",
        "pencil_box",
        "mailbox",
        "letter_box",
        "pyxis",
        "strongbox",
        "play-box",
        "poor_box",
        "cigar_box"
      ]
    },
    "end_wsp": {
      "name": "items.n.4",
      "definition": "an individual instance of a type of symbol",
      "onyms": [
        "postage",
        "token",
        "item",
        "postage_stamp",
        "symbol",
        "stamp",
        "trading_stamp"
      ]
    }
  },
  "total_vector": {
    "score": 0.4644959270954132,
    "time": 1.3649466037750244,
    "start_wsp": {
      "name": "boxes.n.0",
      "definition": "a (usually rectangular) container; may have a lid",
      "onyms": [
        "shadow_box",
        "jewel_casket",
        "playbox",
        "ballot_box",
        "window_box",
        "deedbox",
        "base",
        "crate",
        "tuck_box",
        "container",
        "hod",
        "bandbox",
        "cereal_box",
        "flat",
        "mite_box",
        "lid",
        "casket",
        "alms_box",
        "carton",
        "snuffbox",
        "paintbox",
        "tinderbox",
        "shoebox",
        "chest",
        "coffin",
        "pencil_case",
        "box",
        "matchbox",
        "pencil_box",
        "mailbox",
        "letter_box",
        "pyxis",
        "strongbox",
        "play-box",
        "poor_box",
        "cigar_box"
      ]
    },
    "end_wsp": {
      "name": "items.n.4",
      "definition": "an individual instance of a type of symbol",
      "onyms": [
        "postage",
        "token",
        "item",
        "postage_stamp",
        "symbol",
        "stamp",
        "trading_stamp"
      ]
    }
  }
}