{
  "average_link": {
    "score": 0.7259590029716492,
    "time": 2.8371810913085938e-05,
    "start_wsp": {
      "name": "boy.n.3",
      "definition": "(ethnic slur) offensive and disparaging term for Black man",
      "onyms": [
        "boy",
        "Black_man"
      ]
    },
    "end_wsp": {
      "name": "girl.n.4",
      "definition": "a friendly informal reference to a grown woman",
      "onyms": [
        "girl",
        "woman",
        "adult_female"
      ]
    }
  },
  "average_vector": {
    "score": 0.822472333908081,
    "time": 1.4093871116638184,
    "start_wsp": {
      "name": "boy.n.1",
      "definition": "a friendly informal reference to a grown man",
      "onyms": [
        "man",
        "one_of_the_boys",
        "boy",
        "adult_male",
        "broth_of_a_man",
        "broth_of_a_boy"
      ]
    },
    "end_wsp": {
      "name": "girl.n.4",
      "definition": "a friendly informal reference to a grown woman",
      "onyms": [
        "girl",
        "woman",
        "adult_female"
      ]
    }
  },
  "complete_link": {
    "score": 0.5975908041000366,
    "time": 2.7179718017578125e-05,
    "start_wsp": {
      "name": "boy.n.3",
      "definition": "(ethnic slur) offensive and disparaging term for Black man",
      "onyms": [
        "boy",
        "Black_man"
      ]
    },
    "end_wsp": {
      "name": "girl.n.4",
      "definition": "a friendly informal reference to a grown woman",
      "onyms": [
        "girl",
        "woman",
        "adult_female"
      ]
    }
  },
  "single_link": {
    "score": 1.0,
    "time": 2.5033950805664062e-05,
    "start_wsp": {
      "name": "boy.n.0",
      "definition": "a youthful male person",
      "onyms": [
        "Little_Lord_Fauntleroy",
        "laddie",
        "male_person",
        "farm_boy",
        "plowboy",
        "sonny_boy",
        "male_child",
        "boy",
        "ploughboy",
        "male",
        "Scout",
        "sonny",
        "ball_boy",
        "Fauntleroy",
        "schoolboy",
        "altar_boy",
        "cub",
        "bat_boy",
        "catamite",
        "lad",
        "shop_boy"
      ]
    },
    "end_wsp": {
      "name": "girl.n.1",
      "definition": "a youthful female person",
      "onyms": [
        "schoolgirl",
        "Scout",
        "girl",
        "farm_girl",
        "female_person",
        "female_child",
        "moppet",
        "little_girl",
        "Campfire_Girl",
        "flower_girl",
        "female"
      ]
    }
  },
  "total_vector": {
    "score": 0.822472333908081,
    "time": 1.4088397026062012,
    "start_wsp": {
      "name": "boy.n.1",
      "definition": "a friendly informal reference to a grown man",
      "onyms": [
        "man",
        "one_of_the_boys",
        "boy",
        "adult_male",
        "broth_of_a_man",
        "broth_of_a_boy"
      ]
    },
    "end_wsp": {
      "name": "girl.n.4",
      "definition": "a friendly informal reference to a grown woman",
      "onyms": [
        "girl",
        "woman",
        "adult_female"
      ]
    }
  }
}