{
  "average_link": {
    "score": 0.11224165186285973,
    "time": 3.910064697265625e-05,
    "start_wsp": {
      "name": "broad.s.7",
      "definition": "(of speech) heavily and noticeably regional",
      "onyms": [
        "broad"
      ]
    },
    "end_wsp": {
      "name": "noticeable.s.1",
      "definition": "capable of being detected",
      "onyms": [
        "detectable",
        "noticeable"
      ]
    }
  },
  "average_vector": {
    "score": 0.2795623540878296,
    "time": 4.768403768539429,
    "start_wsp": {
      "name": "broad.s.4",
      "definition": "lacking subtlety; obvious",
      "onyms": [
        "unsubtle",
        "broad"
      ]
    },
    "end_wsp": {
      "name": "noticeable.a.2",
      "definition": "undesirably noticeable",
      "onyms": [
        "obtrusive",
        "noticeable"
      ]
    }
  },
  "complete_link": {
    "score": 0.10266786068677902,
    "time": 0.000141143798828125,
    "start_wsp": {
      "name": "broad.a.1",
      "definition": "having great (or a certain) extent from one side to the other",
      "onyms": [
        "wide",
        "broad"
      ]
    },
    "end_wsp": {
      "name": "noticeable.a.0",
      "definition": "capable or worthy of being perceived",
      "onyms": [
        "noticeable"
      ]
    }
  },
  "single_link": {
    "score": 0.3063628375530243,
    "time": 0.000141143798828125,
    "start_wsp": {
      "name": "broad.s.4",
      "definition": "lacking subtlety; obvious",
      "onyms": [
        "unsubtle",
        "broad"
      ]
    },
    "end_wsp": {
      "name": "noticeable.a.2",
      "definition": "undesirably noticeable",
      "onyms": [
        "obtrusive",
        "noticeable"
      ]
    }
  },
  "total_vector": {
    "score": 0.2795623540878296,
    "time": 5.125559568405151,
    "start_wsp": {
      "name": "broad.s.4",
      "definition": "lacking subtlety; obvious",
      "onyms": [
        "unsubtle",
        "broad"
      ]
    },
    "end_wsp": {
      "name": "noticeable.a.2",
      "definition": "undesirably noticeable",
      "onyms": [
        "obtrusive",
        "noticeable"
      ]
    }
  }
}