{
  "average_link": {
    "score": 0.09810916628245445,
    "time": 6.508827209472656e-05,
    "start_wsp": {
      "name": "brother.n.0",
      "definition": "a male with the same parents as someone else",
      "onyms": [
        "stepbrother",
        "big_brother",
        "half_brother",
        "half-brother",
        "brother",
        "blood_brother",
        "little_brother",
        "male_sibling"
      ]
    },
    "end_wsp": {
      "name": "relative.n.0",
      "definition": "a person related by blood or marriage",
      "onyms": [
        "kinswoman",
        "ascendant",
        "kinsman",
        "kissing_cousin",
        "blood_relation",
        "progeny",
        "second_cousin",
        "patrisib",
        "in-law",
        "matrisib",
        "kinsperson",
        "somebody",
        "patrilineal_sib",
        "ancestor",
        "relative",
        "kissing_kin",
        "kin_group",
        "matrilineal_kin",
        "first_cousin",
        "tribe",
        "antecedent",
        "full_cousin",
        "cousin-german",
        "issue",
        "partner",
        "sib",
        "sibling",
        "person",
        "kindred",
        "kin",
        "kinship_group",
        "relation",
        "root",
        "matrilineal_sib",
        "offspring",
        "cognate",
        "relative-in-law",
        "someone",
        "mortal",
        "clan",
        "better_half",
        "next_of_kin",
        "individual",
        "enate",
        "patrikin",
        "blood_relative",
        "agnate",
        "descendant",
        "mate",
        "descendent",
        "family",
        "spouse",
        "married_person",
        "patrilineal_kin",
        "soul",
        "matrikin",
        "ascendent",
        "cousin"
      ]
    }
  },
  "average_vector": {
    "score": 0.5845230221748352,
    "time": 3.4475274085998535,
    "start_wsp": {
      "name": "brother.n.3",
      "definition": "used as a term of address for those male persons engaged in the same movement",
      "onyms": [
        "brother",
        "friend",
        "comrade"
      ]
    },
    "end_wsp": {
      "name": "relative.n.0",
      "definition": "a person related by blood or marriage",
      "onyms": [
        "kinswoman",
        "ascendant",
        "kinsman",
        "kissing_cousin",
        "blood_relation",
        "progeny",
        "second_cousin",
        "patrisib",
        "in-law",
        "matrisib",
        "kinsperson",
        "somebody",
        "patrilineal_sib",
        "ancestor",
        "relative",
        "kissing_kin",
        "kin_group",
        "matrilineal_kin",
        "first_cousin",
        "tribe",
        "antecedent",
        "full_cousin",
        "cousin-german",
        "issue",
        "partner",
        "sib",
        "sibling",
        "person",
        "kindred",
        "kin",
        "kinship_group",
        "relation",
        "root",
        "matrilineal_sib",
        "offspring",
        "cognate",
        "relative-in-law",
        "someone",
        "mortal",
        "clan",
        "better_half",
        "next_of_kin",
        "individual",
        "enate",
        "patrikin",
        "blood_relative",
        "agnate",
        "descendant",
        "mate",
        "descendent",
        "family",
        "spouse",
        "married_person",
        "patrilineal_kin",
        "soul",
        "matrikin",
        "ascendent",
        "cousin"
      ]
    }
  },
  "complete_link": {
    "score": -0.027132174000144005,
    "time": 0.00011467933654785156,
    "start_wsp": {
      "name": "brother.n.4",
      "definition": "(Roman Catholic Church) a title given to a monk and used as form of address",
      "onyms": [
        "monk",
        "Brother",
        "monastic"
      ]
    },
    "end_wsp": {
      "name": "relative.a.2",
      "definition": "estimated by comparison; not absolute or complete",
      "onyms": [
        "comparative",
        "relative"
      ]
    }
  },
  "single_link": {
    "score": 0.7986826300621033,
    "time": 6.270408630371094e-05,
    "start_wsp": {
      "name": "brother.n.0",
      "definition": "a male with the same parents as someone else",
      "onyms": [
        "stepbrother",
        "big_brother",
        "half_brother",
        "half-brother",
        "brother",
        "blood_brother",
        "little_brother",
        "male_sibling"
      ]
    },
    "end_wsp": {
      "name": "relative.n.0",
      "definition": "a person related by blood or marriage",
      "onyms": [
        "kinswoman",
        "ascendant",
        "kinsman",
        "kissing_cousin",
        "blood_relation",
        "progeny",
        "second_cousin",
        "patrisib",
        "in-law",
        "matrisib",
        "kinsperson",
        "somebody",
        "patrilineal_sib",
        "ancestor",
        "relative",
        "kissing_kin",
        "kin_group",
        "matrilineal_kin",
        "first_cousin",
        "tribe",
        "antecedent",
        "full_cousin",
        "cousin-german",
        "issue",
        "partner",
        "sib",
        "sibling",
        "person",
        "kindred",
        "kin",
        "kinship_group",
        "relation",
        "root",
        "matrilineal_sib",
        "offspring",
        "cognate",
        "relative-in-law",
        "someone",
        "mortal",
        "clan",
        "better_half",
        "next_of_kin",
        "individual",
        "enate",
        "patrikin",
        "blood_relative",
        "agnate",
        "descendant",
        "mate",
        "descendent",
        "family",
        "spouse",
        "married_person",
        "patrilineal_kin",
        "soul",
        "matrikin",
        "ascendent",
        "cousin"
      ]
    }
  },
  "total_vector": {
    "score": 0.5845230221748352,
    "time": 3.282059907913208,
    "start_wsp": {
      "name": "brother.n.3",
      "definition": "used as a term of address for those male persons engaged in the same movement",
      "onyms": [
        "brother",
        "friend",
        "comrade"
      ]
    },
    "end_wsp": {
      "name": "relative.n.0",
      "definition": "a person related by blood or marriage",
      "onyms": [
        "kinswoman",
        "ascendant",
        "kinsman",
        "kissing_cousin",
        "blood_relation",
        "progeny",
        "second_cousin",
        "patrisib",
        "in-law",
        "matrisib",
        "kinsperson",
        "somebody",
        "patrilineal_sib",
        "ancestor",
        "relative",
        "kissing_kin",
        "kin_group",
        "matrilineal_kin",
        "first_cousin",
        "tribe",
        "antecedent",
        "full_cousin",
        "cousin-german",
        "issue",
        "partner",
        "sib",
        "sibling",
        "person",
        "kindred",
        "kin",
        "kinship_group",
        "relation",
        "root",
        "matrilineal_sib",
        "offspring",
        "cognate",
        "relative-in-law",
        "someone",
        "mortal",
        "clan",
        "better_half",
        "next_of_kin",
        "individual",
        "enate",
        "patrikin",
        "blood_relative",
        "agnate",
        "descendant",
        "mate",
        "descendent",
        "family",
        "spouse",
        "married_person",
        "patrilineal_kin",
        "soul",
        "matrikin",
        "ascendent",
        "cousin"
      ]
    }
  }
}