{
  "average_link": {
    "score": 0.15080957735578218,
    "time": 5.5789947509765625e-05,
    "start_wsp": {
      "name": "cadence.n.2",
      "definition": "a recurrent rhythmical series",
      "onyms": [
        "cadence",
        "cadency",
        "rhythmicity"
      ]
    },
    "end_wsp": {
      "name": "meter.n.3",
      "definition": "rhythm as given by division into parts of equal duration",
      "onyms": [
        "meter",
        "metre",
        "time",
        "rhythmicity"
      ]
    }
  },
  "average_vector": {
    "score": 1.0,
    "time": 1.313328504562378,
    "start_wsp": {
      "name": "cadence.n.0",
      "definition": "(prosody) the accent in a metrical foot of verse",
      "onyms": [
        "meter",
        "foot",
        "scansion",
        "cadence",
        "common_measure",
        "rhythmic_pattern",
        "metrical_unit",
        "measure",
        "metrical_foot",
        "beat",
        "poetic_rhythm",
        "catalexis",
        "common_meter",
        "prosody",
        "metre"
      ]
    },
    "end_wsp": {
      "name": "meter.n.2",
      "definition": "(prosody) the accent in a metrical foot of verse",
      "onyms": [
        "meter",
        "foot",
        "scansion",
        "cadence",
        "common_measure",
        "rhythmic_pattern",
        "metrical_unit",
        "measure",
        "metrical_foot",
        "beat",
        "poetic_rhythm",
        "catalexis",
        "common_meter",
        "prosody",
        "metre"
      ]
    }
  },
  "complete_link": {
    "score": 0.08868477493524551,
    "time": 5.1021575927734375e-05,
    "start_wsp": {
      "name": "cadence.n.2",
      "definition": "a recurrent rhythmical series",
      "onyms": [
        "cadence",
        "cadency",
        "rhythmicity"
      ]
    },
    "end_wsp": {
      "name": "meter.n.3",
      "definition": "rhythm as given by division into parts of equal duration",
      "onyms": [
        "meter",
        "metre",
        "time",
        "rhythmicity"
      ]
    }
  },
  "single_link": {
    "score": 1.0,
    "time": 4.887580871582031e-05,
    "start_wsp": {
      "name": "cadence.n.0",
      "definition": "(prosody) the accent in a metrical foot of verse",
      "onyms": [
        "meter",
        "foot",
        "scansion",
        "cadence",
        "common_measure",
        "rhythmic_pattern",
        "metrical_unit",
        "measure",
        "metrical_foot",
        "beat",
        "poetic_rhythm",
        "catalexis",
        "common_meter",
        "prosody",
        "metre"
      ]
    },
    "end_wsp": {
      "name": "meter.n.2",
      "definition": "(prosody) the accent in a metrical foot of verse",
      "onyms": [
        "meter",
        "foot",
        "scansion",
        "cadence",
        "common_measure",
        "rhythmic_pattern",
        "metrical_unit",
        "measure",
        "metrical_foot",
        "beat",
        "poetic_rhythm",
        "catalexis",
        "common_meter",
        "prosody",
        "metre"
      ]
    }
  },
  "total_vector": {
    "score": 1.0,
    "time": 1.3115153312683105,
    "start_wsp": {
      "name": "cadence.n.0",
      "definition": "(prosody) the accent in a metrical foot of verse",
      "onyms": [
        "meter",
        "foot",
        "scansion",
        "cadence",
        "common_measure",
        "rhythmic_pattern",
        "metrical_unit",
        "measure",
        "metrical_foot",
        "beat",
        "poetic_rhythm",
        "catalexis",
        "common_meter",
        "prosody",
        "metre"
      ]
    },
    "end_wsp": {
      "name": "meter.n.2",
      "definition": "(prosody) the accent in a metrical foot of verse",
      "onyms": [
        "meter",
        "foot",
        "scansion",
        "cadence",
        "common_measure",
        "rhythmic_pattern",
        "metrical_unit",
        "measure",
        "metrical_foot",
        "beat",
        "poetic_rhythm",
        "catalexis",
        "common_meter",
        "prosody",
        "metre"
      ]
    }
  }
}