{
  "average_link": {
    "score": 0.28623606637120247,
    "time": 9.250640869140625e-05,
    "start_wsp": {
      "name": "capital.n.5",
      "definition": "the federal government of the United States",
      "onyms": [
        "federal_government",
        "Capital",
        "Washington"
      ]
    },
    "end_wsp": {
      "name": "washington.n.2",
      "definition": "the federal government of the United States",
      "onyms": [
        "federal_government",
        "Capital",
        "Washington"
      ]
    }
  },
  "average_vector": {
    "score": 1.0,
    "time": 1.446667194366455,
    "start_wsp": {
      "name": "capital.n.5",
      "definition": "the federal government of the United States",
      "onyms": [
        "federal_government",
        "Capital",
        "Washington"
      ]
    },
    "end_wsp": {
      "name": "washington.n.2",
      "definition": "the federal government of the United States",
      "onyms": [
        "federal_government",
        "Capital",
        "Washington"
      ]
    }
  },
  "complete_link": {
    "score": 0.14494429528713226,
    "time": 8.869171142578125e-05,
    "start_wsp": {
      "name": "capital.n.5",
      "definition": "the federal government of the United States",
      "onyms": [
        "federal_government",
        "Capital",
        "Washington"
      ]
    },
    "end_wsp": {
      "name": "washington.n.2",
      "definition": "the federal government of the United States",
      "onyms": [
        "federal_government",
        "Capital",
        "Washington"
      ]
    }
  },
  "single_link": {
    "score": 1.0,
    "time": 8.440017700195312e-05,
    "start_wsp": {
      "name": "capital.n.5",
      "definition": "the federal government of the United States",
      "onyms": [
        "federal_government",
        "Capital",
        "Washington"
      ]
    },
    "end_wsp": {
      "name": "washington.n.0",
      "definition": "the capital of the United States in the District of Columbia and a tourist mecca; George Washington commissioned Charles L'Enfant to lay out the city in 1791",
      "onyms": [
        "the_Hill",
        "Capitol_Hill",
        "Georgetown",
        "D.C.",
        "Capitol_Building",
        "District_of_Columbia",
        "capital_of_the_United_States",
        "Capitol",
        "Washington_Monument",
        "White_House",
        "Potomac",
        "Washington",
        "American_capital",
        "Washington_D.C.",
        "national_capital",
        "DC",
        "Lincoln_Memorial"
      ]
    }
  },
  "total_vector": {
    "score": 1.0,
    "time": 1.4191982746124268,
    "start_wsp": {
      "name": "capital.n.5",
      "definition": "the federal government of the United States",
      "onyms": [
        "federal_government",
        "Capital",
        "Washington"
      ]
    },
    "end_wsp": {
      "name": "washington.n.2",
      "definition": "the federal government of the United States",
      "onyms": [
        "federal_government",
        "Capital",
        "Washington"
      ]
    }
  }
}