{
  "average_link": {
    "score": 0.2200115236143271,
    "time": 0.0001690387725830078,
    "start_wsp": {
      "name": "caption.n.0",
      "definition": "taking exception; especially a quibble based on a captious argument",
      "onyms": [
        "caption",
        "exception"
      ]
    },
    "end_wsp": {
      "name": "exception.n.2",
      "definition": "grounds for adverse criticism",
      "onyms": [
        "objection",
        "caption",
        "exception"
      ]
    }
  },
  "average_vector": {
    "score": 0.8577218055725098,
    "time": 15.198032855987549,
    "start_wsp": {
      "name": "caption.n.0",
      "definition": "taking exception; especially a quibble based on a captious argument",
      "onyms": [
        "caption",
        "exception"
      ]
    },
    "end_wsp": {
      "name": "exception.n.2",
      "definition": "grounds for adverse criticism",
      "onyms": [
        "objection",
        "caption",
        "exception"
      ]
    }
  },
  "complete_link": {
    "score": 0.09483672678470612,
    "time": 0.00017333030700683594,
    "start_wsp": {
      "name": "caption.n.0",
      "definition": "taking exception; especially a quibble based on a captious argument",
      "onyms": [
        "caption",
        "exception"
      ]
    },
    "end_wsp": {
      "name": "exception.n.2",
      "definition": "grounds for adverse criticism",
      "onyms": [
        "objection",
        "caption",
        "exception"
      ]
    }
  },
  "single_link": {
    "score": 1.0,
    "time": 0.00015616416931152344,
    "start_wsp": {
      "name": "caption.n.0",
      "definition": "taking exception; especially a quibble based on a captious argument",
      "onyms": [
        "caption",
        "exception"
      ]
    },
    "end_wsp": {
      "name": "exception.n.0",
      "definition": "a deliberate act of omission",
      "onyms": [
        "omission",
        "exception",
        "exclusion",
        "elision"
      ]
    }
  },
  "total_vector": {
    "score": 0.8577218055725098,
    "time": 14.723288774490356,
    "start_wsp": {
      "name": "caption.n.0",
      "definition": "taking exception; especially a quibble based on a captious argument",
      "onyms": [
        "caption",
        "exception"
      ]
    },
    "end_wsp": {
      "name": "exception.n.2",
      "definition": "grounds for adverse criticism",
      "onyms": [
        "objection",
        "caption",
        "exception"
      ]
    }
  }
}