{
  "average_link": {
    "score": 0.09447813544344778,
    "time": 0.0002086162567138672,
    "start_wsp": {
      "name": "caption.n.0",
      "definition": "taking exception; especially a quibble based on a captious argument",
      "onyms": [
        "caption",
        "exception"
      ]
    },
    "end_wsp": {
      "name": "illustration.n.2",
      "definition": "an item of information that is typical of a class or group",
      "onyms": [
        "instance",
        "representative",
        "quintessence",
        "specimen",
        "precedent",
        "information",
        "apology",
        "exception",
        "example",
        "illustration",
        "sample",
        "case_in_point",
        "excuse"
      ]
    }
  },
  "average_vector": {
    "score": 0.737665593624115,
    "time": 2.8519678115844727,
    "start_wsp": {
      "name": "caption.n.2",
      "definition": "brief description accompanying an illustration",
      "onyms": [
        "illustration",
        "title",
        "caption",
        "legend"
      ]
    },
    "end_wsp": {
      "name": "illustration.n.0",
      "definition": "artwork that helps make something clear or attractive",
      "onyms": [
        "figure",
        "artwork",
        "graphics",
        "caption",
        "picture",
        "pictorial_matter",
        "art",
        "legend",
        "illustration",
        "nontextual_matter",
        "fig"
      ]
    }
  },
  "complete_link": {
    "score": 0.048835113644599915,
    "time": 0.00038313865661621094,
    "start_wsp": {
      "name": "caption.n.0",
      "definition": "taking exception; especially a quibble based on a captious argument",
      "onyms": [
        "caption",
        "exception"
      ]
    },
    "end_wsp": {
      "name": "illustration.n.1",
      "definition": "showing by example",
      "onyms": [
        "illustration",
        "exemplification",
        "demonstration",
        "demo"
      ]
    }
  },
  "single_link": {
    "score": 1.0,
    "time": 0.00040531158447265625,
    "start_wsp": {
      "name": "caption.n.0",
      "definition": "taking exception; especially a quibble based on a captious argument",
      "onyms": [
        "caption",
        "exception"
      ]
    },
    "end_wsp": {
      "name": "illustration.n.0",
      "definition": "artwork that helps make something clear or attractive",
      "onyms": [
        "figure",
        "artwork",
        "graphics",
        "caption",
        "picture",
        "pictorial_matter",
        "art",
        "legend",
        "illustration",
        "nontextual_matter",
        "fig"
      ]
    }
  },
  "total_vector": {
    "score": 0.7376656532287598,
    "time": 2.737304210662842,
    "start_wsp": {
      "name": "caption.n.2",
      "definition": "brief description accompanying an illustration",
      "onyms": [
        "illustration",
        "title",
        "caption",
        "legend"
      ]
    },
    "end_wsp": {
      "name": "illustration.n.0",
      "definition": "artwork that helps make something clear or attractive",
      "onyms": [
        "figure",
        "artwork",
        "graphics",
        "caption",
        "picture",
        "pictorial_matter",
        "art",
        "legend",
        "illustration",
        "nontextual_matter",
        "fig"
      ]
    }
  }
}