{
  "average_link": {
    "score": 0.22117900600035986,
    "time": 8.273124694824219e-05,
    "start_wsp": {
      "name": "captive.n.2",
      "definition": "a person held in the grip of a strong emotion or passion",
      "onyms": [
        "captive",
        "emotional_person"
      ]
    },
    "end_wsp": {
      "name": "engrossed.s.2",
      "definition": "giving or marked by complete attention to; ; ; - Walter de la Mare",
      "onyms": [
        "wrapped",
        "intent",
        "enwrapped",
        "engrossed",
        "captive",
        "absorbed"
      ]
    }
  },
  "average_vector": {
    "score": 1.0,
    "time": 1.3513133525848389,
    "start_wsp": {
      "name": "captive.s.4",
      "definition": "giving or marked by complete attention to; ; ; - Walter de la Mare",
      "onyms": [
        "wrapped",
        "intent",
        "enwrapped",
        "engrossed",
        "captive",
        "absorbed"
      ]
    },
    "end_wsp": {
      "name": "engrossed.s.2",
      "definition": "giving or marked by complete attention to; ; ; - Walter de la Mare",
      "onyms": [
        "wrapped",
        "intent",
        "enwrapped",
        "engrossed",
        "captive",
        "absorbed"
      ]
    }
  },
  "complete_link": {
    "score": 0.11073143035173416,
    "time": 0.00012969970703125,
    "start_wsp": {
      "name": "captive.n.2",
      "definition": "a person held in the grip of a strong emotion or passion",
      "onyms": [
        "captive",
        "emotional_person"
      ]
    },
    "end_wsp": {
      "name": "engrossed.s.3",
      "definition": "written formally in a large clear script, as a deed or other legal document",
      "onyms": [
        "engrossed"
      ]
    }
  },
  "single_link": {
    "score": 1.0000001192092896,
    "time": 6.818771362304688e-05,
    "start_wsp": {
      "name": "captive.s.4",
      "definition": "giving or marked by complete attention to; ; ; - Walter de la Mare",
      "onyms": [
        "wrapped",
        "intent",
        "enwrapped",
        "engrossed",
        "captive",
        "absorbed"
      ]
    },
    "end_wsp": {
      "name": "engrossed.s.2",
      "definition": "giving or marked by complete attention to; ; ; - Walter de la Mare",
      "onyms": [
        "wrapped",
        "intent",
        "enwrapped",
        "engrossed",
        "captive",
        "absorbed"
      ]
    }
  },
  "total_vector": {
    "score": 1.0000001192092896,
    "time": 1.3454804420471191,
    "start_wsp": {
      "name": "captive.s.4",
      "definition": "giving or marked by complete attention to; ; ; - Walter de la Mare",
      "onyms": [
        "wrapped",
        "intent",
        "enwrapped",
        "engrossed",
        "captive",
        "absorbed"
      ]
    },
    "end_wsp": {
      "name": "engrossed.s.2",
      "definition": "giving or marked by complete attention to; ; ; - Walter de la Mare",
      "onyms": [
        "wrapped",
        "intent",
        "enwrapped",
        "engrossed",
        "captive",
        "absorbed"
      ]
    }
  }
}