{
  "average_link": {
    "score": 0.23515511552492777,
    "time": 7.486343383789062e-05,
    "start_wsp": {
      "name": "careful.a.0",
      "definition": "exercising caution or showing care or attention",
      "onyms": [
        "careful"
      ]
    },
    "end_wsp": {
      "name": "elaborated.s.4",
      "definition": "developed or executed with care and in minute detail; ; - John Buchan",
      "onyms": [
        "detailed",
        "elaborated",
        "elaborate"
      ]
    }
  },
  "average_vector": {
    "score": 0.33163100481033325,
    "time": 1.3233106136322021,
    "start_wsp": {
      "name": "careful.s.2",
      "definition": "unhurried and with care and dignity",
      "onyms": [
        "deliberate",
        "careful",
        "measured"
      ]
    },
    "end_wsp": {
      "name": "elaborated.v.2",
      "definition": "make more complex, intricate, or richer",
      "onyms": [
        "alter",
        "rarify",
        "complicate",
        "sophisticate",
        "develop",
        "elaborate",
        "refine",
        "involve",
        "change",
        "modify"
      ]
    }
  },
  "complete_link": {
    "score": 0.18231502175331116,
    "time": 7.581710815429688e-05,
    "start_wsp": {
      "name": "careful.a.0",
      "definition": "exercising caution or showing care or attention",
      "onyms": [
        "careful"
      ]
    },
    "end_wsp": {
      "name": "elaborated.s.4",
      "definition": "developed or executed with care and in minute detail; ; - John Buchan",
      "onyms": [
        "detailed",
        "elaborated",
        "elaborate"
      ]
    }
  },
  "single_link": {
    "score": 0.317391037940979,
    "time": 7.200241088867188e-05,
    "start_wsp": {
      "name": "careful.s.2",
      "definition": "unhurried and with care and dignity",
      "onyms": [
        "deliberate",
        "careful",
        "measured"
      ]
    },
    "end_wsp": {
      "name": "elaborated.v.0",
      "definition": "add details, as to an account or idea; clarify the meaning of and discourse in a learned way, usually in writing",
      "onyms": [
        "enlarge",
        "specialise",
        "expatiate",
        "expound",
        "specify",
        "clear_up",
        "exposit",
        "particularize",
        "specialize",
        "illustrate",
        "flesh_out",
        "instance",
        "expand",
        "elaborate",
        "particularise",
        "clarify",
        "elucidate",
        "exemplify",
        "lucubrate",
        "set_forth",
        "detail",
        "dilate"
      ]
    }
  },
  "total_vector": {
    "score": 0.33163100481033325,
    "time": 1.347144603729248,
    "start_wsp": {
      "name": "careful.s.2",
      "definition": "unhurried and with care and dignity",
      "onyms": [
        "deliberate",
        "careful",
        "measured"
      ]
    },
    "end_wsp": {
      "name": "elaborated.v.2",
      "definition": "make more complex, intricate, or richer",
      "onyms": [
        "alter",
        "rarify",
        "complicate",
        "sophisticate",
        "develop",
        "elaborate",
        "refine",
        "involve",
        "change",
        "modify"
      ]
    }
  }
}