{
  "average_link": {
    "score": 0.17346463104089102,
    "time": 0.0001544952392578125,
    "start_wsp": {
      "name": "cassia.n.0",
      "definition": "any of various trees or shrubs of the genus Cassia having pinnately compound leaves and usually yellow flowers followed by long seedpods",
      "onyms": [
        "Cassia_fistula",
        "tree",
        "Cassia_grandis",
        "cassia",
        "Cassia_javonica",
        "pudding_pipe_tree",
        "Cassia",
        "drumstick_tree",
        "pink_shower_tree",
        "purging_cassia",
        "canafistula",
        "Cassia_roxburghii",
        "canafistola",
        "Cassia_marginata",
        "pink_shower",
        "genus_Cassia",
        "horse_cassia",
        "golden_shower_tree",
        "rainbow_shower"
      ]
    },
    "end_wsp": {
      "name": "tree.n.1",
      "definition": "a figure that branches from a single root",
      "onyms": [
        "plane_figure",
        "tree",
        "cladogram",
        "tree_diagram",
        "stemma",
        "two-dimensional_figure"
      ]
    }
  },
  "average_vector": {
    "score": 0.7490195035934448,
    "time": 1.280991792678833,
    "start_wsp": {
      "name": "cassia.n.0",
      "definition": "any of various trees or shrubs of the genus Cassia having pinnately compound leaves and usually yellow flowers followed by long seedpods",
      "onyms": [
        "Cassia_fistula",
        "tree",
        "Cassia_grandis",
        "cassia",
        "Cassia_javonica",
        "pudding_pipe_tree",
        "Cassia",
        "drumstick_tree",
        "pink_shower_tree",
        "purging_cassia",
        "canafistula",
        "Cassia_roxburghii",
        "canafistola",
        "Cassia_marginata",
        "pink_shower",
        "genus_Cassia",
        "horse_cassia",
        "golden_shower_tree",
        "rainbow_shower"
      ]
    },
    "end_wsp": {
      "name": "tree.n.0",
      "definition": "a tall perennial woody plant having a main trunk and branches forming a distinct elevated crown; includes both gymnosperms and angiosperms",
      "onyms": [
        "basswood",
        "red_silk-cotton_tree",
        "Pterocarpus_indicus",
        "Caryocar_nuciferum",
        "trifoliate_orange",
        "Xylopia_aethiopica",
        "Brazilian_pepper_tree",
        "fig_tree",
        "linden",
        "Dalbergia_retusa",
        "fever_tree",
        "lemon-wood_tree",
        "Fusanus_acuminatus",
        "wheel_tree",
        "nakedwood",
        "giant_chinkapin",
        "dak",
        "forest",
        "souari",
        "Melia_Azadirachta",
        "shade_tree",
        "molle",
        "puka",
        "lime_tree",
        "lancewood_tree",
        "Japanese_pagoda_tree",
        "Myroxylon_balsamum_pereirae",
        "Palaquium_gutta",
        "tolu_balsam_tree",
        "Vangueria_infausta",
        "Azadirachta_indica",
        "Chloroxylon_swietenia",
        "Diospyros_kurzii",
        "azederach",
        "mammee",
        "maple-leaved_bayur",
        "Myroxylon_toluiferum",
        "Santa_Maria_tree",
        "Hydnocarpus_laurifolia",
        "angiospermous_tree",
        "stump",
        "Tectona_grandis",
        "Persian_lilac",
        "Enterolobium_cyclocarpa",
        "golden_chinkapin",
        "arishth",
        "Chinese_scholartree",
        "African_walnut",
        "trunk",
        "flowering_tree",
        "kurchee",
        "coral_bean",
        "hazel_tree",
        "Dalbergia_sissoo",
        "kurchi",
        "ligneous_plant",
        "Inga_edulis",
        "nitta_tree",
        "oak_tree",
        "Hydnocarpus_kurzii",
        "Muntingia_calabura",
        "ironwood",
        "wild_orange",
        "wood",
        "Pisonia_aculeata",
        "Burmese_rosewood",
        "Inga_laurina",
        "Japanese_varnish_tree",
        "bloodwood_tree",
        "gutta-percha_tree",
        "Schinus_terebinthifolius",
        "breakaxe",
        "Plagianthus_betulinus",
        "woody_plant",
        "Christmas_bush",
        "balata_tree",
        "Virgilia_oroboides",
        "hornbeam",
        "locust_tree",
        "Castanopsis_chrysophylla",
        "cabbage_tree",
        "souari_tree",
        "palo_verde",
        "Ruptiliocarpon_caracolito",
        "pandanus",
        "carib_wood",
        "Spanish_tamarind",
        "ribbonwood",
        "gum_tree",
        "neem_tree",
        "bonsai",
        "Laguncularia_racemosa",
        "black_mangrove",
        "Brachystegia_speciformis",
        "ironwood_tree",
        "tolu_tree",
        "coffee",
        "Chinese_parasol_tree",
        "langsat",
        "wild_tamarind",
        "gum",
        "Cercidium_floridum",
        "Holarrhena_antidysenterica",
        "sapwood",
        "Pterocarpus_macrocarpus",
        "rosewood_tree",
        "wild_fig",
        "kitambilla",
        "millettia",
        "soapberry_tree",
        "locust",
        "granadilla_tree",
        "ebony",
        "mescal_bean",
        "cocobolo",
        "Piscidia_piscipula",
        "ivory_tree",
        "tanbark_oak",
        "coral-wood",
        "lead_tree",
        "Barbados_pride",
        "dhak",
        "palas",
        "Triplochiton_scleroxcylon",
        "dipterocarp",
        "gliricidia",
        "camwood",
        "kowhai",
        "lancewood",
        "albizzia",
        "Caesalpinia_coriaria",
        "Australian_nettle_tree",
        "Indian_beech",
        "chinaberry",
        "Calycophyllum_candidissimum",
        "Castanea_chrysophylla",
        "incense_tree",
        "kitembilla",
        "platan",
        "opepe",
        "turreae",
        "Kentucky_coffee_tree",
        "quandong_tree",
        "Caesalpinia_ferrea",
        "tulipwood_tree",
        "beefwood",
        "Taraktogenos_kurzii",
        "red_saunders",
        "teak",
        "chaulmoogra_tree",
        "gymnospermous_tree",
        "chinaberry_tree",
        "Sophora_sinensis",
        "marmalade_tree",
        "Peruvian_balsam",
        "firewheel_tree",
        "bottle-tree",
        "Sesbania_grandiflora",
        "chaulmoogra",
        "Phellodendron_amurense",
        "quandang",
        "ebony_tree",
        "Melia_azedarach",
        "chicot",
        "red_sanderswood",
        "msasa",
        "Montezuma",
        "American_olive",
        "dhava",
        "shingle_tree",
        "Tarrietia_argyrodendron",
        "arere",
        "ash",
        "Crescentia_cujete",
        "sycamore",
        "rosewood",
        "silver_tree",
        "kiaat",
        "laurelwood",
        "Leucaena_glauca",
        "Baphia_nitida",
        "Sophora_secundiflora",
        "angelim",
        "dita",
        "Pterocarpus_santalinus",
        "Kirkia_wilmsii",
        "devilwood",
        "birch",
        "Elaeocarpus_grandis",
        "simal",
        "Christmas_tree",
        "Mesua_ferrea",
        "bonduc_tree",
        "lime",
        "Orites_excelsa",
        "ribbon_tree",
        "manila_tamarind",
        "Dalbergia_cearensis",
        "chinchona",
        "bitterwood_tree",
        "silk_wood",
        "Brya_ebenus",
        "Myroxylon_pereirae",
        "calabura",
        "winter's_bark",
        "dhawa",
        "Piscidia_erythrina",
        "Lithocarpus_densiflorus",
        "neem",
        "tree_trunk",
        "langset",
        "Pomaderris_apetala",
        "screw_pine",
        "sisham",
        "huamachil",
        "frijolillo",
        "button_mangrove",
        "Avicennia_officinalis",
        "Aegiceras_majus",
        "lacebark",
        "ketembilla",
        "lanseh_tree",
        "Peruvian_mastic_tree",
        "Hoheria_populnea",
        "hackberry",
        "ketembilla_tree",
        "treelet",
        "azedarach",
        "brazilwood",
        "Leucadendron_argenteum",
        "Pseudobombax_ellipticum",
        "African_sandalwood",
        "cork_tree",
        "Leucaena_leucocephala",
        "Acrocarpus_fraxinifolius",
        "break-axe",
        "dagame",
        "Bombax_malabarica",
        "snag",
        "Calocarpum_zapota",
        "Butea_monosperma",
        "duramen",
        "beech_tree",
        "pride-of-India",
        "keurboom",
        "arbor",
        "yellow_jacaranda",
        "oak",
        "devil_tree",
        "evergreen_beech",
        "Pimenta_acris",
        "bean_tree",
        "Myroxylon_balsamum",
        "sissu",
        "Butea_frondosa",
        "Chinese_parasol",
        "Jamaica_dogwood",
        "calabash_tree",
        "necklace_tree",
        "Virgilia_divaricata",
        "erythrina",
        "pride_of_Bolivia",
        "camachile",
        "Oxandra_lanceolata",
        "obechi",
        "Plagianthus_regius",
        "nim_tree",
        "chaulmugra",
        "treetop",
        "zebrawood_tree",
        "soapberry",
        "Eucarya_acuminata",
        "yellowwood_tree",
        "Dovyalis_hebecarpa",
        "nettle_tree",
        "heartwood",
        "alder",
        "chestnut",
        "coral_tree",
        "poon",
        "calabash",
        "Pongamia_glabra",
        "obeche",
        "aalii",
        "blackwood_tree",
        "elm_tree",
        "bottle_tree",
        "Sloanea_jamaicensis",
        "aroeira_blanca",
        "marblewood",
        "yellowwood",
        "Sophora_tetraptera",
        "ice-cream_bean",
        "hazel",
        "bay-rum_tree",
        "wild_cinnamon",
        "bully_tree",
        "Burma_padauk",
        "Firmiana_simplex",
        "Pouteria_zapota",
        "tipu_tree",
        "Holarrhena_pubescens",
        "Chrysolepis_chrysophylla",
        "andelmin",
        "Drimys_winteri",
        "Caesalpinia_bonduc",
        "true_sandalwood",
        "frijolito",
        "grass_tree",
        "lepidobotrys",
        "calabur_tree",
        "tree",
        "medlar",
        "Jamaican_cherry",
        "timber_tree",
        "wild_medlar",
        "cassia",
        "princewood",
        "oak_chestnut",
        "kino",
        "sissoo",
        "clusia",
        "anise_tree",
        "silkwood",
        "Stenocarpus_sinuatus",
        "Chinese_scholar_tree",
        "pollard",
        "burl",
        "sapote",
        "limb",
        "Manilkara_bidentata",
        "Ceylon_gooseberry",
        "caracolito",
        "Nauclea_diderrichii",
        "Calophyllum_candidissimum",
        "scrub_beefwood",
        "southern_beech",
        "Santalum_album",
        "rose_chestnut",
        "red_sandalwood",
        "bayberry",
        "Cordia_gerascanthus",
        "Diospyros_ebenum",
        "Schinus_chichita",
        "elm",
        "kingwood_tree",
        "scarlet_wisteria_tree",
        "willow",
        "hop_hornbeam",
        "breakax",
        "cinchona",
        "Brisbane_quandong",
        "padouk",
        "lemonwood_tree",
        "Calophyllum_longifolium",
        "coffee_tree",
        "casuarina",
        "silver_ash",
        "crown",
        "Maria",
        "Parkinsonia_florida",
        "plane_tree",
        "Adenanthera_pavonina",
        "sandalwood_tree",
        "kingwood",
        "sapling",
        "Spanish_elm",
        "Pterocarpus_angolensis",
        "Taraktagenos_kurzii",
        "red_sanders",
        "cockspur",
        "Virgilia_capensis",
        "Gymnocladus_dioica",
        "Idesia_polycarpa",
        "Pterospermum_acerifolium",
        "palm",
        "shaving-brush_tree",
        "alder_tree",
        "tree_of_knowledge",
        "balata",
        "calaba",
        "guama",
        "margosa",
        "granadillo",
        "quira",
        "divi-divi",
        "phoenix_tree",
        "birch_tree",
        "China_tree",
        "tree_branch",
        "idesia",
        "trifoliata",
        "quandong",
        "button_tree",
        "silver_quandong_tree",
        "Alstonia_scholaris",
        "lemonwood",
        "Stenocarpus_salignus",
        "blackwood",
        "Jamaica_bayberry",
        "Psychotria_capensis",
        "prickly_ash",
        "brazilian_ironwood",
        "Sabinea_carinalis",
        "Poncirus_trifoliata",
        "Melia_azederach",
        "mahogany",
        "satinwood",
        "Conocarpus_erectus",
        "conacaste",
        "padauk",
        "chestnut_tree",
        "pepper_tree",
        "linden_tree",
        "samba",
        "wild_medlar_tree",
        "bonduc",
        "Meryta_sinclairii",
        "Cordyline_australis",
        "fish_fuddle",
        "Calophyllum_calaba",
        "coralwood",
        "Pithecellobium_dulce",
        "Bombax_ceiba",
        "Clusia_flava",
        "marble-wood",
        "fringe_tree",
        "Lysiloma_bahamensis",
        "blue_fig",
        "mayeng",
        "elephant's_ear",
        "ash_tree",
        "palm_tree",
        "Andaman_marble",
        "peacock_flower_fence",
        "vegetable_hummingbird",
        "Caesalpinia_echinata",
        "dita_bark",
        "Caesalpinia_bonducella",
        "mahogany_tree",
        "Ceratopetalum_gummiferum",
        "Lansium_domesticum",
        "woods",
        "Vangueria_madagascariensis",
        "Hydnocarpus_wightiana",
        "lemon-wood",
        "Pterocarpus_marsupium",
        "amboyna",
        "tipu",
        "albizia",
        "negro_pepper",
        "Sophora_japonica",
        "white_popinac",
        "Lysiloma_latisiliqua",
        "Lovoa_klaineana",
        "satinwood_tree",
        "peach-wood",
        "bole",
        "Osmanthus_americanus",
        "tree_stump",
        "winter's_bark_tree",
        "souari_nut",
        "willow_tree",
        "Guinea_pepper",
        "acacia",
        "zebrawood",
        "Australian_nettle",
        "inga",
        "Schinus_molle",
        "pernambuco_wood",
        "peachwood",
        "beech",
        "Sarcocephalus_diderrichii",
        "white_mangrove",
        "houhere",
        "conessi"
      ]
    }
  },
  "complete_link": {
    "score": 0.25291508436203003,
    "time": 0.0001399517059326172,
    "start_wsp": {
      "name": "cassia.n.2",
      "definition": "Chinese tree with aromatic bark; yields a less desirable cinnamon than Ceylon cinnamon",
      "onyms": [
        "Cinnamomum",
        "Cinnamomum_cassia",
        "cassia_bark",
        "laurel",
        "cassia-bark_tree",
        "Chinese_cinnamon",
        "genus_Cinnamomum",
        "cassia"
      ]
    },
    "end_wsp": {
      "name": "tree.n.1",
      "definition": "a figure that branches from a single root",
      "onyms": [
        "plane_figure",
        "tree",
        "cladogram",
        "tree_diagram",
        "stemma",
        "two-dimensional_figure"
      ]
    }
  },
  "single_link": {
    "score": 1.0,
    "time": 0.00012564659118652344,
    "start_wsp": {
      "name": "cassia.n.0",
      "definition": "any of various trees or shrubs of the genus Cassia having pinnately compound leaves and usually yellow flowers followed by long seedpods",
      "onyms": [
        "Cassia_fistula",
        "tree",
        "Cassia_grandis",
        "cassia",
        "Cassia_javonica",
        "pudding_pipe_tree",
        "Cassia",
        "drumstick_tree",
        "pink_shower_tree",
        "purging_cassia",
        "canafistula",
        "Cassia_roxburghii",
        "canafistola",
        "Cassia_marginata",
        "pink_shower",
        "genus_Cassia",
        "horse_cassia",
        "golden_shower_tree",
        "rainbow_shower"
      ]
    },
    "end_wsp": {
      "name": "tree.n.0",
      "definition": "a tall perennial woody plant having a main trunk and branches forming a distinct elevated crown; includes both gymnosperms and angiosperms",
      "onyms": [
        "basswood",
        "red_silk-cotton_tree",
        "Pterocarpus_indicus",
        "Caryocar_nuciferum",
        "trifoliate_orange",
        "Xylopia_aethiopica",
        "Brazilian_pepper_tree",
        "fig_tree",
        "linden",
        "Dalbergia_retusa",
        "fever_tree",
        "lemon-wood_tree",
        "Fusanus_acuminatus",
        "wheel_tree",
        "nakedwood",
        "giant_chinkapin",
        "dak",
        "forest",
        "souari",
        "Melia_Azadirachta",
        "shade_tree",
        "molle",
        "puka",
        "lime_tree",
        "lancewood_tree",
        "Japanese_pagoda_tree",
        "Myroxylon_balsamum_pereirae",
        "Palaquium_gutta",
        "tolu_balsam_tree",
        "Vangueria_infausta",
        "Azadirachta_indica",
        "Chloroxylon_swietenia",
        "Diospyros_kurzii",
        "azederach",
        "mammee",
        "maple-leaved_bayur",
        "Myroxylon_toluiferum",
        "Santa_Maria_tree",
        "Hydnocarpus_laurifolia",
        "angiospermous_tree",
        "stump",
        "Tectona_grandis",
        "Persian_lilac",
        "Enterolobium_cyclocarpa",
        "golden_chinkapin",
        "arishth",
        "Chinese_scholartree",
        "African_walnut",
        "trunk",
        "flowering_tree",
        "kurchee",
        "coral_bean",
        "hazel_tree",
        "Dalbergia_sissoo",
        "kurchi",
        "ligneous_plant",
        "Inga_edulis",
        "nitta_tree",
        "oak_tree",
        "Hydnocarpus_kurzii",
        "Muntingia_calabura",
        "ironwood",
        "wild_orange",
        "wood",
        "Pisonia_aculeata",
        "Burmese_rosewood",
        "Inga_laurina",
        "Japanese_varnish_tree",
        "bloodwood_tree",
        "gutta-percha_tree",
        "Schinus_terebinthifolius",
        "breakaxe",
        "Plagianthus_betulinus",
        "woody_plant",
        "Christmas_bush",
        "balata_tree",
        "Virgilia_oroboides",
        "hornbeam",
        "locust_tree",
        "Castanopsis_chrysophylla",
        "cabbage_tree",
        "souari_tree",
        "palo_verde",
        "Ruptiliocarpon_caracolito",
        "pandanus",
        "carib_wood",
        "Spanish_tamarind",
        "ribbonwood",
        "gum_tree",
        "neem_tree",
        "bonsai",
        "Laguncularia_racemosa",
        "black_mangrove",
        "Brachystegia_speciformis",
        "ironwood_tree",
        "tolu_tree",
        "coffee",
        "Chinese_parasol_tree",
        "langsat",
        "wild_tamarind",
        "gum",
        "Cercidium_floridum",
        "Holarrhena_antidysenterica",
        "sapwood",
        "Pterocarpus_macrocarpus",
        "rosewood_tree",
        "wild_fig",
        "kitambilla",
        "millettia",
        "soapberry_tree",
        "locust",
        "granadilla_tree",
        "ebony",
        "mescal_bean",
        "cocobolo",
        "Piscidia_piscipula",
        "ivory_tree",
        "tanbark_oak",
        "coral-wood",
        "lead_tree",
        "Barbados_pride",
        "dhak",
        "palas",
        "Triplochiton_scleroxcylon",
        "dipterocarp",
        "gliricidia",
        "camwood",
        "kowhai",
        "lancewood",
        "albizzia",
        "Caesalpinia_coriaria",
        "Australian_nettle_tree",
        "Indian_beech",
        "chinaberry",
        "Calycophyllum_candidissimum",
        "Castanea_chrysophylla",
        "incense_tree",
        "kitembilla",
        "platan",
        "opepe",
        "turreae",
        "Kentucky_coffee_tree",
        "quandong_tree",
        "Caesalpinia_ferrea",
        "tulipwood_tree",
        "beefwood",
        "Taraktogenos_kurzii",
        "red_saunders",
        "teak",
        "chaulmoogra_tree",
        "gymnospermous_tree",
        "chinaberry_tree",
        "Sophora_sinensis",
        "marmalade_tree",
        "Peruvian_balsam",
        "firewheel_tree",
        "bottle-tree",
        "Sesbania_grandiflora",
        "chaulmoogra",
        "Phellodendron_amurense",
        "quandang",
        "ebony_tree",
        "Melia_azedarach",
        "chicot",
        "red_sanderswood",
        "msasa",
        "Montezuma",
        "American_olive",
        "dhava",
        "shingle_tree",
        "Tarrietia_argyrodendron",
        "arere",
        "ash",
        "Crescentia_cujete",
        "sycamore",
        "rosewood",
        "silver_tree",
        "kiaat",
        "laurelwood",
        "Leucaena_glauca",
        "Baphia_nitida",
        "Sophora_secundiflora",
        "angelim",
        "dita",
        "Pterocarpus_santalinus",
        "Kirkia_wilmsii",
        "devilwood",
        "birch",
        "Elaeocarpus_grandis",
        "simal",
        "Christmas_tree",
        "Mesua_ferrea",
        "bonduc_tree",
        "lime",
        "Orites_excelsa",
        "ribbon_tree",
        "manila_tamarind",
        "Dalbergia_cearensis",
        "chinchona",
        "bitterwood_tree",
        "silk_wood",
        "Brya_ebenus",
        "Myroxylon_pereirae",
        "calabura",
        "winter's_bark",
        "dhawa",
        "Piscidia_erythrina",
        "Lithocarpus_densiflorus",
        "neem",
        "tree_trunk",
        "langset",
        "Pomaderris_apetala",
        "screw_pine",
        "sisham",
        "huamachil",
        "frijolillo",
        "button_mangrove",
        "Avicennia_officinalis",
        "Aegiceras_majus",
        "lacebark",
        "ketembilla",
        "lanseh_tree",
        "Peruvian_mastic_tree",
        "Hoheria_populnea",
        "hackberry",
        "ketembilla_tree",
        "treelet",
        "azedarach",
        "brazilwood",
        "Leucadendron_argenteum",
        "Pseudobombax_ellipticum",
        "African_sandalwood",
        "cork_tree",
        "Leucaena_leucocephala",
        "Acrocarpus_fraxinifolius",
        "break-axe",
        "dagame",
        "Bombax_malabarica",
        "snag",
        "Calocarpum_zapota",
        "Butea_monosperma",
        "duramen",
        "beech_tree",
        "pride-of-India",
        "keurboom",
        "arbor",
        "yellow_jacaranda",
        "oak",
        "devil_tree",
        "evergreen_beech",
        "Pimenta_acris",
        "bean_tree",
        "Myroxylon_balsamum",
        "sissu",
        "Butea_frondosa",
        "Chinese_parasol",
        "Jamaica_dogwood",
        "calabash_tree",
        "necklace_tree",
        "Virgilia_divaricata",
        "erythrina",
        "pride_of_Bolivia",
        "camachile",
        "Oxandra_lanceolata",
        "obechi",
        "Plagianthus_regius",
        "nim_tree",
        "chaulmugra",
        "treetop",
        "zebrawood_tree",
        "soapberry",
        "Eucarya_acuminata",
        "yellowwood_tree",
        "Dovyalis_hebecarpa",
        "nettle_tree",
        "heartwood",
        "alder",
        "chestnut",
        "coral_tree",
        "poon",
        "calabash",
        "Pongamia_glabra",
        "obeche",
        "aalii",
        "blackwood_tree",
        "elm_tree",
        "bottle_tree",
        "Sloanea_jamaicensis",
        "aroeira_blanca",
        "marblewood",
        "yellowwood",
        "Sophora_tetraptera",
        "ice-cream_bean",
        "hazel",
        "bay-rum_tree",
        "wild_cinnamon",
        "bully_tree",
        "Burma_padauk",
        "Firmiana_simplex",
        "Pouteria_zapota",
        "tipu_tree",
        "Holarrhena_pubescens",
        "Chrysolepis_chrysophylla",
        "andelmin",
        "Drimys_winteri",
        "Caesalpinia_bonduc",
        "true_sandalwood",
        "frijolito",
        "grass_tree",
        "lepidobotrys",
        "calabur_tree",
        "tree",
        "medlar",
        "Jamaican_cherry",
        "timber_tree",
        "wild_medlar",
        "cassia",
        "princewood",
        "oak_chestnut",
        "kino",
        "sissoo",
        "clusia",
        "anise_tree",
        "silkwood",
        "Stenocarpus_sinuatus",
        "Chinese_scholar_tree",
        "pollard",
        "burl",
        "sapote",
        "limb",
        "Manilkara_bidentata",
        "Ceylon_gooseberry",
        "caracolito",
        "Nauclea_diderrichii",
        "Calophyllum_candidissimum",
        "scrub_beefwood",
        "southern_beech",
        "Santalum_album",
        "rose_chestnut",
        "red_sandalwood",
        "bayberry",
        "Cordia_gerascanthus",
        "Diospyros_ebenum",
        "Schinus_chichita",
        "elm",
        "kingwood_tree",
        "scarlet_wisteria_tree",
        "willow",
        "hop_hornbeam",
        "breakax",
        "cinchona",
        "Brisbane_quandong",
        "padouk",
        "lemonwood_tree",
        "Calophyllum_longifolium",
        "coffee_tree",
        "casuarina",
        "silver_ash",
        "crown",
        "Maria",
        "Parkinsonia_florida",
        "plane_tree",
        "Adenanthera_pavonina",
        "sandalwood_tree",
        "kingwood",
        "sapling",
        "Spanish_elm",
        "Pterocarpus_angolensis",
        "Taraktagenos_kurzii",
        "red_sanders",
        "cockspur",
        "Virgilia_capensis",
        "Gymnocladus_dioica",
        "Idesia_polycarpa",
        "Pterospermum_acerifolium",
        "palm",
        "shaving-brush_tree",
        "alder_tree",
        "tree_of_knowledge",
        "balata",
        "calaba",
        "guama",
        "margosa",
        "granadillo",
        "quira",
        "divi-divi",
        "phoenix_tree",
        "birch_tree",
        "China_tree",
        "tree_branch",
        "idesia",
        "trifoliata",
        "quandong",
        "button_tree",
        "silver_quandong_tree",
        "Alstonia_scholaris",
        "lemonwood",
        "Stenocarpus_salignus",
        "blackwood",
        "Jamaica_bayberry",
        "Psychotria_capensis",
        "prickly_ash",
        "brazilian_ironwood",
        "Sabinea_carinalis",
        "Poncirus_trifoliata",
        "Melia_azederach",
        "mahogany",
        "satinwood",
        "Conocarpus_erectus",
        "conacaste",
        "padauk",
        "chestnut_tree",
        "pepper_tree",
        "linden_tree",
        "samba",
        "wild_medlar_tree",
        "bonduc",
        "Meryta_sinclairii",
        "Cordyline_australis",
        "fish_fuddle",
        "Calophyllum_calaba",
        "coralwood",
        "Pithecellobium_dulce",
        "Bombax_ceiba",
        "Clusia_flava",
        "marble-wood",
        "fringe_tree",
        "Lysiloma_bahamensis",
        "blue_fig",
        "mayeng",
        "elephant's_ear",
        "ash_tree",
        "palm_tree",
        "Andaman_marble",
        "peacock_flower_fence",
        "vegetable_hummingbird",
        "Caesalpinia_echinata",
        "dita_bark",
        "Caesalpinia_bonducella",
        "mahogany_tree",
        "Ceratopetalum_gummiferum",
        "Lansium_domesticum",
        "woods",
        "Vangueria_madagascariensis",
        "Hydnocarpus_wightiana",
        "lemon-wood",
        "Pterocarpus_marsupium",
        "amboyna",
        "tipu",
        "albizia",
        "negro_pepper",
        "Sophora_japonica",
        "white_popinac",
        "Lysiloma_latisiliqua",
        "Lovoa_klaineana",
        "satinwood_tree",
        "peach-wood",
        "bole",
        "Osmanthus_americanus",
        "tree_stump",
        "winter's_bark_tree",
        "souari_nut",
        "willow_tree",
        "Guinea_pepper",
        "acacia",
        "zebrawood",
        "Australian_nettle",
        "inga",
        "Schinus_molle",
        "pernambuco_wood",
        "peachwood",
        "beech",
        "Sarcocephalus_diderrichii",
        "white_mangrove",
        "houhere",
        "conessi"
      ]
    }
  },
  "total_vector": {
    "score": 0.7490195035934448,
    "time": 1.2968072891235352,
    "start_wsp": {
      "name": "cassia.n.0",
      "definition": "any of various trees or shrubs of the genus Cassia having pinnately compound leaves and usually yellow flowers followed by long seedpods",
      "onyms": [
        "Cassia_fistula",
        "tree",
        "Cassia_grandis",
        "cassia",
        "Cassia_javonica",
        "pudding_pipe_tree",
        "Cassia",
        "drumstick_tree",
        "pink_shower_tree",
        "purging_cassia",
        "canafistula",
        "Cassia_roxburghii",
        "canafistola",
        "Cassia_marginata",
        "pink_shower",
        "genus_Cassia",
        "horse_cassia",
        "golden_shower_tree",
        "rainbow_shower"
      ]
    },
    "end_wsp": {
      "name": "tree.n.0",
      "definition": "a tall perennial woody plant having a main trunk and branches forming a distinct elevated crown; includes both gymnosperms and angiosperms",
      "onyms": [
        "basswood",
        "red_silk-cotton_tree",
        "Pterocarpus_indicus",
        "Caryocar_nuciferum",
        "trifoliate_orange",
        "Xylopia_aethiopica",
        "Brazilian_pepper_tree",
        "fig_tree",
        "linden",
        "Dalbergia_retusa",
        "fever_tree",
        "lemon-wood_tree",
        "Fusanus_acuminatus",
        "wheel_tree",
        "nakedwood",
        "giant_chinkapin",
        "dak",
        "forest",
        "souari",
        "Melia_Azadirachta",
        "shade_tree",
        "molle",
        "puka",
        "lime_tree",
        "lancewood_tree",
        "Japanese_pagoda_tree",
        "Myroxylon_balsamum_pereirae",
        "Palaquium_gutta",
        "tolu_balsam_tree",
        "Vangueria_infausta",
        "Azadirachta_indica",
        "Chloroxylon_swietenia",
        "Diospyros_kurzii",
        "azederach",
        "mammee",
        "maple-leaved_bayur",
        "Myroxylon_toluiferum",
        "Santa_Maria_tree",
        "Hydnocarpus_laurifolia",
        "angiospermous_tree",
        "stump",
        "Tectona_grandis",
        "Persian_lilac",
        "Enterolobium_cyclocarpa",
        "golden_chinkapin",
        "arishth",
        "Chinese_scholartree",
        "African_walnut",
        "trunk",
        "flowering_tree",
        "kurchee",
        "coral_bean",
        "hazel_tree",
        "Dalbergia_sissoo",
        "kurchi",
        "ligneous_plant",
        "Inga_edulis",
        "nitta_tree",
        "oak_tree",
        "Hydnocarpus_kurzii",
        "Muntingia_calabura",
        "ironwood",
        "wild_orange",
        "wood",
        "Pisonia_aculeata",
        "Burmese_rosewood",
        "Inga_laurina",
        "Japanese_varnish_tree",
        "bloodwood_tree",
        "gutta-percha_tree",
        "Schinus_terebinthifolius",
        "breakaxe",
        "Plagianthus_betulinus",
        "woody_plant",
        "Christmas_bush",
        "balata_tree",
        "Virgilia_oroboides",
        "hornbeam",
        "locust_tree",
        "Castanopsis_chrysophylla",
        "cabbage_tree",
        "souari_tree",
        "palo_verde",
        "Ruptiliocarpon_caracolito",
        "pandanus",
        "carib_wood",
        "Spanish_tamarind",
        "ribbonwood",
        "gum_tree",
        "neem_tree",
        "bonsai",
        "Laguncularia_racemosa",
        "black_mangrove",
        "Brachystegia_speciformis",
        "ironwood_tree",
        "tolu_tree",
        "coffee",
        "Chinese_parasol_tree",
        "langsat",
        "wild_tamarind",
        "gum",
        "Cercidium_floridum",
        "Holarrhena_antidysenterica",
        "sapwood",
        "Pterocarpus_macrocarpus",
        "rosewood_tree",
        "wild_fig",
        "kitambilla",
        "millettia",
        "soapberry_tree",
        "locust",
        "granadilla_tree",
        "ebony",
        "mescal_bean",
        "cocobolo",
        "Piscidia_piscipula",
        "ivory_tree",
        "tanbark_oak",
        "coral-wood",
        "lead_tree",
        "Barbados_pride",
        "dhak",
        "palas",
        "Triplochiton_scleroxcylon",
        "dipterocarp",
        "gliricidia",
        "camwood",
        "kowhai",
        "lancewood",
        "albizzia",
        "Caesalpinia_coriaria",
        "Australian_nettle_tree",
        "Indian_beech",
        "chinaberry",
        "Calycophyllum_candidissimum",
        "Castanea_chrysophylla",
        "incense_tree",
        "kitembilla",
        "platan",
        "opepe",
        "turreae",
        "Kentucky_coffee_tree",
        "quandong_tree",
        "Caesalpinia_ferrea",
        "tulipwood_tree",
        "beefwood",
        "Taraktogenos_kurzii",
        "red_saunders",
        "teak",
        "chaulmoogra_tree",
        "gymnospermous_tree",
        "chinaberry_tree",
        "Sophora_sinensis",
        "marmalade_tree",
        "Peruvian_balsam",
        "firewheel_tree",
        "bottle-tree",
        "Sesbania_grandiflora",
        "chaulmoogra",
        "Phellodendron_amurense",
        "quandang",
        "ebony_tree",
        "Melia_azedarach",
        "chicot",
        "red_sanderswood",
        "msasa",
        "Montezuma",
        "American_olive",
        "dhava",
        "shingle_tree",
        "Tarrietia_argyrodendron",
        "arere",
        "ash",
        "Crescentia_cujete",
        "sycamore",
        "rosewood",
        "silver_tree",
        "kiaat",
        "laurelwood",
        "Leucaena_glauca",
        "Baphia_nitida",
        "Sophora_secundiflora",
        "angelim",
        "dita",
        "Pterocarpus_santalinus",
        "Kirkia_wilmsii",
        "devilwood",
        "birch",
        "Elaeocarpus_grandis",
        "simal",
        "Christmas_tree",
        "Mesua_ferrea",
        "bonduc_tree",
        "lime",
        "Orites_excelsa",
        "ribbon_tree",
        "manila_tamarind",
        "Dalbergia_cearensis",
        "chinchona",
        "bitterwood_tree",
        "silk_wood",
        "Brya_ebenus",
        "Myroxylon_pereirae",
        "calabura",
        "winter's_bark",
        "dhawa",
        "Piscidia_erythrina",
        "Lithocarpus_densiflorus",
        "neem",
        "tree_trunk",
        "langset",
        "Pomaderris_apetala",
        "screw_pine",
        "sisham",
        "huamachil",
        "frijolillo",
        "button_mangrove",
        "Avicennia_officinalis",
        "Aegiceras_majus",
        "lacebark",
        "ketembilla",
        "lanseh_tree",
        "Peruvian_mastic_tree",
        "Hoheria_populnea",
        "hackberry",
        "ketembilla_tree",
        "treelet",
        "azedarach",
        "brazilwood",
        "Leucadendron_argenteum",
        "Pseudobombax_ellipticum",
        "African_sandalwood",
        "cork_tree",
        "Leucaena_leucocephala",
        "Acrocarpus_fraxinifolius",
        "break-axe",
        "dagame",
        "Bombax_malabarica",
        "snag",
        "Calocarpum_zapota",
        "Butea_monosperma",
        "duramen",
        "beech_tree",
        "pride-of-India",
        "keurboom",
        "arbor",
        "yellow_jacaranda",
        "oak",
        "devil_tree",
        "evergreen_beech",
        "Pimenta_acris",
        "bean_tree",
        "Myroxylon_balsamum",
        "sissu",
        "Butea_frondosa",
        "Chinese_parasol",
        "Jamaica_dogwood",
        "calabash_tree",
        "necklace_tree",
        "Virgilia_divaricata",
        "erythrina",
        "pride_of_Bolivia",
        "camachile",
        "Oxandra_lanceolata",
        "obechi",
        "Plagianthus_regius",
        "nim_tree",
        "chaulmugra",
        "treetop",
        "zebrawood_tree",
        "soapberry",
        "Eucarya_acuminata",
        "yellowwood_tree",
        "Dovyalis_hebecarpa",
        "nettle_tree",
        "heartwood",
        "alder",
        "chestnut",
        "coral_tree",
        "poon",
        "calabash",
        "Pongamia_glabra",
        "obeche",
        "aalii",
        "blackwood_tree",
        "elm_tree",
        "bottle_tree",
        "Sloanea_jamaicensis",
        "aroeira_blanca",
        "marblewood",
        "yellowwood",
        "Sophora_tetraptera",
        "ice-cream_bean",
        "hazel",
        "bay-rum_tree",
        "wild_cinnamon",
        "bully_tree",
        "Burma_padauk",
        "Firmiana_simplex",
        "Pouteria_zapota",
        "tipu_tree",
        "Holarrhena_pubescens",
        "Chrysolepis_chrysophylla",
        "andelmin",
        "Drimys_winteri",
        "Caesalpinia_bonduc",
        "true_sandalwood",
        "frijolito",
        "grass_tree",
        "lepidobotrys",
        "calabur_tree",
        "tree",
        "medlar",
        "Jamaican_cherry",
        "timber_tree",
        "wild_medlar",
        "cassia",
        "princewood",
        "oak_chestnut",
        "kino",
        "sissoo",
        "clusia",
        "anise_tree",
        "silkwood",
        "Stenocarpus_sinuatus",
        "Chinese_scholar_tree",
        "pollard",
        "burl",
        "sapote",
        "limb",
        "Manilkara_bidentata",
        "Ceylon_gooseberry",
        "caracolito",
        "Nauclea_diderrichii",
        "Calophyllum_candidissimum",
        "scrub_beefwood",
        "southern_beech",
        "Santalum_album",
        "rose_chestnut",
        "red_sandalwood",
        "bayberry",
        "Cordia_gerascanthus",
        "Diospyros_ebenum",
        "Schinus_chichita",
        "elm",
        "kingwood_tree",
        "scarlet_wisteria_tree",
        "willow",
        "hop_hornbeam",
        "breakax",
        "cinchona",
        "Brisbane_quandong",
        "padouk",
        "lemonwood_tree",
        "Calophyllum_longifolium",
        "coffee_tree",
        "casuarina",
        "silver_ash",
        "crown",
        "Maria",
        "Parkinsonia_florida",
        "plane_tree",
        "Adenanthera_pavonina",
        "sandalwood_tree",
        "kingwood",
        "sapling",
        "Spanish_elm",
        "Pterocarpus_angolensis",
        "Taraktagenos_kurzii",
        "red_sanders",
        "cockspur",
        "Virgilia_capensis",
        "Gymnocladus_dioica",
        "Idesia_polycarpa",
        "Pterospermum_acerifolium",
        "palm",
        "shaving-brush_tree",
        "alder_tree",
        "tree_of_knowledge",
        "balata",
        "calaba",
        "guama",
        "margosa",
        "granadillo",
        "quira",
        "divi-divi",
        "phoenix_tree",
        "birch_tree",
        "China_tree",
        "tree_branch",
        "idesia",
        "trifoliata",
        "quandong",
        "button_tree",
        "silver_quandong_tree",
        "Alstonia_scholaris",
        "lemonwood",
        "Stenocarpus_salignus",
        "blackwood",
        "Jamaica_bayberry",
        "Psychotria_capensis",
        "prickly_ash",
        "brazilian_ironwood",
        "Sabinea_carinalis",
        "Poncirus_trifoliata",
        "Melia_azederach",
        "mahogany",
        "satinwood",
        "Conocarpus_erectus",
        "conacaste",
        "padauk",
        "chestnut_tree",
        "pepper_tree",
        "linden_tree",
        "samba",
        "wild_medlar_tree",
        "bonduc",
        "Meryta_sinclairii",
        "Cordyline_australis",
        "fish_fuddle",
        "Calophyllum_calaba",
        "coralwood",
        "Pithecellobium_dulce",
        "Bombax_ceiba",
        "Clusia_flava",
        "marble-wood",
        "fringe_tree",
        "Lysiloma_bahamensis",
        "blue_fig",
        "mayeng",
        "elephant's_ear",
        "ash_tree",
        "palm_tree",
        "Andaman_marble",
        "peacock_flower_fence",
        "vegetable_hummingbird",
        "Caesalpinia_echinata",
        "dita_bark",
        "Caesalpinia_bonducella",
        "mahogany_tree",
        "Ceratopetalum_gummiferum",
        "Lansium_domesticum",
        "woods",
        "Vangueria_madagascariensis",
        "Hydnocarpus_wightiana",
        "lemon-wood",
        "Pterocarpus_marsupium",
        "amboyna",
        "tipu",
        "albizia",
        "negro_pepper",
        "Sophora_japonica",
        "white_popinac",
        "Lysiloma_latisiliqua",
        "Lovoa_klaineana",
        "satinwood_tree",
        "peach-wood",
        "bole",
        "Osmanthus_americanus",
        "tree_stump",
        "winter's_bark_tree",
        "souari_nut",
        "willow_tree",
        "Guinea_pepper",
        "acacia",
        "zebrawood",
        "Australian_nettle",
        "inga",
        "Schinus_molle",
        "pernambuco_wood",
        "peachwood",
        "beech",
        "Sarcocephalus_diderrichii",
        "white_mangrove",
        "houhere",
        "conessi"
      ]
    }
  }
}