{
  "average_link": {
    "score": 0.6792683601379395,
    "time": 0.0005831718444824219,
    "start_wsp": {
      "name": "catch.v.25",
      "definition": "cause to become accidentally or suddenly caught, ensnared, or entangled",
      "onyms": [
        "catch"
      ]
    },
    "end_wsp": {
      "name": "overtake.v.0",
      "definition": "catch up with and possibly overtake",
      "onyms": [
        "catch_up_with",
        "catch",
        "overtake"
      ]
    }
  },
  "average_vector": {
    "score": 1.0,
    "time": 1.3517348766326904,
    "start_wsp": {
      "name": "catch.v.20",
      "definition": "catch up with and possibly overtake",
      "onyms": [
        "catch_up_with",
        "catch",
        "overtake"
      ]
    },
    "end_wsp": {
      "name": "overtake.v.0",
      "definition": "catch up with and possibly overtake",
      "onyms": [
        "catch_up_with",
        "catch",
        "overtake"
      ]
    }
  },
  "complete_link": {
    "score": 0.3585367202758789,
    "time": 0.0005667209625244141,
    "start_wsp": {
      "name": "catch.v.20",
      "definition": "catch up with and possibly overtake",
      "onyms": [
        "catch_up_with",
        "catch",
        "overtake"
      ]
    },
    "end_wsp": {
      "name": "overtake.v.0",
      "definition": "catch up with and possibly overtake",
      "onyms": [
        "catch_up_with",
        "catch",
        "overtake"
      ]
    }
  },
  "single_link": {
    "score": 1.0,
    "time": 0.0006244182586669922,
    "start_wsp": {
      "name": "catch.n.0",
      "definition": "a drawback or difficulty that is not readily evident",
      "onyms": [
        "gimmick",
        "catch",
        "drawback"
      ]
    },
    "end_wsp": {
      "name": "overtake.v.0",
      "definition": "catch up with and possibly overtake",
      "onyms": [
        "catch_up_with",
        "catch",
        "overtake"
      ]
    }
  },
  "total_vector": {
    "score": 1.0,
    "time": 1.3333451747894287,
    "start_wsp": {
      "name": "catch.v.20",
      "definition": "catch up with and possibly overtake",
      "onyms": [
        "catch_up_with",
        "catch",
        "overtake"
      ]
    },
    "end_wsp": {
      "name": "overtake.v.0",
      "definition": "catch up with and possibly overtake",
      "onyms": [
        "catch_up_with",
        "catch",
        "overtake"
      ]
    }
  }
}