{
  "average_link": {
    "score": 0.29379574954509735,
    "time": 4.5299530029296875e-05,
    "start_wsp": {
      "name": "cavalier.s.2",
      "definition": "given to haughty disregard of others",
      "onyms": [
        "cavalier",
        "high-handed"
      ]
    },
    "end_wsp": {
      "name": "gallant.s.5",
      "definition": "being attentive to women like an ideal knight",
      "onyms": [
        "knightly",
        "chivalrous",
        "gallant"
      ]
    }
  },
  "average_vector": {
    "score": 0.5346165299415588,
    "time": 7.698626518249512,
    "start_wsp": {
      "name": "cavalier.n.0",
      "definition": "a gallant or courtly gentleman",
      "onyms": [
        "cavalier",
        "male_aristocrat",
        "chevalier"
      ]
    },
    "end_wsp": {
      "name": "gallant.s.5",
      "definition": "being attentive to women like an ideal knight",
      "onyms": [
        "knightly",
        "chivalrous",
        "gallant"
      ]
    }
  },
  "complete_link": {
    "score": 0.21284623444080353,
    "time": 4.1484832763671875e-05,
    "start_wsp": {
      "name": "cavalier.n.0",
      "definition": "a gallant or courtly gentleman",
      "onyms": [
        "cavalier",
        "male_aristocrat",
        "chevalier"
      ]
    },
    "end_wsp": {
      "name": "gallant.s.2",
      "definition": "unflinching in battle or action",
      "onyms": [
        "gallant"
      ]
    }
  },
  "single_link": {
    "score": 0.4671332538127899,
    "time": 4.00543212890625e-05,
    "start_wsp": {
      "name": "cavalier.n.0",
      "definition": "a gallant or courtly gentleman",
      "onyms": [
        "cavalier",
        "male_aristocrat",
        "chevalier"
      ]
    },
    "end_wsp": {
      "name": "gallant.s.5",
      "definition": "being attentive to women like an ideal knight",
      "onyms": [
        "knightly",
        "chivalrous",
        "gallant"
      ]
    }
  },
  "total_vector": {
    "score": 0.5346165299415588,
    "time": 7.720500230789185,
    "start_wsp": {
      "name": "cavalier.n.0",
      "definition": "a gallant or courtly gentleman",
      "onyms": [
        "cavalier",
        "male_aristocrat",
        "chevalier"
      ]
    },
    "end_wsp": {
      "name": "gallant.s.5",
      "definition": "being attentive to women like an ideal knight",
      "onyms": [
        "knightly",
        "chivalrous",
        "gallant"
      ]
    }
  }
}