{
  "average_link": {
    "score": 0.2804566193372011,
    "time": 0.0003483295440673828,
    "start_wsp": {
      "name": "chaff.n.1",
      "definition": "foil in thin strips; ejected into the air as a radar countermeasure",
      "onyms": [
        "foil",
        "chaff"
      ]
    },
    "end_wsp": {
      "name": "foil.n.4",
      "definition": "a light slender flexible sword tipped by a button",
      "onyms": [
        "fencing_sword",
        "foil"
      ]
    }
  },
  "average_vector": {
    "score": 0.7326149344444275,
    "time": 5.6010355949401855,
    "start_wsp": {
      "name": "chaff.n.1",
      "definition": "foil in thin strips; ejected into the air as a radar countermeasure",
      "onyms": [
        "foil",
        "chaff"
      ]
    },
    "end_wsp": {
      "name": "foil.n.0",
      "definition": "a piece of thin and flexible sheet metal",
      "onyms": [
        "aluminium_foil",
        "sheet_metal",
        "gold_foil",
        "tinfoil",
        "tin_foil",
        "foil",
        "aluminum_foil",
        "chaff"
      ]
    }
  },
  "complete_link": {
    "score": 0.12182647734880447,
    "time": 0.0003211498260498047,
    "start_wsp": {
      "name": "chaff.n.0",
      "definition": "material consisting of seed coverings and small pieces of stem or leaves that have been separated from the seeds",
      "onyms": [
        "plant_material",
        "straw",
        "stubble",
        "bran",
        "husk",
        "shuck",
        "stalk",
        "plant_substance",
        "chaff"
      ]
    },
    "end_wsp": {
      "name": "foil.n.4",
      "definition": "a light slender flexible sword tipped by a button",
      "onyms": [
        "fencing_sword",
        "foil"
      ]
    }
  },
  "single_link": {
    "score": 1.0,
    "time": 0.0003190040588378906,
    "start_wsp": {
      "name": "chaff.n.0",
      "definition": "material consisting of seed coverings and small pieces of stem or leaves that have been separated from the seeds",
      "onyms": [
        "plant_material",
        "straw",
        "stubble",
        "bran",
        "husk",
        "shuck",
        "stalk",
        "plant_substance",
        "chaff"
      ]
    },
    "end_wsp": {
      "name": "foil.n.0",
      "definition": "a piece of thin and flexible sheet metal",
      "onyms": [
        "aluminium_foil",
        "sheet_metal",
        "gold_foil",
        "tinfoil",
        "tin_foil",
        "foil",
        "aluminum_foil",
        "chaff"
      ]
    }
  },
  "total_vector": {
    "score": 0.7326149344444275,
    "time": 5.725665330886841,
    "start_wsp": {
      "name": "chaff.n.1",
      "definition": "foil in thin strips; ejected into the air as a radar countermeasure",
      "onyms": [
        "foil",
        "chaff"
      ]
    },
    "end_wsp": {
      "name": "foil.n.0",
      "definition": "a piece of thin and flexible sheet metal",
      "onyms": [
        "aluminium_foil",
        "sheet_metal",
        "gold_foil",
        "tinfoil",
        "tin_foil",
        "foil",
        "aluminum_foil",
        "chaff"
      ]
    }
  }
}