{
  "average_link": {
    "score": 0.26096712425351143,
    "time": 0.0004928112030029297,
    "start_wsp": {
      "name": "chattered.v.1",
      "definition": "cut unevenly with a chattering tool",
      "onyms": [
        "cut",
        "chatter"
      ]
    },
    "end_wsp": {
      "name": "chatter.v.4",
      "definition": "cut unevenly with a chattering tool",
      "onyms": [
        "cut",
        "chatter"
      ]
    }
  },
  "average_vector": {
    "score": 1.0,
    "time": 1.321019172668457,
    "start_wsp": {
      "name": "chattered.v.1",
      "definition": "cut unevenly with a chattering tool",
      "onyms": [
        "cut",
        "chatter"
      ]
    },
    "end_wsp": {
      "name": "chatter.v.4",
      "definition": "cut unevenly with a chattering tool",
      "onyms": [
        "cut",
        "chatter"
      ]
    }
  },
  "complete_link": {
    "score": 0.09515038132667542,
    "time": 0.00048422813415527344,
    "start_wsp": {
      "name": "chattered.v.0",
      "definition": "click repeatedly or uncontrollably",
      "onyms": [
        "sound",
        "go",
        "click",
        "chatter"
      ]
    },
    "end_wsp": {
      "name": "chatter.v.3",
      "definition": "click repeatedly or uncontrollably",
      "onyms": [
        "sound",
        "go",
        "click",
        "chatter"
      ]
    }
  },
  "single_link": {
    "score": 1.0000001192092896,
    "time": 0.00048470497131347656,
    "start_wsp": {
      "name": "chattered.v.3",
      "definition": "speak (about unimportant matters) rapidly and incessantly",
      "onyms": [
        "maunder",
        "verbalize",
        "utter",
        "blab",
        "twaddle",
        "prate",
        "gabble",
        "prattle",
        "gibber",
        "speak",
        "verbalise",
        "smatter",
        "chatter",
        "blather",
        "tittle-tattle",
        "piffle",
        "clack",
        "blabber",
        "mouth",
        "babble",
        "blether",
        "talk",
        "tattle",
        "palaver",
        "blither"
      ]
    },
    "end_wsp": {
      "name": "chatter.n.0",
      "definition": "noisy talk",
      "onyms": [
        "idle_talk",
        "blether",
        "cackle",
        "talk",
        "yak",
        "yakety-yak",
        "chatter",
        "talking",
        "prate",
        "chin_music",
        "yack",
        "prattle"
      ]
    }
  },
  "total_vector": {
    "score": 1.0,
    "time": 1.3321177959442139,
    "start_wsp": {
      "name": "chattered.v.1",
      "definition": "cut unevenly with a chattering tool",
      "onyms": [
        "cut",
        "chatter"
      ]
    },
    "end_wsp": {
      "name": "chatter.v.4",
      "definition": "cut unevenly with a chattering tool",
      "onyms": [
        "cut",
        "chatter"
      ]
    }
  }
}