{
  "average_link": {
    "score": 0.04360660469683353,
    "time": 0.00046133995056152344,
    "start_wsp": {
      "name": "chiefs.n.1",
      "definition": "a person who exercises control over workers",
      "onyms": [
        "chief",
        "foreman",
        "boss",
        "straw_boss",
        "assistant_foreman",
        "honcho",
        "supervisor",
        "baas",
        "ganger",
        "gaffer"
      ]
    },
    "end_wsp": {
      "name": "chief.n.1",
      "definition": "a person who exercises control over workers",
      "onyms": [
        "chief",
        "foreman",
        "boss",
        "straw_boss",
        "assistant_foreman",
        "honcho",
        "supervisor",
        "baas",
        "ganger",
        "gaffer"
      ]
    }
  },
  "average_vector": {
    "score": 1.0,
    "time": 1.3010787963867188,
    "start_wsp": {
      "name": "chiefs.n.0",
      "definition": "a person who is in charge",
      "onyms": [
        "top_dog",
        "chief",
        "decision_maker",
        "executive",
        "department_head",
        "don",
        "general",
        "grand_dragon",
        "secretary",
        "general_manager",
        "head_of_household",
        "superior_general",
        "leader",
        "administrator",
        "head",
        "father",
        "capo"
      ]
    },
    "end_wsp": {
      "name": "chief.n.0",
      "definition": "a person who is in charge",
      "onyms": [
        "top_dog",
        "chief",
        "decision_maker",
        "executive",
        "department_head",
        "don",
        "general",
        "grand_dragon",
        "secretary",
        "general_manager",
        "head_of_household",
        "superior_general",
        "leader",
        "administrator",
        "head",
        "father",
        "capo"
      ]
    }
  },
  "complete_link": {
    "score": 0.01606035977602005,
    "time": 0.00044727325439453125,
    "start_wsp": {
      "name": "chiefs.n.1",
      "definition": "a person who exercises control over workers",
      "onyms": [
        "chief",
        "foreman",
        "boss",
        "straw_boss",
        "assistant_foreman",
        "honcho",
        "supervisor",
        "baas",
        "ganger",
        "gaffer"
      ]
    },
    "end_wsp": {
      "name": "chief.n.1",
      "definition": "a person who exercises control over workers",
      "onyms": [
        "chief",
        "foreman",
        "boss",
        "straw_boss",
        "assistant_foreman",
        "honcho",
        "supervisor",
        "baas",
        "ganger",
        "gaffer"
      ]
    }
  },
  "single_link": {
    "score": 1.0000001192092896,
    "time": 0.0004017353057861328,
    "start_wsp": {
      "name": "chiefs.n.1",
      "definition": "a person who exercises control over workers",
      "onyms": [
        "chief",
        "foreman",
        "boss",
        "straw_boss",
        "assistant_foreman",
        "honcho",
        "supervisor",
        "baas",
        "ganger",
        "gaffer"
      ]
    },
    "end_wsp": {
      "name": "chief.n.1",
      "definition": "a person who exercises control over workers",
      "onyms": [
        "chief",
        "foreman",
        "boss",
        "straw_boss",
        "assistant_foreman",
        "honcho",
        "supervisor",
        "baas",
        "ganger",
        "gaffer"
      ]
    }
  },
  "total_vector": {
    "score": 1.0,
    "time": 1.2923107147216797,
    "start_wsp": {
      "name": "chiefs.n.0",
      "definition": "a person who is in charge",
      "onyms": [
        "top_dog",
        "chief",
        "decision_maker",
        "executive",
        "department_head",
        "don",
        "general",
        "grand_dragon",
        "secretary",
        "general_manager",
        "head_of_household",
        "superior_general",
        "leader",
        "administrator",
        "head",
        "father",
        "capo"
      ]
    },
    "end_wsp": {
      "name": "chief.n.0",
      "definition": "a person who is in charge",
      "onyms": [
        "top_dog",
        "chief",
        "decision_maker",
        "executive",
        "department_head",
        "don",
        "general",
        "grand_dragon",
        "secretary",
        "general_manager",
        "head_of_household",
        "superior_general",
        "leader",
        "administrator",
        "head",
        "father",
        "capo"
      ]
    }
  }
}