{
  "average_link": {
    "score": 0.014960437868523968,
    "time": 0.000362396240234375,
    "start_wsp": {
      "name": "chief.n.2",
      "definition": "the head of a tribe or clan",
      "onyms": [
        "chief",
        "Owen_Glendower",
        "chieftain",
        "pendragon",
        "Rollo",
        "Rolf",
        "Hrolf",
        "headman",
        "Glendower",
        "Indian_chief",
        "leader",
        "tribal_chief",
        "Indian_chieftain"
      ]
    },
    "end_wsp": {
      "name": "braves.n.0",
      "definition": "a North American Indian warrior",
      "onyms": [
        "warrior",
        "brave"
      ]
    }
  },
  "average_vector": {
    "score": 0.2657812237739563,
    "time": 1.3308167457580566,
    "start_wsp": {
      "name": "chief.n.2",
      "definition": "the head of a tribe or clan",
      "onyms": [
        "chief",
        "Owen_Glendower",
        "chieftain",
        "pendragon",
        "Rollo",
        "Rolf",
        "Hrolf",
        "headman",
        "Glendower",
        "Indian_chief",
        "leader",
        "tribal_chief",
        "Indian_chieftain"
      ]
    },
    "end_wsp": {
      "name": "braves.n.0",
      "definition": "a North American Indian warrior",
      "onyms": [
        "warrior",
        "brave"
      ]
    }
  },
  "complete_link": {
    "score": -0.040621567517519,
    "time": 0.00037670135498046875,
    "start_wsp": {
      "name": "chief.n.1",
      "definition": "a person who exercises control over workers",
      "onyms": [
        "chief",
        "foreman",
        "boss",
        "straw_boss",
        "assistant_foreman",
        "honcho",
        "supervisor",
        "baas",
        "ganger",
        "gaffer"
      ]
    },
    "end_wsp": {
      "name": "braves.n.0",
      "definition": "a North American Indian warrior",
      "onyms": [
        "warrior",
        "brave"
      ]
    }
  },
  "single_link": {
    "score": 0.36259573698043823,
    "time": 0.0003421306610107422,
    "start_wsp": {
      "name": "chief.n.2",
      "definition": "the head of a tribe or clan",
      "onyms": [
        "chief",
        "Owen_Glendower",
        "chieftain",
        "pendragon",
        "Rollo",
        "Rolf",
        "Hrolf",
        "headman",
        "Glendower",
        "Indian_chief",
        "leader",
        "tribal_chief",
        "Indian_chieftain"
      ]
    },
    "end_wsp": {
      "name": "braves.n.0",
      "definition": "a North American Indian warrior",
      "onyms": [
        "warrior",
        "brave"
      ]
    }
  },
  "total_vector": {
    "score": 0.2657812237739563,
    "time": 1.318274974822998,
    "start_wsp": {
      "name": "chief.n.2",
      "definition": "the head of a tribe or clan",
      "onyms": [
        "chief",
        "Owen_Glendower",
        "chieftain",
        "pendragon",
        "Rollo",
        "Rolf",
        "Hrolf",
        "headman",
        "Glendower",
        "Indian_chief",
        "leader",
        "tribal_chief",
        "Indian_chieftain"
      ]
    },
    "end_wsp": {
      "name": "braves.n.0",
      "definition": "a North American Indian warrior",
      "onyms": [
        "warrior",
        "brave"
      ]
    }
  }
}