{
  "average_link": {
    "score": 0.23479805290699005,
    "time": 4.267692565917969e-05,
    "start_wsp": {
      "name": "chinked.s.3",
      "definition": "having narrow opening filled",
      "onyms": [
        "chinked",
        "stopped-up"
      ]
    },
    "end_wsp": {
      "name": "chink.n.1",
      "definition": "a narrow opening as e.g. between planks in a wall",
      "onyms": [
        "chink",
        "fissure",
        "crevice",
        "cleft",
        "scissure",
        "crack"
      ]
    }
  },
  "average_vector": {
    "score": 1.0,
    "time": 1.3200716972351074,
    "start_wsp": {
      "name": "chinked.v.0",
      "definition": "make or emit a high sound",
      "onyms": [
        "chink",
        "tink",
        "sound",
        "go",
        "clink",
        "tinkle"
      ]
    },
    "end_wsp": {
      "name": "chink.v.3",
      "definition": "make or emit a high sound",
      "onyms": [
        "chink",
        "tink",
        "sound",
        "go",
        "clink",
        "tinkle"
      ]
    }
  },
  "complete_link": {
    "score": 0.18894633650779724,
    "time": 3.981590270996094e-05,
    "start_wsp": {
      "name": "chinked.s.3",
      "definition": "having narrow opening filled",
      "onyms": [
        "chinked",
        "stopped-up"
      ]
    },
    "end_wsp": {
      "name": "chink.v.5",
      "definition": "make cracks or chinks in",
      "onyms": [
        "check",
        "crack",
        "chink"
      ]
    }
  },
  "single_link": {
    "score": 1.0,
    "time": 3.7670135498046875e-05,
    "start_wsp": {
      "name": "chinked.v.0",
      "definition": "make or emit a high sound",
      "onyms": [
        "chink",
        "tink",
        "sound",
        "go",
        "clink",
        "tinkle"
      ]
    },
    "end_wsp": {
      "name": "chink.n.0",
      "definition": "(ethnic slur) offensive term for a person of Chinese descent",
      "onyms": [
        "chink",
        "Chinaman",
        "Chinese"
      ]
    }
  },
  "total_vector": {
    "score": 1.0,
    "time": 1.3373963832855225,
    "start_wsp": {
      "name": "chinked.v.0",
      "definition": "make or emit a high sound",
      "onyms": [
        "chink",
        "tink",
        "sound",
        "go",
        "clink",
        "tinkle"
      ]
    },
    "end_wsp": {
      "name": "chink.v.3",
      "definition": "make or emit a high sound",
      "onyms": [
        "chink",
        "tink",
        "sound",
        "go",
        "clink",
        "tinkle"
      ]
    }
  }
}