{
  "average_link": {
    "score": 0.1602953846255938,
    "time": 4.935264587402344e-05,
    "start_wsp": {
      "name": "cloud.v.13",
      "definition": "make milky or dull",
      "onyms": [
        "cloud",
        "dull"
      ]
    },
    "end_wsp": {
      "name": "foggy.s.2",
      "definition": "filled or abounding with fog or mist",
      "onyms": [
        "brumous",
        "misty",
        "foggy",
        "hazy"
      ]
    }
  },
  "average_vector": {
    "score": 0.6959688663482666,
    "time": 9.783051490783691,
    "start_wsp": {
      "name": "cloud.v.6",
      "definition": "make overcast or cloudy",
      "onyms": [
        "darken",
        "haze",
        "cloud",
        "overcast",
        "fog_up"
      ]
    },
    "end_wsp": {
      "name": "foggy.s.2",
      "definition": "filled or abounding with fog or mist",
      "onyms": [
        "brumous",
        "misty",
        "foggy",
        "hazy"
      ]
    }
  },
  "complete_link": {
    "score": 0.2980712056159973,
    "time": 4.982948303222656e-05,
    "start_wsp": {
      "name": "cloud.v.6",
      "definition": "make overcast or cloudy",
      "onyms": [
        "darken",
        "haze",
        "cloud",
        "overcast",
        "fog_up"
      ]
    },
    "end_wsp": {
      "name": "foggy.s.2",
      "definition": "filled or abounding with fog or mist",
      "onyms": [
        "brumous",
        "misty",
        "foggy",
        "hazy"
      ]
    }
  },
  "single_link": {
    "score": 0.6556028127670288,
    "time": 4.291534423828125e-05,
    "start_wsp": {
      "name": "cloud.v.7",
      "definition": "make less visible or unclear",
      "onyms": [
        "becloud",
        "obnubilate",
        "hide",
        "obscure",
        "mist",
        "conceal",
        "cloud",
        "fog",
        "befog",
        "overshadow",
        "haze_over"
      ]
    },
    "end_wsp": {
      "name": "foggy.s.0",
      "definition": "stunned or confused and slow to react (as from blows or drunkenness or exhaustion)",
      "onyms": [
        "logy",
        "dazed",
        "groggy",
        "stuporous",
        "foggy"
      ]
    }
  },
  "total_vector": {
    "score": 0.6959688663482666,
    "time": 10.16000247001648,
    "start_wsp": {
      "name": "cloud.v.6",
      "definition": "make overcast or cloudy",
      "onyms": [
        "darken",
        "haze",
        "cloud",
        "overcast",
        "fog_up"
      ]
    },
    "end_wsp": {
      "name": "foggy.s.2",
      "definition": "filled or abounding with fog or mist",
      "onyms": [
        "brumous",
        "misty",
        "foggy",
        "hazy"
      ]
    }
  }
}