{
  "average_link": {
    "score": 0.1758598486582438,
    "time": 0.00040531158447265625,
    "start_wsp": {
      "name": "clumped.v.2",
      "definition": "walk clumsily",
      "onyms": [
        "clump",
        "clomp",
        "walk"
      ]
    },
    "end_wsp": {
      "name": "clump.v.5",
      "definition": "walk clumsily",
      "onyms": [
        "clump",
        "clomp",
        "walk"
      ]
    }
  },
  "average_vector": {
    "score": 1.0,
    "time": 1.3747272491455078,
    "start_wsp": {
      "name": "clumped.v.1",
      "definition": "come together as in a cluster or flock",
      "onyms": [
        "clump",
        "forgather",
        "constellate",
        "assemble",
        "bunch_up",
        "flock",
        "huddle_together",
        "meet",
        "foregather",
        "bunch",
        "huddle",
        "bunch_together",
        "cluster",
        "gather"
      ]
    },
    "end_wsp": {
      "name": "clump.v.4",
      "definition": "come together as in a cluster or flock",
      "onyms": [
        "clump",
        "forgather",
        "constellate",
        "assemble",
        "bunch_up",
        "flock",
        "huddle_together",
        "meet",
        "foregather",
        "bunch",
        "huddle",
        "bunch_together",
        "cluster",
        "gather"
      ]
    }
  },
  "complete_link": {
    "score": 0.18398204445838928,
    "time": 0.00041484832763671875,
    "start_wsp": {
      "name": "clumped.v.2",
      "definition": "walk clumsily",
      "onyms": [
        "clump",
        "clomp",
        "walk"
      ]
    },
    "end_wsp": {
      "name": "clump.v.5",
      "definition": "walk clumsily",
      "onyms": [
        "clump",
        "clomp",
        "walk"
      ]
    }
  },
  "single_link": {
    "score": 1.0000001192092896,
    "time": 0.0003681182861328125,
    "start_wsp": {
      "name": "clumped.v.1",
      "definition": "come together as in a cluster or flock",
      "onyms": [
        "clump",
        "forgather",
        "constellate",
        "assemble",
        "bunch_up",
        "flock",
        "huddle_together",
        "meet",
        "foregather",
        "bunch",
        "huddle",
        "bunch_together",
        "cluster",
        "gather"
      ]
    },
    "end_wsp": {
      "name": "clump.v.4",
      "definition": "come together as in a cluster or flock",
      "onyms": [
        "clump",
        "forgather",
        "constellate",
        "assemble",
        "bunch_up",
        "flock",
        "huddle_together",
        "meet",
        "foregather",
        "bunch",
        "huddle",
        "bunch_together",
        "cluster",
        "gather"
      ]
    }
  },
  "total_vector": {
    "score": 1.0,
    "time": 1.325089454650879,
    "start_wsp": {
      "name": "clumped.v.1",
      "definition": "come together as in a cluster or flock",
      "onyms": [
        "clump",
        "forgather",
        "constellate",
        "assemble",
        "bunch_up",
        "flock",
        "huddle_together",
        "meet",
        "foregather",
        "bunch",
        "huddle",
        "bunch_together",
        "cluster",
        "gather"
      ]
    },
    "end_wsp": {
      "name": "clump.v.4",
      "definition": "come together as in a cluster or flock",
      "onyms": [
        "clump",
        "forgather",
        "constellate",
        "assemble",
        "bunch_up",
        "flock",
        "huddle_together",
        "meet",
        "foregather",
        "bunch",
        "huddle",
        "bunch_together",
        "cluster",
        "gather"
      ]
    }
  }
}