{
  "average_link": {
    "score": 0.030919817946851252,
    "time": 0.00039076805114746094,
    "start_wsp": {
      "name": "cockeyed.s.0",
      "definition": "turned or twisted toward one side; - G.K.Chesterton",
      "onyms": [
        "skew-whiff",
        "lopsided",
        "wonky",
        "awry",
        "cockeyed",
        "askew"
      ]
    },
    "end_wsp": {
      "name": "drunk.a.7",
      "definition": "stupefied or excited by a chemical substance (especially alcohol)",
      "onyms": [
        "intoxicated",
        "inebriated",
        "drunk"
      ]
    }
  },
  "average_vector": {
    "score": 0.6461486220359802,
    "time": 1.336604118347168,
    "start_wsp": {
      "name": "cockeyed.s.2",
      "definition": "very drunk",
      "onyms": [
        "soused",
        "pie-eyed",
        "smashed",
        "blind_drunk",
        "wet",
        "blotto",
        "sloshed",
        "slopped",
        "soaked",
        "stiff",
        "tight",
        "squiffy",
        "pixilated",
        "crocked",
        "besotted",
        "fuddled",
        "cockeyed",
        "pissed",
        "loaded",
        "plastered",
        "sozzled"
      ]
    },
    "end_wsp": {
      "name": "drunk.n.0",
      "definition": "a chronic drinker",
      "onyms": [
        "toper",
        "wino",
        "rummy",
        "alcoholic",
        "boozer",
        "inebriate",
        "souse",
        "imbiber",
        "drunk",
        "alky",
        "dipsomaniac",
        "sot",
        "soaker",
        "juicer",
        "drunkard",
        "drinker",
        "lush"
      ]
    }
  },
  "complete_link": {
    "score": 0.05090756714344025,
    "time": 0.0004017353057861328,
    "start_wsp": {
      "name": "cockeyed.s.1",
      "definition": "incongruous;inviting ridicule",
      "onyms": [
        "nonsensical",
        "laughable",
        "ridiculous",
        "preposterous",
        "ludicrous",
        "absurd",
        "idiotic",
        "derisory",
        "cockeyed"
      ]
    },
    "end_wsp": {
      "name": "drunk.a.7",
      "definition": "stupefied or excited by a chemical substance (especially alcohol)",
      "onyms": [
        "intoxicated",
        "inebriated",
        "drunk"
      ]
    }
  },
  "single_link": {
    "score": 0.6402877569198608,
    "time": 0.0003752708435058594,
    "start_wsp": {
      "name": "cockeyed.s.2",
      "definition": "very drunk",
      "onyms": [
        "soused",
        "pie-eyed",
        "smashed",
        "blind_drunk",
        "wet",
        "blotto",
        "sloshed",
        "slopped",
        "soaked",
        "stiff",
        "tight",
        "squiffy",
        "pixilated",
        "crocked",
        "besotted",
        "fuddled",
        "cockeyed",
        "pissed",
        "loaded",
        "plastered",
        "sozzled"
      ]
    },
    "end_wsp": {
      "name": "drunk.n.0",
      "definition": "a chronic drinker",
      "onyms": [
        "toper",
        "wino",
        "rummy",
        "alcoholic",
        "boozer",
        "inebriate",
        "souse",
        "imbiber",
        "drunk",
        "alky",
        "dipsomaniac",
        "sot",
        "soaker",
        "juicer",
        "drunkard",
        "drinker",
        "lush"
      ]
    }
  },
  "total_vector": {
    "score": 0.6461486220359802,
    "time": 1.3104074001312256,
    "start_wsp": {
      "name": "cockeyed.s.2",
      "definition": "very drunk",
      "onyms": [
        "soused",
        "pie-eyed",
        "smashed",
        "blind_drunk",
        "wet",
        "blotto",
        "sloshed",
        "slopped",
        "soaked",
        "stiff",
        "tight",
        "squiffy",
        "pixilated",
        "crocked",
        "besotted",
        "fuddled",
        "cockeyed",
        "pissed",
        "loaded",
        "plastered",
        "sozzled"
      ]
    },
    "end_wsp": {
      "name": "drunk.n.0",
      "definition": "a chronic drinker",
      "onyms": [
        "toper",
        "wino",
        "rummy",
        "alcoholic",
        "boozer",
        "inebriate",
        "souse",
        "imbiber",
        "drunk",
        "alky",
        "dipsomaniac",
        "sot",
        "soaker",
        "juicer",
        "drunkard",
        "drinker",
        "lush"
      ]
    }
  }
}