{
  "average_link": {
    "score": 0.2680939733982086,
    "time": 4.506111145019531e-05,
    "start_wsp": {
      "name": "comfortable.a.1",
      "definition": "free from stress or conducive to mental ease; having or affording peace of mind",
      "onyms": [
        "comfortable"
      ]
    },
    "end_wsp": {
      "name": "comforted.s.2",
      "definition": "made comfortable or more comfortable in a time of distress",
      "onyms": [
        "comforted"
      ]
    }
  },
  "average_vector": {
    "score": 0.3577609062194824,
    "time": 1.2845051288604736,
    "start_wsp": {
      "name": "comfortable.a.1",
      "definition": "free from stress or conducive to mental ease; having or affording peace of mind",
      "onyms": [
        "comfortable"
      ]
    },
    "end_wsp": {
      "name": "comforted.v.0",
      "definition": "give moral or emotional strength to",
      "onyms": [
        "relieve",
        "lull",
        "solace",
        "console",
        "quiet",
        "still",
        "tranquilize",
        "comfort",
        "calm_down",
        "quieten",
        "tranquillise",
        "allay",
        "soothe",
        "tranquillize",
        "calm",
        "ease"
      ]
    }
  },
  "complete_link": {
    "score": 0.2680939733982086,
    "time": 4.2438507080078125e-05,
    "start_wsp": {
      "name": "comfortable.a.1",
      "definition": "free from stress or conducive to mental ease; having or affording peace of mind",
      "onyms": [
        "comfortable"
      ]
    },
    "end_wsp": {
      "name": "comforted.s.2",
      "definition": "made comfortable or more comfortable in a time of distress",
      "onyms": [
        "comforted"
      ]
    }
  },
  "single_link": {
    "score": 0.47483375668525696,
    "time": 4.0531158447265625e-05,
    "start_wsp": {
      "name": "comfortable.a.0",
      "definition": "providing or experiencing physical well-being or relief (`comfy' is informal)",
      "onyms": [
        "comfortable",
        "comfy"
      ]
    },
    "end_wsp": {
      "name": "comforted.v.0",
      "definition": "give moral or emotional strength to",
      "onyms": [
        "relieve",
        "lull",
        "solace",
        "console",
        "quiet",
        "still",
        "tranquilize",
        "comfort",
        "calm_down",
        "quieten",
        "tranquillise",
        "allay",
        "soothe",
        "tranquillize",
        "calm",
        "ease"
      ]
    }
  },
  "total_vector": {
    "score": 0.3577609062194824,
    "time": 1.286921739578247,
    "start_wsp": {
      "name": "comfortable.a.1",
      "definition": "free from stress or conducive to mental ease; having or affording peace of mind",
      "onyms": [
        "comfortable"
      ]
    },
    "end_wsp": {
      "name": "comforted.v.0",
      "definition": "give moral or emotional strength to",
      "onyms": [
        "relieve",
        "lull",
        "solace",
        "console",
        "quiet",
        "still",
        "tranquilize",
        "comfort",
        "calm_down",
        "quieten",
        "tranquillise",
        "allay",
        "soothe",
        "tranquillize",
        "calm",
        "ease"
      ]
    }
  }
}