{
  "average_link": {
    "score": 0.09057455556467175,
    "time": 5.221366882324219e-05,
    "start_wsp": {
      "name": "composite.s.2",
      "definition": "consisting of separate interconnected parts",
      "onyms": [
        "composite"
      ]
    },
    "end_wsp": {
      "name": "flower.n.1",
      "definition": "reproductive organ of angiosperm plants especially one having showy or colorful parts",
      "onyms": [
        "perianth",
        "reproductive_structure",
        "floral_leaf",
        "flowering_plant",
        "apetalous_flower",
        "floral_envelope",
        "inflorescence",
        "angiosperm",
        "flower",
        "bud",
        "pistil",
        "bloom",
        "floweret",
        "floret",
        "perigone",
        "chrysanthemum",
        "perigonium",
        "stamen",
        "ray_flower",
        "blossom",
        "ray_floret",
        "ovary",
        "carpel",
        "chlamys"
      ]
    }
  },
  "average_vector": {
    "score": 0.8798507452011108,
    "time": 1.3604106903076172,
    "start_wsp": {
      "name": "composite.n.1",
      "definition": "considered the most highly evolved dicotyledonous plants, characterized by florets arranged in dense heads that resemble single flowers",
      "onyms": [
        "Compositae",
        "Anthemis_arvensis",
        "stinking_mayweed",
        "everlasting",
        "field_chamomile",
        "composite_plant",
        "Pyrenees_daisy",
        "Chrysanthemum_maximum",
        "corn_chamomile",
        "compass_flower",
        "Tanacetum_vulgare",
        "crownbeard",
        "Leucanthemum_lacustre",
        "scented_fern",
        "family_Asteraceae",
        "aster_family",
        "mayweed",
        "flower",
        "everlasting_flower",
        "crown_beard",
        "shasta_daisy",
        "golden_marguerite",
        "silver-lace",
        "oxeye_daisy",
        "compass_plant",
        "golden_buttons",
        "family_Compositae",
        "silver_lace",
        "dyers'_chamomile",
        "Leucanthemum_superbum",
        "Chrysanthemum_ptarmiciflorum",
        "stinking_chamomile",
        "Chrysanthemum_maximum_maximum",
        "yellow_chamomile",
        "crown-beard",
        "Tanacetum_ptarmiciflorum",
        "Anthemis_tinctoria",
        "Leucanthemum_maximum",
        "Anthemis_cotula",
        "tansy",
        "corn_mayweed",
        "Asteraceae",
        "dog_fennel",
        "composite",
        "Chrysanthemum_lacustre",
        "dusty_miller"
      ]
    },
    "end_wsp": {
      "name": "flower.n.0",
      "definition": "a plant cultivated for its blooms or blossoms",
      "onyms": [
        "blue-eyed_African_daisy",
        "Clatonia_lanceolata",
        "composite_plant",
        "bartonia",
        "Schizopetalon_walkeri",
        "blazing_star",
        "Felicia_bergeriana",
        "babies'-breath",
        "Episcia_dianthiflora",
        "Centaurea_imperialis",
        "western_wall_flower",
        "Centaurea_cyanus",
        "angiosperm",
        "flowering_plant",
        "baby's_breath",
        "aster",
        "Cotula_coronopifolia",
        "Claytonia_caroliniana",
        "cosmea",
        "pebble_plant",
        "schizanthus",
        "florest's_cineraria",
        "Mexican_sunflower",
        "marguerite",
        "campion",
        "xeranthemum",
        "Saintpaulia_ionantha",
        "calla_lily",
        "Virginia_spring_beauty",
        "horn_poppy",
        "daisy",
        "toadflax",
        "Dahlia_pinnata",
        "Cyclamen_purpurascens",
        "Erysimum_asperum",
        "hot_water_plant",
        "catananche",
        "commelina",
        "wandflower",
        "calla",
        "Easter_daisy",
        "cineraria",
        "cyclamen",
        "cudweed",
        "stokes'_aster",
        "poor_man's_orchid",
        "Conoclinium_coelestinum",
        "garden_pink",
        "lychnis",
        "nigella",
        "scorpionweed",
        "Mentzelia_laevicaulis",
        "Christmas_bells",
        "snapdragon",
        "achimenes",
        "orchidaceous_plant",
        "brass_buttons",
        "Saponaria_officinalis",
        "Arctotis_venusta",
        "Hesperis_matronalis",
        "poppy",
        "valerian",
        "woodland_star",
        "Lithophragma_affinis",
        "coral_drops",
        "tidy_tips",
        "ageratum",
        "marigold",
        "sweet_alyssum",
        "sweet_alison",
        "peony",
        "lace-flower_vine",
        "Leucanthemum_vulgare",
        "petunia",
        "Consolida_ambigua",
        "scabious",
        "Chrysanthemum_coccineum",
        "sweet_rocket",
        "anemone",
        "ursinia",
        "begonia",
        "Lonas_annua",
        "damask_violet",
        "bellwort",
        "orchid",
        "portulaca",
        "columbine",
        "spathiphyllum",
        "prairie_rocket",
        "Lindheimera_texana",
        "streptocarpus",
        "tidytips",
        "Erysimum_arkansanum",
        "Lithophragma_affine",
        "Gypsophila_paniculata",
        "sweet_sultan",
        "Swan_River_daisy",
        "stemless_daisy",
        "Lonas_inodora",
        "calendula",
        "cornflower_aster",
        "Saponaria_vaccaria",
        "gazania",
        "ammobium",
        "painted_daisy",
        "cape_marigold",
        "Moehringia_mucosa",
        "tuberose",
        "heliophila",
        "pilewort",
        "star_of_the_veldt",
        "sea_poppy",
        "Stokesia_laevis",
        "Ranunculus_ficaria",
        "catchfly",
        "schizopetalon",
        "paeony",
        "French_honeysuckle",
        "Arctotis_stoechadifolia",
        "Mentzelia_livicaulis",
        "billy_buttons",
        "bush_violet",
        "four_o'clock",
        "Carolina_spring_beauty",
        "calceolaria",
        "Brachycome_Iberidifolia",
        "Anemonella_thalictroides",
        "hedge_pink",
        "pyrethrum",
        "vervain",
        "verbena",
        "Townsendia_Exscapa",
        "wild_snapdragon",
        "arum_lily",
        "slipperwort",
        "Dame's_violet",
        "centaury",
        "moon_daisy",
        "cowherb",
        "coneflower",
        "Moehringia_lateriflora",
        "kingfisher_daisy",
        "flower",
        "dahlia",
        "Polianthes_tuberosa",
        "stock",
        "Centaurea_moschata",
        "Erysimum_cheiri",
        "African_violet",
        "Delphinium_ajacis",
        "Sparaxis_tricolor",
        "Cheiranthus_asperus",
        "bouncing_Bet",
        "rocket_larkspur",
        "windflower",
        "phacelia",
        "Texas_star",
        "candytuft",
        "bachelor's_button",
        "pink",
        "oxeye_daisy",
        "umbrellawort",
        "fig_marigold",
        "globe_amaranth",
        "old_maid",
        "Pericallis_hybrida",
        "yellow_ageratum",
        "peace_lily",
        "Callistephus_chinensis",
        "China_aster",
        "Glaucium_flavum",
        "yellow_horned_poppy",
        "bloomer",
        "gentian",
        "old_maid_flower",
        "aquilegia",
        "blue_daisy",
        "ox-eyed_daisy",
        "Malcolm_stock",
        "spring_beauty",
        "Virginian_stock",
        "pheasant's-eye",
        "speedwell",
        "Cyclamen_neopolitanum",
        "cow_cockle",
        "silene",
        "bluebottle",
        "Layia_platyglossa",
        "veronica",
        "sun_marigold",
        "Cyclamen_hederifolium",
        "cotton_rose",
        "Senecio_cruentus",
        "Gomphrena_globosa",
        "scabiosa",
        "Malcolmia_maritima",
        "lesser_celandine",
        "Adonis_annua",
        "Lobularia_maritima",
        "spathe_flower",
        "bouncing_Bess",
        "Zantedeschia_aethiopica",
        "African_daisy",
        "mistflower",
        "wallflower",
        "Felicia_amelloides",
        "zinnia",
        "corydalis",
        "Alsobia_dianthiflora",
        "Vaccaria_hispanica",
        "helianthus",
        "wild_oats",
        "red_valerian",
        "merry_bells",
        "cosmos",
        "Chrysanthemum_leucanthemum",
        "rue_anemone",
        "soapwort",
        "shortia",
        "blue_marguerite",
        "delphinium",
        "Mentzelia_lindleyi",
        "Vaccaria_pyramidata",
        "Virginia_stock",
        "Amberboa_moschata",
        "aquilege",
        "sowbread",
        "Linaria_vulgaris",
        "chrysanthemum",
        "gerardia",
        "Cheiranthus_cheiri",
        "butter-and-eggs",
        "cornflower",
        "Centranthus_ruber",
        "browallia",
        "white-topped_aster",
        "scorpion_weed",
        "filago",
        "gillyflower",
        "Eupatorium_coelestinum",
        "horned_poppy",
        "mist-flower",
        "scarlet_musk_flower",
        "white_daisy",
        "butterfly_flower",
        "Nyctaginia_capitata",
        "Pericallis_cruenta",
        "devil's_flax",
        "composite",
        "Claytonia_virginica",
        "Tellima_affinis",
        "sunflower",
        "sandwort",
        "tithonia",
        "Bessera_elegans",
        "Tanacetum_coccineum"
      ]
    }
  },
  "complete_link": {
    "score": -0.04736480861902237,
    "time": 4.887580871582031e-05,
    "start_wsp": {
      "name": "composite.n.1",
      "definition": "considered the most highly evolved dicotyledonous plants, characterized by florets arranged in dense heads that resemble single flowers",
      "onyms": [
        "Compositae",
        "Anthemis_arvensis",
        "stinking_mayweed",
        "everlasting",
        "field_chamomile",
        "composite_plant",
        "Pyrenees_daisy",
        "Chrysanthemum_maximum",
        "corn_chamomile",
        "compass_flower",
        "Tanacetum_vulgare",
        "crownbeard",
        "Leucanthemum_lacustre",
        "scented_fern",
        "family_Asteraceae",
        "aster_family",
        "mayweed",
        "flower",
        "everlasting_flower",
        "crown_beard",
        "shasta_daisy",
        "golden_marguerite",
        "silver-lace",
        "oxeye_daisy",
        "compass_plant",
        "golden_buttons",
        "family_Compositae",
        "silver_lace",
        "dyers'_chamomile",
        "Leucanthemum_superbum",
        "Chrysanthemum_ptarmiciflorum",
        "stinking_chamomile",
        "Chrysanthemum_maximum_maximum",
        "yellow_chamomile",
        "crown-beard",
        "Tanacetum_ptarmiciflorum",
        "Anthemis_tinctoria",
        "Leucanthemum_maximum",
        "Anthemis_cotula",
        "tansy",
        "corn_mayweed",
        "Asteraceae",
        "dog_fennel",
        "composite",
        "Chrysanthemum_lacustre",
        "dusty_miller"
      ]
    },
    "end_wsp": {
      "name": "flower.n.0",
      "definition": "a plant cultivated for its blooms or blossoms",
      "onyms": [
        "blue-eyed_African_daisy",
        "Clatonia_lanceolata",
        "composite_plant",
        "bartonia",
        "Schizopetalon_walkeri",
        "blazing_star",
        "Felicia_bergeriana",
        "babies'-breath",
        "Episcia_dianthiflora",
        "Centaurea_imperialis",
        "western_wall_flower",
        "Centaurea_cyanus",
        "angiosperm",
        "flowering_plant",
        "baby's_breath",
        "aster",
        "Cotula_coronopifolia",
        "Claytonia_caroliniana",
        "cosmea",
        "pebble_plant",
        "schizanthus",
        "florest's_cineraria",
        "Mexican_sunflower",
        "marguerite",
        "campion",
        "xeranthemum",
        "Saintpaulia_ionantha",
        "calla_lily",
        "Virginia_spring_beauty",
        "horn_poppy",
        "daisy",
        "toadflax",
        "Dahlia_pinnata",
        "Cyclamen_purpurascens",
        "Erysimum_asperum",
        "hot_water_plant",
        "catananche",
        "commelina",
        "wandflower",
        "calla",
        "Easter_daisy",
        "cineraria",
        "cyclamen",
        "cudweed",
        "stokes'_aster",
        "poor_man's_orchid",
        "Conoclinium_coelestinum",
        "garden_pink",
        "lychnis",
        "nigella",
        "scorpionweed",
        "Mentzelia_laevicaulis",
        "Christmas_bells",
        "snapdragon",
        "achimenes",
        "orchidaceous_plant",
        "brass_buttons",
        "Saponaria_officinalis",
        "Arctotis_venusta",
        "Hesperis_matronalis",
        "poppy",
        "valerian",
        "woodland_star",
        "Lithophragma_affinis",
        "coral_drops",
        "tidy_tips",
        "ageratum",
        "marigold",
        "sweet_alyssum",
        "sweet_alison",
        "peony",
        "lace-flower_vine",
        "Leucanthemum_vulgare",
        "petunia",
        "Consolida_ambigua",
        "scabious",
        "Chrysanthemum_coccineum",
        "sweet_rocket",
        "anemone",
        "ursinia",
        "begonia",
        "Lonas_annua",
        "damask_violet",
        "bellwort",
        "orchid",
        "portulaca",
        "columbine",
        "spathiphyllum",
        "prairie_rocket",
        "Lindheimera_texana",
        "streptocarpus",
        "tidytips",
        "Erysimum_arkansanum",
        "Lithophragma_affine",
        "Gypsophila_paniculata",
        "sweet_sultan",
        "Swan_River_daisy",
        "stemless_daisy",
        "Lonas_inodora",
        "calendula",
        "cornflower_aster",
        "Saponaria_vaccaria",
        "gazania",
        "ammobium",
        "painted_daisy",
        "cape_marigold",
        "Moehringia_mucosa",
        "tuberose",
        "heliophila",
        "pilewort",
        "star_of_the_veldt",
        "sea_poppy",
        "Stokesia_laevis",
        "Ranunculus_ficaria",
        "catchfly",
        "schizopetalon",
        "paeony",
        "French_honeysuckle",
        "Arctotis_stoechadifolia",
        "Mentzelia_livicaulis",
        "billy_buttons",
        "bush_violet",
        "four_o'clock",
        "Carolina_spring_beauty",
        "calceolaria",
        "Brachycome_Iberidifolia",
        "Anemonella_thalictroides",
        "hedge_pink",
        "pyrethrum",
        "vervain",
        "verbena",
        "Townsendia_Exscapa",
        "wild_snapdragon",
        "arum_lily",
        "slipperwort",
        "Dame's_violet",
        "centaury",
        "moon_daisy",
        "cowherb",
        "coneflower",
        "Moehringia_lateriflora",
        "kingfisher_daisy",
        "flower",
        "dahlia",
        "Polianthes_tuberosa",
        "stock",
        "Centaurea_moschata",
        "Erysimum_cheiri",
        "African_violet",
        "Delphinium_ajacis",
        "Sparaxis_tricolor",
        "Cheiranthus_asperus",
        "bouncing_Bet",
        "rocket_larkspur",
        "windflower",
        "phacelia",
        "Texas_star",
        "candytuft",
        "bachelor's_button",
        "pink",
        "oxeye_daisy",
        "umbrellawort",
        "fig_marigold",
        "globe_amaranth",
        "old_maid",
        "Pericallis_hybrida",
        "yellow_ageratum",
        "peace_lily",
        "Callistephus_chinensis",
        "China_aster",
        "Glaucium_flavum",
        "yellow_horned_poppy",
        "bloomer",
        "gentian",
        "old_maid_flower",
        "aquilegia",
        "blue_daisy",
        "ox-eyed_daisy",
        "Malcolm_stock",
        "spring_beauty",
        "Virginian_stock",
        "pheasant's-eye",
        "speedwell",
        "Cyclamen_neopolitanum",
        "cow_cockle",
        "silene",
        "bluebottle",
        "Layia_platyglossa",
        "veronica",
        "sun_marigold",
        "Cyclamen_hederifolium",
        "cotton_rose",
        "Senecio_cruentus",
        "Gomphrena_globosa",
        "scabiosa",
        "Malcolmia_maritima",
        "lesser_celandine",
        "Adonis_annua",
        "Lobularia_maritima",
        "spathe_flower",
        "bouncing_Bess",
        "Zantedeschia_aethiopica",
        "African_daisy",
        "mistflower",
        "wallflower",
        "Felicia_amelloides",
        "zinnia",
        "corydalis",
        "Alsobia_dianthiflora",
        "Vaccaria_hispanica",
        "helianthus",
        "wild_oats",
        "red_valerian",
        "merry_bells",
        "cosmos",
        "Chrysanthemum_leucanthemum",
        "rue_anemone",
        "soapwort",
        "shortia",
        "blue_marguerite",
        "delphinium",
        "Mentzelia_lindleyi",
        "Vaccaria_pyramidata",
        "Virginia_stock",
        "Amberboa_moschata",
        "aquilege",
        "sowbread",
        "Linaria_vulgaris",
        "chrysanthemum",
        "gerardia",
        "Cheiranthus_cheiri",
        "butter-and-eggs",
        "cornflower",
        "Centranthus_ruber",
        "browallia",
        "white-topped_aster",
        "scorpion_weed",
        "filago",
        "gillyflower",
        "Eupatorium_coelestinum",
        "horned_poppy",
        "mist-flower",
        "scarlet_musk_flower",
        "white_daisy",
        "butterfly_flower",
        "Nyctaginia_capitata",
        "Pericallis_cruenta",
        "devil's_flax",
        "composite",
        "Claytonia_virginica",
        "Tellima_affinis",
        "sunflower",
        "sandwort",
        "tithonia",
        "Bessera_elegans",
        "Tanacetum_coccineum"
      ]
    }
  },
  "single_link": {
    "score": 1.0,
    "time": 4.5299530029296875e-05,
    "start_wsp": {
      "name": "composite.n.0",
      "definition": "a conceptual whole made up of complicated and related parts",
      "onyms": [
        "complex",
        "hybrid",
        "composite",
        "whole",
        "syndrome"
      ]
    },
    "end_wsp": {
      "name": "flower.n.0",
      "definition": "a plant cultivated for its blooms or blossoms",
      "onyms": [
        "blue-eyed_African_daisy",
        "Clatonia_lanceolata",
        "composite_plant",
        "bartonia",
        "Schizopetalon_walkeri",
        "blazing_star",
        "Felicia_bergeriana",
        "babies'-breath",
        "Episcia_dianthiflora",
        "Centaurea_imperialis",
        "western_wall_flower",
        "Centaurea_cyanus",
        "angiosperm",
        "flowering_plant",
        "baby's_breath",
        "aster",
        "Cotula_coronopifolia",
        "Claytonia_caroliniana",
        "cosmea",
        "pebble_plant",
        "schizanthus",
        "florest's_cineraria",
        "Mexican_sunflower",
        "marguerite",
        "campion",
        "xeranthemum",
        "Saintpaulia_ionantha",
        "calla_lily",
        "Virginia_spring_beauty",
        "horn_poppy",
        "daisy",
        "toadflax",
        "Dahlia_pinnata",
        "Cyclamen_purpurascens",
        "Erysimum_asperum",
        "hot_water_plant",
        "catananche",
        "commelina",
        "wandflower",
        "calla",
        "Easter_daisy",
        "cineraria",
        "cyclamen",
        "cudweed",
        "stokes'_aster",
        "poor_man's_orchid",
        "Conoclinium_coelestinum",
        "garden_pink",
        "lychnis",
        "nigella",
        "scorpionweed",
        "Mentzelia_laevicaulis",
        "Christmas_bells",
        "snapdragon",
        "achimenes",
        "orchidaceous_plant",
        "brass_buttons",
        "Saponaria_officinalis",
        "Arctotis_venusta",
        "Hesperis_matronalis",
        "poppy",
        "valerian",
        "woodland_star",
        "Lithophragma_affinis",
        "coral_drops",
        "tidy_tips",
        "ageratum",
        "marigold",
        "sweet_alyssum",
        "sweet_alison",
        "peony",
        "lace-flower_vine",
        "Leucanthemum_vulgare",
        "petunia",
        "Consolida_ambigua",
        "scabious",
        "Chrysanthemum_coccineum",
        "sweet_rocket",
        "anemone",
        "ursinia",
        "begonia",
        "Lonas_annua",
        "damask_violet",
        "bellwort",
        "orchid",
        "portulaca",
        "columbine",
        "spathiphyllum",
        "prairie_rocket",
        "Lindheimera_texana",
        "streptocarpus",
        "tidytips",
        "Erysimum_arkansanum",
        "Lithophragma_affine",
        "Gypsophila_paniculata",
        "sweet_sultan",
        "Swan_River_daisy",
        "stemless_daisy",
        "Lonas_inodora",
        "calendula",
        "cornflower_aster",
        "Saponaria_vaccaria",
        "gazania",
        "ammobium",
        "painted_daisy",
        "cape_marigold",
        "Moehringia_mucosa",
        "tuberose",
        "heliophila",
        "pilewort",
        "star_of_the_veldt",
        "sea_poppy",
        "Stokesia_laevis",
        "Ranunculus_ficaria",
        "catchfly",
        "schizopetalon",
        "paeony",
        "French_honeysuckle",
        "Arctotis_stoechadifolia",
        "Mentzelia_livicaulis",
        "billy_buttons",
        "bush_violet",
        "four_o'clock",
        "Carolina_spring_beauty",
        "calceolaria",
        "Brachycome_Iberidifolia",
        "Anemonella_thalictroides",
        "hedge_pink",
        "pyrethrum",
        "vervain",
        "verbena",
        "Townsendia_Exscapa",
        "wild_snapdragon",
        "arum_lily",
        "slipperwort",
        "Dame's_violet",
        "centaury",
        "moon_daisy",
        "cowherb",
        "coneflower",
        "Moehringia_lateriflora",
        "kingfisher_daisy",
        "flower",
        "dahlia",
        "Polianthes_tuberosa",
        "stock",
        "Centaurea_moschata",
        "Erysimum_cheiri",
        "African_violet",
        "Delphinium_ajacis",
        "Sparaxis_tricolor",
        "Cheiranthus_asperus",
        "bouncing_Bet",
        "rocket_larkspur",
        "windflower",
        "phacelia",
        "Texas_star",
        "candytuft",
        "bachelor's_button",
        "pink",
        "oxeye_daisy",
        "umbrellawort",
        "fig_marigold",
        "globe_amaranth",
        "old_maid",
        "Pericallis_hybrida",
        "yellow_ageratum",
        "peace_lily",
        "Callistephus_chinensis",
        "China_aster",
        "Glaucium_flavum",
        "yellow_horned_poppy",
        "bloomer",
        "gentian",
        "old_maid_flower",
        "aquilegia",
        "blue_daisy",
        "ox-eyed_daisy",
        "Malcolm_stock",
        "spring_beauty",
        "Virginian_stock",
        "pheasant's-eye",
        "speedwell",
        "Cyclamen_neopolitanum",
        "cow_cockle",
        "silene",
        "bluebottle",
        "Layia_platyglossa",
        "veronica",
        "sun_marigold",
        "Cyclamen_hederifolium",
        "cotton_rose",
        "Senecio_cruentus",
        "Gomphrena_globosa",
        "scabiosa",
        "Malcolmia_maritima",
        "lesser_celandine",
        "Adonis_annua",
        "Lobularia_maritima",
        "spathe_flower",
        "bouncing_Bess",
        "Zantedeschia_aethiopica",
        "African_daisy",
        "mistflower",
        "wallflower",
        "Felicia_amelloides",
        "zinnia",
        "corydalis",
        "Alsobia_dianthiflora",
        "Vaccaria_hispanica",
        "helianthus",
        "wild_oats",
        "red_valerian",
        "merry_bells",
        "cosmos",
        "Chrysanthemum_leucanthemum",
        "rue_anemone",
        "soapwort",
        "shortia",
        "blue_marguerite",
        "delphinium",
        "Mentzelia_lindleyi",
        "Vaccaria_pyramidata",
        "Virginia_stock",
        "Amberboa_moschata",
        "aquilege",
        "sowbread",
        "Linaria_vulgaris",
        "chrysanthemum",
        "gerardia",
        "Cheiranthus_cheiri",
        "butter-and-eggs",
        "cornflower",
        "Centranthus_ruber",
        "browallia",
        "white-topped_aster",
        "scorpion_weed",
        "filago",
        "gillyflower",
        "Eupatorium_coelestinum",
        "horned_poppy",
        "mist-flower",
        "scarlet_musk_flower",
        "white_daisy",
        "butterfly_flower",
        "Nyctaginia_capitata",
        "Pericallis_cruenta",
        "devil's_flax",
        "composite",
        "Claytonia_virginica",
        "Tellima_affinis",
        "sunflower",
        "sandwort",
        "tithonia",
        "Bessera_elegans",
        "Tanacetum_coccineum"
      ]
    }
  },
  "total_vector": {
    "score": 0.8798507452011108,
    "time": 1.3856282234191895,
    "start_wsp": {
      "name": "composite.n.1",
      "definition": "considered the most highly evolved dicotyledonous plants, characterized by florets arranged in dense heads that resemble single flowers",
      "onyms": [
        "Compositae",
        "Anthemis_arvensis",
        "stinking_mayweed",
        "everlasting",
        "field_chamomile",
        "composite_plant",
        "Pyrenees_daisy",
        "Chrysanthemum_maximum",
        "corn_chamomile",
        "compass_flower",
        "Tanacetum_vulgare",
        "crownbeard",
        "Leucanthemum_lacustre",
        "scented_fern",
        "family_Asteraceae",
        "aster_family",
        "mayweed",
        "flower",
        "everlasting_flower",
        "crown_beard",
        "shasta_daisy",
        "golden_marguerite",
        "silver-lace",
        "oxeye_daisy",
        "compass_plant",
        "golden_buttons",
        "family_Compositae",
        "silver_lace",
        "dyers'_chamomile",
        "Leucanthemum_superbum",
        "Chrysanthemum_ptarmiciflorum",
        "stinking_chamomile",
        "Chrysanthemum_maximum_maximum",
        "yellow_chamomile",
        "crown-beard",
        "Tanacetum_ptarmiciflorum",
        "Anthemis_tinctoria",
        "Leucanthemum_maximum",
        "Anthemis_cotula",
        "tansy",
        "corn_mayweed",
        "Asteraceae",
        "dog_fennel",
        "composite",
        "Chrysanthemum_lacustre",
        "dusty_miller"
      ]
    },
    "end_wsp": {
      "name": "flower.n.0",
      "definition": "a plant cultivated for its blooms or blossoms",
      "onyms": [
        "blue-eyed_African_daisy",
        "Clatonia_lanceolata",
        "composite_plant",
        "bartonia",
        "Schizopetalon_walkeri",
        "blazing_star",
        "Felicia_bergeriana",
        "babies'-breath",
        "Episcia_dianthiflora",
        "Centaurea_imperialis",
        "western_wall_flower",
        "Centaurea_cyanus",
        "angiosperm",
        "flowering_plant",
        "baby's_breath",
        "aster",
        "Cotula_coronopifolia",
        "Claytonia_caroliniana",
        "cosmea",
        "pebble_plant",
        "schizanthus",
        "florest's_cineraria",
        "Mexican_sunflower",
        "marguerite",
        "campion",
        "xeranthemum",
        "Saintpaulia_ionantha",
        "calla_lily",
        "Virginia_spring_beauty",
        "horn_poppy",
        "daisy",
        "toadflax",
        "Dahlia_pinnata",
        "Cyclamen_purpurascens",
        "Erysimum_asperum",
        "hot_water_plant",
        "catananche",
        "commelina",
        "wandflower",
        "calla",
        "Easter_daisy",
        "cineraria",
        "cyclamen",
        "cudweed",
        "stokes'_aster",
        "poor_man's_orchid",
        "Conoclinium_coelestinum",
        "garden_pink",
        "lychnis",
        "nigella",
        "scorpionweed",
        "Mentzelia_laevicaulis",
        "Christmas_bells",
        "snapdragon",
        "achimenes",
        "orchidaceous_plant",
        "brass_buttons",
        "Saponaria_officinalis",
        "Arctotis_venusta",
        "Hesperis_matronalis",
        "poppy",
        "valerian",
        "woodland_star",
        "Lithophragma_affinis",
        "coral_drops",
        "tidy_tips",
        "ageratum",
        "marigold",
        "sweet_alyssum",
        "sweet_alison",
        "peony",
        "lace-flower_vine",
        "Leucanthemum_vulgare",
        "petunia",
        "Consolida_ambigua",
        "scabious",
        "Chrysanthemum_coccineum",
        "sweet_rocket",
        "anemone",
        "ursinia",
        "begonia",
        "Lonas_annua",
        "damask_violet",
        "bellwort",
        "orchid",
        "portulaca",
        "columbine",
        "spathiphyllum",
        "prairie_rocket",
        "Lindheimera_texana",
        "streptocarpus",
        "tidytips",
        "Erysimum_arkansanum",
        "Lithophragma_affine",
        "Gypsophila_paniculata",
        "sweet_sultan",
        "Swan_River_daisy",
        "stemless_daisy",
        "Lonas_inodora",
        "calendula",
        "cornflower_aster",
        "Saponaria_vaccaria",
        "gazania",
        "ammobium",
        "painted_daisy",
        "cape_marigold",
        "Moehringia_mucosa",
        "tuberose",
        "heliophila",
        "pilewort",
        "star_of_the_veldt",
        "sea_poppy",
        "Stokesia_laevis",
        "Ranunculus_ficaria",
        "catchfly",
        "schizopetalon",
        "paeony",
        "French_honeysuckle",
        "Arctotis_stoechadifolia",
        "Mentzelia_livicaulis",
        "billy_buttons",
        "bush_violet",
        "four_o'clock",
        "Carolina_spring_beauty",
        "calceolaria",
        "Brachycome_Iberidifolia",
        "Anemonella_thalictroides",
        "hedge_pink",
        "pyrethrum",
        "vervain",
        "verbena",
        "Townsendia_Exscapa",
        "wild_snapdragon",
        "arum_lily",
        "slipperwort",
        "Dame's_violet",
        "centaury",
        "moon_daisy",
        "cowherb",
        "coneflower",
        "Moehringia_lateriflora",
        "kingfisher_daisy",
        "flower",
        "dahlia",
        "Polianthes_tuberosa",
        "stock",
        "Centaurea_moschata",
        "Erysimum_cheiri",
        "African_violet",
        "Delphinium_ajacis",
        "Sparaxis_tricolor",
        "Cheiranthus_asperus",
        "bouncing_Bet",
        "rocket_larkspur",
        "windflower",
        "phacelia",
        "Texas_star",
        "candytuft",
        "bachelor's_button",
        "pink",
        "oxeye_daisy",
        "umbrellawort",
        "fig_marigold",
        "globe_amaranth",
        "old_maid",
        "Pericallis_hybrida",
        "yellow_ageratum",
        "peace_lily",
        "Callistephus_chinensis",
        "China_aster",
        "Glaucium_flavum",
        "yellow_horned_poppy",
        "bloomer",
        "gentian",
        "old_maid_flower",
        "aquilegia",
        "blue_daisy",
        "ox-eyed_daisy",
        "Malcolm_stock",
        "spring_beauty",
        "Virginian_stock",
        "pheasant's-eye",
        "speedwell",
        "Cyclamen_neopolitanum",
        "cow_cockle",
        "silene",
        "bluebottle",
        "Layia_platyglossa",
        "veronica",
        "sun_marigold",
        "Cyclamen_hederifolium",
        "cotton_rose",
        "Senecio_cruentus",
        "Gomphrena_globosa",
        "scabiosa",
        "Malcolmia_maritima",
        "lesser_celandine",
        "Adonis_annua",
        "Lobularia_maritima",
        "spathe_flower",
        "bouncing_Bess",
        "Zantedeschia_aethiopica",
        "African_daisy",
        "mistflower",
        "wallflower",
        "Felicia_amelloides",
        "zinnia",
        "corydalis",
        "Alsobia_dianthiflora",
        "Vaccaria_hispanica",
        "helianthus",
        "wild_oats",
        "red_valerian",
        "merry_bells",
        "cosmos",
        "Chrysanthemum_leucanthemum",
        "rue_anemone",
        "soapwort",
        "shortia",
        "blue_marguerite",
        "delphinium",
        "Mentzelia_lindleyi",
        "Vaccaria_pyramidata",
        "Virginia_stock",
        "Amberboa_moschata",
        "aquilege",
        "sowbread",
        "Linaria_vulgaris",
        "chrysanthemum",
        "gerardia",
        "Cheiranthus_cheiri",
        "butter-and-eggs",
        "cornflower",
        "Centranthus_ruber",
        "browallia",
        "white-topped_aster",
        "scorpion_weed",
        "filago",
        "gillyflower",
        "Eupatorium_coelestinum",
        "horned_poppy",
        "mist-flower",
        "scarlet_musk_flower",
        "white_daisy",
        "butterfly_flower",
        "Nyctaginia_capitata",
        "Pericallis_cruenta",
        "devil's_flax",
        "composite",
        "Claytonia_virginica",
        "Tellima_affinis",
        "sunflower",
        "sandwort",
        "tithonia",
        "Bessera_elegans",
        "Tanacetum_coccineum"
      ]
    }
  }
}