{
  "average_link": {
    "score": 0.07753557135661443,
    "time": 0.00021219253540039062,
    "start_wsp": {
      "name": "conformation.n.0",
      "definition": "a symmetrical arrangement of the parts of a thing",
      "onyms": [
        "balance",
        "equilibrium",
        "counterbalance",
        "equipoise",
        "conformation"
      ]
    },
    "end_wsp": {
      "name": "balance.n.0",
      "definition": "a state of equilibrium",
      "onyms": [
        "balance",
        "equilibrium",
        "tension",
        "electrolyte_balance",
        "nitrogen_balance"
      ]
    }
  },
  "average_vector": {
    "score": 0.9120237827301025,
    "time": 1.4028120040893555,
    "start_wsp": {
      "name": "conformation.n.0",
      "definition": "a symmetrical arrangement of the parts of a thing",
      "onyms": [
        "balance",
        "equilibrium",
        "counterbalance",
        "equipoise",
        "conformation"
      ]
    },
    "end_wsp": {
      "name": "balance.n.3",
      "definition": "equality of distribution",
      "onyms": [
        "balance",
        "equilibrium",
        "construction",
        "symmetry",
        "counterbalance",
        "proportion",
        "equipoise",
        "structure",
        "conformation"
      ]
    }
  },
  "complete_link": {
    "score": 0.0828554555773735,
    "time": 0.0002105236053466797,
    "start_wsp": {
      "name": "conformation.n.0",
      "definition": "a symmetrical arrangement of the parts of a thing",
      "onyms": [
        "balance",
        "equilibrium",
        "counterbalance",
        "equipoise",
        "conformation"
      ]
    },
    "end_wsp": {
      "name": "balance.n.0",
      "definition": "a state of equilibrium",
      "onyms": [
        "balance",
        "equilibrium",
        "tension",
        "electrolyte_balance",
        "nitrogen_balance"
      ]
    }
  },
  "single_link": {
    "score": 1.0,
    "time": 0.00020360946655273438,
    "start_wsp": {
      "name": "conformation.n.0",
      "definition": "a symmetrical arrangement of the parts of a thing",
      "onyms": [
        "balance",
        "equilibrium",
        "counterbalance",
        "equipoise",
        "conformation"
      ]
    },
    "end_wsp": {
      "name": "balance.n.0",
      "definition": "a state of equilibrium",
      "onyms": [
        "balance",
        "equilibrium",
        "tension",
        "electrolyte_balance",
        "nitrogen_balance"
      ]
    }
  },
  "total_vector": {
    "score": 0.9120237827301025,
    "time": 1.3886487483978271,
    "start_wsp": {
      "name": "conformation.n.0",
      "definition": "a symmetrical arrangement of the parts of a thing",
      "onyms": [
        "balance",
        "equilibrium",
        "counterbalance",
        "equipoise",
        "conformation"
      ]
    },
    "end_wsp": {
      "name": "balance.n.3",
      "definition": "equality of distribution",
      "onyms": [
        "balance",
        "equilibrium",
        "construction",
        "symmetry",
        "counterbalance",
        "proportion",
        "equipoise",
        "structure",
        "conformation"
      ]
    }
  }
}