{
  "average_link": {
    "score": 0.0363228059746325,
    "time": 0.00021505355834960938,
    "start_wsp": {
      "name": "conjure.v.2",
      "definition": "engage in plotting or enter into a conspiracy, swear together",
      "onyms": [
        "machinate",
        "plot",
        "cabal",
        "conspire",
        "coconspire",
        "conjure",
        "complot"
      ]
    },
    "end_wsp": {
      "name": "raise.v.24",
      "definition": "activate or stir up",
      "onyms": [
        "stir_up",
        "set_off",
        "instigate",
        "incite",
        "raise"
      ]
    }
  },
  "average_vector": {
    "score": 0.9999999403953552,
    "time": 1.380467414855957,
    "start_wsp": {
      "name": "conjure.v.0",
      "definition": "summon into action or bring into existence, often as if by magic",
      "onyms": [
        "call_forth",
        "bedamn",
        "beshrew",
        "arouse",
        "evoke",
        "bring_up",
        "maledict",
        "create",
        "put_forward",
        "stir",
        "anathemise",
        "invoke",
        "curse",
        "anathemize",
        "make",
        "imprecate",
        "raise",
        "conjure_up",
        "call_down",
        "damn",
        "conjure",
        "bless"
      ]
    },
    "end_wsp": {
      "name": "raise.v.10",
      "definition": "summon into action or bring into existence, often as if by magic",
      "onyms": [
        "call_forth",
        "bedamn",
        "beshrew",
        "arouse",
        "evoke",
        "bring_up",
        "maledict",
        "create",
        "put_forward",
        "stir",
        "anathemise",
        "invoke",
        "curse",
        "anathemize",
        "make",
        "imprecate",
        "raise",
        "conjure_up",
        "call_down",
        "damn",
        "conjure",
        "bless"
      ]
    }
  },
  "complete_link": {
    "score": 0.07342871278524399,
    "time": 0.0002048015594482422,
    "start_wsp": {
      "name": "conjure.v.1",
      "definition": "ask for or request earnestly",
      "onyms": [
        "entreat",
        "adjure",
        "bid",
        "beseech",
        "plead",
        "press",
        "conjure"
      ]
    },
    "end_wsp": {
      "name": "raise.v.27",
      "definition": "bring (a surface or a design) into relief and cause to project",
      "onyms": [
        "raise",
        "set_off",
        "bring_out"
      ]
    }
  },
  "single_link": {
    "score": 1.0,
    "time": 0.00020503997802734375,
    "start_wsp": {
      "name": "conjure.v.0",
      "definition": "summon into action or bring into existence, often as if by magic",
      "onyms": [
        "call_forth",
        "bedamn",
        "beshrew",
        "arouse",
        "evoke",
        "bring_up",
        "maledict",
        "create",
        "put_forward",
        "stir",
        "anathemise",
        "invoke",
        "curse",
        "anathemize",
        "make",
        "imprecate",
        "raise",
        "conjure_up",
        "call_down",
        "damn",
        "conjure",
        "bless"
      ]
    },
    "end_wsp": {
      "name": "raise.v.10",
      "definition": "summon into action or bring into existence, often as if by magic",
      "onyms": [
        "call_forth",
        "bedamn",
        "beshrew",
        "arouse",
        "evoke",
        "bring_up",
        "maledict",
        "create",
        "put_forward",
        "stir",
        "anathemise",
        "invoke",
        "curse",
        "anathemize",
        "make",
        "imprecate",
        "raise",
        "conjure_up",
        "call_down",
        "damn",
        "conjure",
        "bless"
      ]
    }
  },
  "total_vector": {
    "score": 0.9999999403953552,
    "time": 1.3688230514526367,
    "start_wsp": {
      "name": "conjure.v.0",
      "definition": "summon into action or bring into existence, often as if by magic",
      "onyms": [
        "call_forth",
        "bedamn",
        "beshrew",
        "arouse",
        "evoke",
        "bring_up",
        "maledict",
        "create",
        "put_forward",
        "stir",
        "anathemise",
        "invoke",
        "curse",
        "anathemize",
        "make",
        "imprecate",
        "raise",
        "conjure_up",
        "call_down",
        "damn",
        "conjure",
        "bless"
      ]
    },
    "end_wsp": {
      "name": "raise.v.10",
      "definition": "summon into action or bring into existence, often as if by magic",
      "onyms": [
        "call_forth",
        "bedamn",
        "beshrew",
        "arouse",
        "evoke",
        "bring_up",
        "maledict",
        "create",
        "put_forward",
        "stir",
        "anathemise",
        "invoke",
        "curse",
        "anathemize",
        "make",
        "imprecate",
        "raise",
        "conjure_up",
        "call_down",
        "damn",
        "conjure",
        "bless"
      ]
    }
  }
}