{
  "average_link": {
    "score": 0.47764284536242485,
    "time": 0.00025582313537597656,
    "start_wsp": {
      "name": "constant.a.3",
      "definition": "steadfast in purpose or devotion or affection",
      "onyms": [
        "constant"
      ]
    },
    "end_wsp": {
      "name": "unvarying.s.0",
      "definition": "unvarying in nature",
      "onyms": [
        "changeless",
        "unvarying",
        "constant",
        "invariant"
      ]
    }
  },
  "average_vector": {
    "score": 1.0,
    "time": 1.300438642501831,
    "start_wsp": {
      "name": "constant.s.2",
      "definition": "unvarying in nature",
      "onyms": [
        "changeless",
        "unvarying",
        "constant",
        "invariant"
      ]
    },
    "end_wsp": {
      "name": "unvarying.s.0",
      "definition": "unvarying in nature",
      "onyms": [
        "changeless",
        "unvarying",
        "constant",
        "invariant"
      ]
    }
  },
  "complete_link": {
    "score": 0.3135603070259094,
    "time": 0.0001404285430908203,
    "start_wsp": {
      "name": "constant.s.2",
      "definition": "unvarying in nature",
      "onyms": [
        "changeless",
        "unvarying",
        "constant",
        "invariant"
      ]
    },
    "end_wsp": {
      "name": "unvarying.a.1",
      "definition": "lacking variety",
      "onyms": [
        "unvarying",
        "unvaried"
      ]
    }
  },
  "single_link": {
    "score": 1.0,
    "time": 0.00013637542724609375,
    "start_wsp": {
      "name": "constant.n.0",
      "definition": "a quantity that does not vary",
      "onyms": [
        "constant_quantity",
        "invariable",
        "quantity",
        "constant",
        "parametric_quantity",
        "parameter"
      ]
    },
    "end_wsp": {
      "name": "unvarying.s.0",
      "definition": "unvarying in nature",
      "onyms": [
        "changeless",
        "unvarying",
        "constant",
        "invariant"
      ]
    }
  },
  "total_vector": {
    "score": 1.0,
    "time": 1.3187215328216553,
    "start_wsp": {
      "name": "constant.s.2",
      "definition": "unvarying in nature",
      "onyms": [
        "changeless",
        "unvarying",
        "constant",
        "invariant"
      ]
    },
    "end_wsp": {
      "name": "unvarying.s.0",
      "definition": "unvarying in nature",
      "onyms": [
        "changeless",
        "unvarying",
        "constant",
        "invariant"
      ]
    }
  }
}