{
  "average_link": {
    "score": 0.19471454496184984,
    "time": 0.0007445812225341797,
    "start_wsp": {
      "name": "consign.v.2",
      "definition": "send to an address",
      "onyms": [
        "consign",
        "deliver"
      ]
    },
    "end_wsp": {
      "name": "deliver.v.7",
      "definition": "save from sins",
      "onyms": [
        "redeem",
        "save",
        "deliver"
      ]
    }
  },
  "average_vector": {
    "score": 0.7561724781990051,
    "time": 2.763563394546509,
    "start_wsp": {
      "name": "consign.v.2",
      "definition": "send to an address",
      "onyms": [
        "consign",
        "deliver"
      ]
    },
    "end_wsp": {
      "name": "deliver.v.1",
      "definition": "bring to a destination, make a delivery",
      "onyms": [
        "fetch",
        "consign",
        "drop",
        "bring",
        "drop_off",
        "swear_out",
        "deliver",
        "unload",
        "misdeliver",
        "process",
        "get",
        "set_down",
        "convey",
        "put_down",
        "serve",
        "discharge"
      ]
    }
  },
  "complete_link": {
    "score": 0.21505886316299438,
    "time": 0.0005438327789306641,
    "start_wsp": {
      "name": "consign.v.2",
      "definition": "send to an address",
      "onyms": [
        "consign",
        "deliver"
      ]
    },
    "end_wsp": {
      "name": "deliver.v.7",
      "definition": "save from sins",
      "onyms": [
        "redeem",
        "save",
        "deliver"
      ]
    }
  },
  "single_link": {
    "score": 1.0,
    "time": 0.0006453990936279297,
    "start_wsp": {
      "name": "consign.v.2",
      "definition": "send to an address",
      "onyms": [
        "consign",
        "deliver"
      ]
    },
    "end_wsp": {
      "name": "deliver.v.0",
      "definition": "deliver (a speech, oration, or idea)",
      "onyms": [
        "verbalize",
        "utter",
        "verbalise",
        "talk",
        "deliver",
        "speechify",
        "present",
        "mouth",
        "speak"
      ]
    }
  },
  "total_vector": {
    "score": 0.7561724781990051,
    "time": 2.9290919303894043,
    "start_wsp": {
      "name": "consign.v.2",
      "definition": "send to an address",
      "onyms": [
        "consign",
        "deliver"
      ]
    },
    "end_wsp": {
      "name": "deliver.v.1",
      "definition": "bring to a destination, make a delivery",
      "onyms": [
        "fetch",
        "consign",
        "drop",
        "bring",
        "drop_off",
        "swear_out",
        "deliver",
        "unload",
        "misdeliver",
        "process",
        "get",
        "set_down",
        "convey",
        "put_down",
        "serve",
        "discharge"
      ]
    }
  }
}