{
  "average_link": {
    "score": 0.14727320384096215,
    "time": 6.842613220214844e-05,
    "start_wsp": {
      "name": "coursed.v.2",
      "definition": "hunt with hounds",
      "onyms": [
        "track_down",
        "course",
        "run",
        "hunt",
        "hunt_down"
      ]
    },
    "end_wsp": {
      "name": "course.v.11",
      "definition": "hunt with hounds",
      "onyms": [
        "track_down",
        "course",
        "run",
        "hunt",
        "hunt_down"
      ]
    }
  },
  "average_vector": {
    "score": 1.0,
    "time": 17.101272583007812,
    "start_wsp": {
      "name": "coursed.v.0",
      "definition": "move swiftly through or over",
      "onyms": [
        "track",
        "course",
        "traverse",
        "pass_over",
        "cut_through",
        "cut_across",
        "cover",
        "get_over",
        "get_across",
        "cross"
      ]
    },
    "end_wsp": {
      "name": "course.v.9",
      "definition": "move swiftly through or over",
      "onyms": [
        "track",
        "course",
        "traverse",
        "pass_over",
        "cut_through",
        "cut_across",
        "cover",
        "get_over",
        "get_across",
        "cross"
      ]
    }
  },
  "complete_link": {
    "score": 0.13099583983421326,
    "time": 6.747245788574219e-05,
    "start_wsp": {
      "name": "coursed.v.2",
      "definition": "hunt with hounds",
      "onyms": [
        "track_down",
        "course",
        "run",
        "hunt",
        "hunt_down"
      ]
    },
    "end_wsp": {
      "name": "course.v.11",
      "definition": "hunt with hounds",
      "onyms": [
        "track_down",
        "course",
        "run",
        "hunt",
        "hunt_down"
      ]
    }
  },
  "single_link": {
    "score": 1.0,
    "time": 6.461143493652344e-05,
    "start_wsp": {
      "name": "coursed.v.0",
      "definition": "move swiftly through or over",
      "onyms": [
        "track",
        "course",
        "traverse",
        "pass_over",
        "cut_through",
        "cut_across",
        "cover",
        "get_over",
        "get_across",
        "cross"
      ]
    },
    "end_wsp": {
      "name": "course.n.4",
      "definition": "a line or route along which something travels or moves",
      "onyms": [
        "track",
        "course",
        "steps",
        "belt",
        "collision_course",
        "trail",
        "line",
        "swath",
        "inside_track",
        "path",
        "round"
      ]
    }
  },
  "total_vector": {
    "score": 1.0,
    "time": 17.2582266330719,
    "start_wsp": {
      "name": "coursed.v.0",
      "definition": "move swiftly through or over",
      "onyms": [
        "track",
        "course",
        "traverse",
        "pass_over",
        "cut_through",
        "cut_across",
        "cover",
        "get_over",
        "get_across",
        "cross"
      ]
    },
    "end_wsp": {
      "name": "course.v.9",
      "definition": "move swiftly through or over",
      "onyms": [
        "track",
        "course",
        "traverse",
        "pass_over",
        "cut_through",
        "cut_across",
        "cover",
        "get_over",
        "get_across",
        "cross"
      ]
    }
  }
}