{
  "average_link": {
    "score": 0.14553947746753693,
    "time": 3.0994415283203125e-05,
    "start_wsp": {
      "name": "covert.a.2",
      "definition": "secret or hidden; not openly practiced or engaged in or shown or avowed",
      "onyms": [
        "covert"
      ]
    },
    "end_wsp": {
      "name": "protected.a.2",
      "definition": "kept safe or defended from danger or injury or loss",
      "onyms": [
        "protected"
      ]
    }
  },
  "average_vector": {
    "score": 0.5078527927398682,
    "time": 1.334667444229126,
    "start_wsp": {
      "name": "covert.n.1",
      "definition": "a covering that serves to conceal or shelter something",
      "onyms": [
        "stalking-horse",
        "camouflage",
        "shoji",
        "blind",
        "cover",
        "screen",
        "covering",
        "concealment",
        "covert"
      ]
    },
    "end_wsp": {
      "name": "protected.v.0",
      "definition": "shield from danger, injury, destruction, or damage",
      "onyms": [
        "surround",
        "palisade",
        "cover",
        "screen",
        "body_guard",
        "defend",
        "shield",
        "keep",
        "ward",
        "guard",
        "fence",
        "charm",
        "preserve",
        "protect",
        "insure",
        "cover_for",
        "mothproof",
        "overprotect",
        "safeguard",
        "wall",
        "fence_in",
        "immunize",
        "immunise",
        "look_out",
        "hold"
      ]
    }
  },
  "complete_link": {
    "score": 0.14553947746753693,
    "time": 2.86102294921875e-05,
    "start_wsp": {
      "name": "covert.a.2",
      "definition": "secret or hidden; not openly practiced or engaged in or shown or avowed",
      "onyms": [
        "covert"
      ]
    },
    "end_wsp": {
      "name": "protected.a.2",
      "definition": "kept safe or defended from danger or injury or loss",
      "onyms": [
        "protected"
      ]
    }
  },
  "single_link": {
    "score": 1.0,
    "time": 2.7179718017578125e-05,
    "start_wsp": {
      "name": "covert.n.1",
      "definition": "a covering that serves to conceal or shelter something",
      "onyms": [
        "stalking-horse",
        "camouflage",
        "shoji",
        "blind",
        "cover",
        "screen",
        "covering",
        "concealment",
        "covert"
      ]
    },
    "end_wsp": {
      "name": "protected.v.0",
      "definition": "shield from danger, injury, destruction, or damage",
      "onyms": [
        "surround",
        "palisade",
        "cover",
        "screen",
        "body_guard",
        "defend",
        "shield",
        "keep",
        "ward",
        "guard",
        "fence",
        "charm",
        "preserve",
        "protect",
        "insure",
        "cover_for",
        "mothproof",
        "overprotect",
        "safeguard",
        "wall",
        "fence_in",
        "immunize",
        "immunise",
        "look_out",
        "hold"
      ]
    }
  },
  "total_vector": {
    "score": 0.5078528523445129,
    "time": 1.3369216918945312,
    "start_wsp": {
      "name": "covert.n.1",
      "definition": "a covering that serves to conceal or shelter something",
      "onyms": [
        "stalking-horse",
        "camouflage",
        "shoji",
        "blind",
        "cover",
        "screen",
        "covering",
        "concealment",
        "covert"
      ]
    },
    "end_wsp": {
      "name": "protected.v.0",
      "definition": "shield from danger, injury, destruction, or damage",
      "onyms": [
        "surround",
        "palisade",
        "cover",
        "screen",
        "body_guard",
        "defend",
        "shield",
        "keep",
        "ward",
        "guard",
        "fence",
        "charm",
        "preserve",
        "protect",
        "insure",
        "cover_for",
        "mothproof",
        "overprotect",
        "safeguard",
        "wall",
        "fence_in",
        "immunize",
        "immunise",
        "look_out",
        "hold"
      ]
    }
  }
}