{
  "average_link": {
    "score": 0.2795774284750223,
    "time": 3.147125244140625e-05,
    "start_wsp": {
      "name": "crisscrossing.v.2",
      "definition": "mark with a pattern of crossing lines",
      "onyms": [
        "mark",
        "crisscross"
      ]
    },
    "end_wsp": {
      "name": "crisscross.r.5",
      "definition": "crossing one another in opposite directions",
      "onyms": [
        "crisscross"
      ]
    }
  },
  "average_vector": {
    "score": 1.0,
    "time": 1.3487741947174072,
    "start_wsp": {
      "name": "crisscrossing.v.0",
      "definition": "cross in a pattern, often random",
      "onyms": [
        "track",
        "traverse",
        "pass_over",
        "cut_through",
        "cut_across",
        "crisscross",
        "cover",
        "get_over",
        "get_across",
        "cross"
      ]
    },
    "end_wsp": {
      "name": "crisscross.v.1",
      "definition": "cross in a pattern, often random",
      "onyms": [
        "track",
        "traverse",
        "pass_over",
        "cut_through",
        "cut_across",
        "crisscross",
        "cover",
        "get_over",
        "get_across",
        "cross"
      ]
    }
  },
  "complete_link": {
    "score": 0.11830971390008926,
    "time": 2.8848648071289062e-05,
    "start_wsp": {
      "name": "crisscrossing.v.2",
      "definition": "mark with a pattern of crossing lines",
      "onyms": [
        "mark",
        "crisscross"
      ]
    },
    "end_wsp": {
      "name": "crisscross.n.0",
      "definition": "a marking that consists of lines that cross each other",
      "onyms": [
        "mark",
        "marking",
        "cross",
        "crisscross"
      ]
    }
  },
  "single_link": {
    "score": 1.0,
    "time": 2.7894973754882812e-05,
    "start_wsp": {
      "name": "crisscrossing.v.0",
      "definition": "cross in a pattern, often random",
      "onyms": [
        "track",
        "traverse",
        "pass_over",
        "cut_through",
        "cut_across",
        "crisscross",
        "cover",
        "get_over",
        "get_across",
        "cross"
      ]
    },
    "end_wsp": {
      "name": "crisscross.n.0",
      "definition": "a marking that consists of lines that cross each other",
      "onyms": [
        "mark",
        "marking",
        "cross",
        "crisscross"
      ]
    }
  },
  "total_vector": {
    "score": 1.0,
    "time": 1.3610029220581055,
    "start_wsp": {
      "name": "crisscrossing.v.0",
      "definition": "cross in a pattern, often random",
      "onyms": [
        "track",
        "traverse",
        "pass_over",
        "cut_through",
        "cut_across",
        "crisscross",
        "cover",
        "get_over",
        "get_across",
        "cross"
      ]
    },
    "end_wsp": {
      "name": "crisscross.v.1",
      "definition": "cross in a pattern, often random",
      "onyms": [
        "track",
        "traverse",
        "pass_over",
        "cut_through",
        "cut_across",
        "crisscross",
        "cover",
        "get_over",
        "get_across",
        "cross"
      ]
    }
  }
}