{
  "average_link": {
    "score": 0.10096151795652178,
    "time": 0.0008983612060546875,
    "start_wsp": {
      "name": "croak.v.2",
      "definition": "utter a hoarse sound, like a raven",
      "onyms": [
        "utter",
        "emit",
        "let_loose",
        "cronk",
        "croak",
        "let_out"
      ]
    },
    "end_wsp": {
      "name": "murmur.n.0",
      "definition": "a low continuous indistinct sound; often accompanied by movement of the lips without the production of articulate speech",
      "onyms": [
        "sound",
        "muttering",
        "murmuration",
        "mutter",
        "mussitation",
        "murmur",
        "murmuring"
      ]
    }
  },
  "average_vector": {
    "score": 1.0,
    "time": 7.3721418380737305,
    "start_wsp": {
      "name": "croak.v.3",
      "definition": "make complaining remarks or noises under one's breath",
      "onyms": [
        "quetch",
        "kvetch",
        "sound_off",
        "kick",
        "plain",
        "grumble",
        "mutter",
        "gnarl",
        "complain",
        "murmur",
        "croak"
      ]
    },
    "end_wsp": {
      "name": "murmur.v.5",
      "definition": "make complaining remarks or noises under one's breath",
      "onyms": [
        "quetch",
        "kvetch",
        "sound_off",
        "kick",
        "plain",
        "grumble",
        "mutter",
        "gnarl",
        "complain",
        "murmur",
        "croak"
      ]
    }
  },
  "complete_link": {
    "score": 0.2385137379169464,
    "time": 0.0008447170257568359,
    "start_wsp": {
      "name": "croak.n.0",
      "definition": "a harsh hoarse utterance (as of a frog)",
      "onyms": [
        "vocalization",
        "utterance",
        "croak",
        "croaking"
      ]
    },
    "end_wsp": {
      "name": "murmur.n.1",
      "definition": "a schwa that is incidental to the pronunciation of a consonant",
      "onyms": [
        "shwa",
        "murmur",
        "murmur_vowel",
        "schwa"
      ]
    }
  },
  "single_link": {
    "score": 1.0000001192092896,
    "time": 0.000858306884765625,
    "start_wsp": {
      "name": "croak.v.3",
      "definition": "make complaining remarks or noises under one's breath",
      "onyms": [
        "quetch",
        "kvetch",
        "sound_off",
        "kick",
        "plain",
        "grumble",
        "mutter",
        "gnarl",
        "complain",
        "murmur",
        "croak"
      ]
    },
    "end_wsp": {
      "name": "murmur.n.0",
      "definition": "a low continuous indistinct sound; often accompanied by movement of the lips without the production of articulate speech",
      "onyms": [
        "sound",
        "muttering",
        "murmuration",
        "mutter",
        "mussitation",
        "murmur",
        "murmuring"
      ]
    }
  },
  "total_vector": {
    "score": 1.0,
    "time": 7.403712034225464,
    "start_wsp": {
      "name": "croak.v.3",
      "definition": "make complaining remarks or noises under one's breath",
      "onyms": [
        "quetch",
        "kvetch",
        "sound_off",
        "kick",
        "plain",
        "grumble",
        "mutter",
        "gnarl",
        "complain",
        "murmur",
        "croak"
      ]
    },
    "end_wsp": {
      "name": "murmur.v.5",
      "definition": "make complaining remarks or noises under one's breath",
      "onyms": [
        "quetch",
        "kvetch",
        "sound_off",
        "kick",
        "plain",
        "grumble",
        "mutter",
        "gnarl",
        "complain",
        "murmur",
        "croak"
      ]
    }
  }
}