{
  "average_link": {
    "score": 1.0,
    "time": 0.0002086162567138672,
    "start_wsp": {
      "name": "crocheting.v.2",
      "definition": "create by looping or crocheting",
      "onyms": [
        "single_crochet",
        "double_crochet",
        "double_stitch",
        "shell_stitch",
        "create_from_raw_stuff",
        "create_from_raw_material",
        "crochet",
        "single_stitch"
      ]
    },
    "end_wsp": {
      "name": "crochet.v.1",
      "definition": "create by looping or crocheting",
      "onyms": [
        "single_crochet",
        "double_crochet",
        "double_stitch",
        "shell_stitch",
        "create_from_raw_stuff",
        "create_from_raw_material",
        "crochet",
        "single_stitch"
      ]
    }
  },
  "average_vector": {
    "score": 1.0,
    "time": 5.806735992431641,
    "start_wsp": {
      "name": "crocheting.v.2",
      "definition": "create by looping or crocheting",
      "onyms": [
        "single_crochet",
        "double_crochet",
        "double_stitch",
        "shell_stitch",
        "create_from_raw_stuff",
        "create_from_raw_material",
        "crochet",
        "single_stitch"
      ]
    },
    "end_wsp": {
      "name": "crochet.v.1",
      "definition": "create by looping or crocheting",
      "onyms": [
        "single_crochet",
        "double_crochet",
        "double_stitch",
        "shell_stitch",
        "create_from_raw_stuff",
        "create_from_raw_material",
        "crochet",
        "single_stitch"
      ]
    }
  },
  "complete_link": {
    "score": 1.0,
    "time": 0.0001971721649169922,
    "start_wsp": {
      "name": "crocheting.v.2",
      "definition": "create by looping or crocheting",
      "onyms": [
        "single_crochet",
        "double_crochet",
        "double_stitch",
        "shell_stitch",
        "create_from_raw_stuff",
        "create_from_raw_material",
        "crochet",
        "single_stitch"
      ]
    },
    "end_wsp": {
      "name": "crochet.v.1",
      "definition": "create by looping or crocheting",
      "onyms": [
        "single_crochet",
        "double_crochet",
        "double_stitch",
        "shell_stitch",
        "create_from_raw_stuff",
        "create_from_raw_material",
        "crochet",
        "single_stitch"
      ]
    }
  },
  "single_link": {
    "score": 1.0000001192092896,
    "time": 0.00019240379333496094,
    "start_wsp": {
      "name": "crocheting.n.0",
      "definition": "needlework done by interlocking looped stitches with a hooked needle",
      "onyms": [
        "crochet",
        "needlecraft",
        "needlework",
        "crocheting"
      ]
    },
    "end_wsp": {
      "name": "crochet.n.0",
      "definition": "needlework done by interlocking looped stitches with a hooked needle",
      "onyms": [
        "crochet",
        "needlecraft",
        "needlework",
        "crocheting"
      ]
    }
  },
  "total_vector": {
    "score": 1.0,
    "time": 6.180086851119995,
    "start_wsp": {
      "name": "crocheting.v.2",
      "definition": "create by looping or crocheting",
      "onyms": [
        "single_crochet",
        "double_crochet",
        "double_stitch",
        "shell_stitch",
        "create_from_raw_stuff",
        "create_from_raw_material",
        "crochet",
        "single_stitch"
      ]
    },
    "end_wsp": {
      "name": "crochet.v.1",
      "definition": "create by looping or crocheting",
      "onyms": [
        "single_crochet",
        "double_crochet",
        "double_stitch",
        "shell_stitch",
        "create_from_raw_stuff",
        "create_from_raw_material",
        "crochet",
        "single_stitch"
      ]
    }
  }
}