{
  "average_link": {
    "score": 0.08854324081912637,
    "time": 7.200241088867188e-05,
    "start_wsp": {
      "name": "cross.n.3",
      "definition": "any affliction that causes great suffering",
      "onyms": [
        "affliction",
        "cross",
        "crown_of_thorns"
      ]
    },
    "end_wsp": {
      "name": "hybrid.n.2",
      "definition": "(genetics) an organism that is the offspring of genetically dissimilar parents or stock; especially offspring produced by breeding plants or animals of different varieties or breeds or species",
      "onyms": [
        "being",
        "crossbreed",
        "dihybrid",
        "hybrid",
        "organism",
        "monohybrid",
        "cross"
      ]
    }
  },
  "average_vector": {
    "score": 1.0,
    "time": 1.3333911895751953,
    "start_wsp": {
      "name": "cross.n.4",
      "definition": "(genetics) an organism that is the offspring of genetically dissimilar parents or stock; especially offspring produced by breeding plants or animals of different varieties or breeds or species",
      "onyms": [
        "being",
        "crossbreed",
        "dihybrid",
        "hybrid",
        "organism",
        "monohybrid",
        "cross"
      ]
    },
    "end_wsp": {
      "name": "hybrid.n.2",
      "definition": "(genetics) an organism that is the offspring of genetically dissimilar parents or stock; especially offspring produced by breeding plants or animals of different varieties or breeds or species",
      "onyms": [
        "being",
        "crossbreed",
        "dihybrid",
        "hybrid",
        "organism",
        "monohybrid",
        "cross"
      ]
    }
  },
  "complete_link": {
    "score": 0.06857142597436905,
    "time": 6.985664367675781e-05,
    "start_wsp": {
      "name": "cross.v.9",
      "definition": "fold so as to resemble a cross",
      "onyms": [
        "fold",
        "fold_up",
        "cross",
        "turn_up"
      ]
    },
    "end_wsp": {
      "name": "hybrid.s.3",
      "definition": "produced by crossbreeding",
      "onyms": [
        "hybrid",
        "intercrossed"
      ]
    }
  },
  "single_link": {
    "score": 1.0,
    "time": 6.389617919921875e-05,
    "start_wsp": {
      "name": "cross.n.0",
      "definition": "a wooden structure consisting of an upright post with a transverse piece",
      "onyms": [
        "structure",
        "cross",
        "construction"
      ]
    },
    "end_wsp": {
      "name": "hybrid.n.2",
      "definition": "(genetics) an organism that is the offspring of genetically dissimilar parents or stock; especially offspring produced by breeding plants or animals of different varieties or breeds or species",
      "onyms": [
        "being",
        "crossbreed",
        "dihybrid",
        "hybrid",
        "organism",
        "monohybrid",
        "cross"
      ]
    }
  },
  "total_vector": {
    "score": 0.9999999403953552,
    "time": 1.3424901962280273,
    "start_wsp": {
      "name": "cross.n.4",
      "definition": "(genetics) an organism that is the offspring of genetically dissimilar parents or stock; especially offspring produced by breeding plants or animals of different varieties or breeds or species",
      "onyms": [
        "being",
        "crossbreed",
        "dihybrid",
        "hybrid",
        "organism",
        "monohybrid",
        "cross"
      ]
    },
    "end_wsp": {
      "name": "hybrid.n.2",
      "definition": "(genetics) an organism that is the offspring of genetically dissimilar parents or stock; especially offspring produced by breeding plants or animals of different varieties or breeds or species",
      "onyms": [
        "being",
        "crossbreed",
        "dihybrid",
        "hybrid",
        "organism",
        "monohybrid",
        "cross"
      ]
    }
  }
}