{
  "average_link": {
    "score": 0.14194104241000283,
    "time": 0.00011467933654785156,
    "start_wsp": {
      "name": "crowed.v.1",
      "definition": "express pleasure verbally",
      "onyms": [
        "utter",
        "emit",
        "let_loose",
        "crow",
        "let_out"
      ]
    },
    "end_wsp": {
      "name": "crow.v.7",
      "definition": "express pleasure verbally",
      "onyms": [
        "utter",
        "emit",
        "let_loose",
        "crow",
        "let_out"
      ]
    }
  },
  "average_vector": {
    "score": 1.0,
    "time": 15.084838390350342,
    "start_wsp": {
      "name": "crowed.v.0",
      "definition": "dwell on with satisfaction",
      "onyms": [
        "shoot_a_line",
        "tout",
        "preen",
        "triumph",
        "gloat",
        "swash",
        "gasconade",
        "brag",
        "congratulate",
        "gas",
        "bluster",
        "blow",
        "vaunt",
        "crow",
        "boast"
      ]
    },
    "end_wsp": {
      "name": "crow.v.6",
      "definition": "dwell on with satisfaction",
      "onyms": [
        "shoot_a_line",
        "tout",
        "preen",
        "triumph",
        "gloat",
        "swash",
        "gasconade",
        "brag",
        "congratulate",
        "gas",
        "bluster",
        "blow",
        "vaunt",
        "crow",
        "boast"
      ]
    }
  },
  "complete_link": {
    "score": 0.06938838213682175,
    "time": 0.00011157989501953125,
    "start_wsp": {
      "name": "crowed.v.1",
      "definition": "express pleasure verbally",
      "onyms": [
        "utter",
        "emit",
        "let_loose",
        "crow",
        "let_out"
      ]
    },
    "end_wsp": {
      "name": "crow.n.1",
      "definition": "the cry of a cock (or an imitation of it)",
      "onyms": [
        "crow",
        "cock-a-doodle-doo",
        "cry"
      ]
    }
  },
  "single_link": {
    "score": 1.0,
    "time": 9.989738464355469e-05,
    "start_wsp": {
      "name": "crowed.v.0",
      "definition": "dwell on with satisfaction",
      "onyms": [
        "shoot_a_line",
        "tout",
        "preen",
        "triumph",
        "gloat",
        "swash",
        "gasconade",
        "brag",
        "congratulate",
        "gas",
        "bluster",
        "blow",
        "vaunt",
        "crow",
        "boast"
      ]
    },
    "end_wsp": {
      "name": "crow.n.4",
      "definition": "an instance of boastful talk",
      "onyms": [
        "jactitation",
        "crowing",
        "gasconade",
        "brag",
        "vaporing",
        "boasting",
        "line-shooting",
        "crow",
        "bragging",
        "boast",
        "self-praise"
      ]
    }
  },
  "total_vector": {
    "score": 0.9999999403953552,
    "time": 14.350179195404053,
    "start_wsp": {
      "name": "crowed.v.0",
      "definition": "dwell on with satisfaction",
      "onyms": [
        "shoot_a_line",
        "tout",
        "preen",
        "triumph",
        "gloat",
        "swash",
        "gasconade",
        "brag",
        "congratulate",
        "gas",
        "bluster",
        "blow",
        "vaunt",
        "crow",
        "boast"
      ]
    },
    "end_wsp": {
      "name": "crow.v.6",
      "definition": "dwell on with satisfaction",
      "onyms": [
        "shoot_a_line",
        "tout",
        "preen",
        "triumph",
        "gloat",
        "swash",
        "gasconade",
        "brag",
        "congratulate",
        "gas",
        "bluster",
        "blow",
        "vaunt",
        "crow",
        "boast"
      ]
    }
  }
}