{
  "average_link": {
    "score": 0.14022469320999725,
    "time": 0.007408618927001953,
    "start_wsp": {
      "name": "crunch.n.1",
      "definition": "a critical situation that arises because of a shortage (as a shortage of time or money or resources)",
      "onyms": [
        "situation",
        "crunch"
      ]
    },
    "end_wsp": {
      "name": "situation.n.2",
      "definition": "a complex or critical or unusual difficulty",
      "onyms": [
        "crunch",
        "nightmare",
        "standstill",
        "urgency",
        "how-do-you-do",
        "hot_potato",
        "hornets'_nest",
        "impasse",
        "pass",
        "straits",
        "no-win_situation",
        "situation",
        "quicksand",
        "Mexican_standoff",
        "ticking_bomb",
        "incubus",
        "hornet's_nest",
        "tinderbox",
        "embroilment",
        "time_bomb",
        "stalemate",
        "purgatory",
        "crisis",
        "deadlock",
        "how-d'ye-do",
        "imbroglio",
        "dead_end",
        "swamp",
        "conflict_of_interest",
        "difficulty",
        "strait"
      ]
    }
  },
  "average_vector": {
    "score": 0.6861463189125061,
    "time": 1.4429974555969238,
    "start_wsp": {
      "name": "crunch.n.1",
      "definition": "a critical situation that arises because of a shortage (as a shortage of time or money or resources)",
      "onyms": [
        "situation",
        "crunch"
      ]
    },
    "end_wsp": {
      "name": "situation.n.2",
      "definition": "a complex or critical or unusual difficulty",
      "onyms": [
        "crunch",
        "nightmare",
        "standstill",
        "urgency",
        "how-do-you-do",
        "hot_potato",
        "hornets'_nest",
        "impasse",
        "pass",
        "straits",
        "no-win_situation",
        "situation",
        "quicksand",
        "Mexican_standoff",
        "ticking_bomb",
        "incubus",
        "hornet's_nest",
        "tinderbox",
        "embroilment",
        "time_bomb",
        "stalemate",
        "purgatory",
        "crisis",
        "deadlock",
        "how-d'ye-do",
        "imbroglio",
        "dead_end",
        "swamp",
        "conflict_of_interest",
        "difficulty",
        "strait"
      ]
    }
  },
  "complete_link": {
    "score": 0.0523248091340065,
    "time": 0.007194995880126953,
    "start_wsp": {
      "name": "crunch.n.1",
      "definition": "a critical situation that arises because of a shortage (as a shortage of time or money or resources)",
      "onyms": [
        "situation",
        "crunch"
      ]
    },
    "end_wsp": {
      "name": "situation.n.2",
      "definition": "a complex or critical or unusual difficulty",
      "onyms": [
        "crunch",
        "nightmare",
        "standstill",
        "urgency",
        "how-do-you-do",
        "hot_potato",
        "hornets'_nest",
        "impasse",
        "pass",
        "straits",
        "no-win_situation",
        "situation",
        "quicksand",
        "Mexican_standoff",
        "ticking_bomb",
        "incubus",
        "hornet's_nest",
        "tinderbox",
        "embroilment",
        "time_bomb",
        "stalemate",
        "purgatory",
        "crisis",
        "deadlock",
        "how-d'ye-do",
        "imbroglio",
        "dead_end",
        "swamp",
        "conflict_of_interest",
        "difficulty",
        "strait"
      ]
    }
  },
  "single_link": {
    "score": 1.0,
    "time": 0.007312774658203125,
    "start_wsp": {
      "name": "crunch.n.0",
      "definition": "the sound of something crunching",
      "onyms": [
        "noise",
        "crunch"
      ]
    },
    "end_wsp": {
      "name": "situation.n.2",
      "definition": "a complex or critical or unusual difficulty",
      "onyms": [
        "crunch",
        "nightmare",
        "standstill",
        "urgency",
        "how-do-you-do",
        "hot_potato",
        "hornets'_nest",
        "impasse",
        "pass",
        "straits",
        "no-win_situation",
        "situation",
        "quicksand",
        "Mexican_standoff",
        "ticking_bomb",
        "incubus",
        "hornet's_nest",
        "tinderbox",
        "embroilment",
        "time_bomb",
        "stalemate",
        "purgatory",
        "crisis",
        "deadlock",
        "how-d'ye-do",
        "imbroglio",
        "dead_end",
        "swamp",
        "conflict_of_interest",
        "difficulty",
        "strait"
      ]
    }
  },
  "total_vector": {
    "score": 0.6861463189125061,
    "time": 1.4358851909637451,
    "start_wsp": {
      "name": "crunch.n.1",
      "definition": "a critical situation that arises because of a shortage (as a shortage of time or money or resources)",
      "onyms": [
        "situation",
        "crunch"
      ]
    },
    "end_wsp": {
      "name": "situation.n.2",
      "definition": "a complex or critical or unusual difficulty",
      "onyms": [
        "crunch",
        "nightmare",
        "standstill",
        "urgency",
        "how-do-you-do",
        "hot_potato",
        "hornets'_nest",
        "impasse",
        "pass",
        "straits",
        "no-win_situation",
        "situation",
        "quicksand",
        "Mexican_standoff",
        "ticking_bomb",
        "incubus",
        "hornet's_nest",
        "tinderbox",
        "embroilment",
        "time_bomb",
        "stalemate",
        "purgatory",
        "crisis",
        "deadlock",
        "how-d'ye-do",
        "imbroglio",
        "dead_end",
        "swamp",
        "conflict_of_interest",
        "difficulty",
        "strait"
      ]
    }
  }
}