{
  "average_link": {
    "score": 0.39035001397132874,
    "time": 2.5033950805664062e-05,
    "start_wsp": {
      "name": "darks.n.4",
      "definition": "an unenlightened state",
      "onyms": [
        "unenlightenment",
        "darkness",
        "dark"
      ]
    },
    "end_wsp": {
      "name": "dark.n.4",
      "definition": "an unenlightened state",
      "onyms": [
        "unenlightenment",
        "darkness",
        "dark"
      ]
    }
  },
  "average_vector": {
    "score": 1.0000001192092896,
    "time": 1.3172996044158936,
    "start_wsp": {
      "name": "darks.n.3",
      "definition": "the time after sunset and before sunrise while it is dark outside",
      "onyms": [
        "midnight",
        "solar_day",
        "night",
        "weeknight",
        "time_period",
        "dark",
        "wedding_night",
        "lights-out",
        "twenty-four_hours",
        "late-night_hour",
        "24-hour_interval",
        "period_of_time",
        "mean_solar_day",
        "small_hours",
        "day",
        "evening",
        "twenty-four_hour_period",
        "period",
        "nighttime"
      ]
    },
    "end_wsp": {
      "name": "dark.n.3",
      "definition": "the time after sunset and before sunrise while it is dark outside",
      "onyms": [
        "midnight",
        "solar_day",
        "night",
        "weeknight",
        "time_period",
        "dark",
        "wedding_night",
        "lights-out",
        "twenty-four_hours",
        "late-night_hour",
        "24-hour_interval",
        "period_of_time",
        "mean_solar_day",
        "small_hours",
        "day",
        "evening",
        "twenty-four_hour_period",
        "period",
        "nighttime"
      ]
    }
  },
  "complete_link": {
    "score": 0.5614000558853149,
    "time": 2.4080276489257812e-05,
    "start_wsp": {
      "name": "darks.n.4",
      "definition": "an unenlightened state",
      "onyms": [
        "unenlightenment",
        "darkness",
        "dark"
      ]
    },
    "end_wsp": {
      "name": "dark.n.4",
      "definition": "an unenlightened state",
      "onyms": [
        "unenlightenment",
        "darkness",
        "dark"
      ]
    }
  },
  "single_link": {
    "score": 1.0,
    "time": 2.288818359375e-05,
    "start_wsp": {
      "name": "darks.n.0",
      "definition": "absence of light or illumination",
      "onyms": [
        "semidarkness",
        "lightlessness",
        "brownout",
        "black",
        "pitch_blackness",
        "night",
        "dimout",
        "darkness",
        "dark",
        "illumination",
        "total_darkness",
        "blackness",
        "blackout"
      ]
    },
    "end_wsp": {
      "name": "dark.n.0",
      "definition": "absence of light or illumination",
      "onyms": [
        "semidarkness",
        "lightlessness",
        "brownout",
        "black",
        "pitch_blackness",
        "night",
        "dimout",
        "darkness",
        "dark",
        "illumination",
        "total_darkness",
        "blackness",
        "blackout"
      ]
    }
  },
  "total_vector": {
    "score": 1.0000001192092896,
    "time": 1.3504674434661865,
    "start_wsp": {
      "name": "darks.n.3",
      "definition": "the time after sunset and before sunrise while it is dark outside",
      "onyms": [
        "midnight",
        "solar_day",
        "night",
        "weeknight",
        "time_period",
        "dark",
        "wedding_night",
        "lights-out",
        "twenty-four_hours",
        "late-night_hour",
        "24-hour_interval",
        "period_of_time",
        "mean_solar_day",
        "small_hours",
        "day",
        "evening",
        "twenty-four_hour_period",
        "period",
        "nighttime"
      ]
    },
    "end_wsp": {
      "name": "dark.n.3",
      "definition": "the time after sunset and before sunrise while it is dark outside",
      "onyms": [
        "midnight",
        "solar_day",
        "night",
        "weeknight",
        "time_period",
        "dark",
        "wedding_night",
        "lights-out",
        "twenty-four_hours",
        "late-night_hour",
        "24-hour_interval",
        "period_of_time",
        "mean_solar_day",
        "small_hours",
        "day",
        "evening",
        "twenty-four_hour_period",
        "period",
        "nighttime"
      ]
    }
  }
}