{
  "average_link": {
    "score": 0.03703372232202026,
    "time": 0.0001652240753173828,
    "start_wsp": {
      "name": "dasheen.n.0",
      "definition": "edible starchy tuberous root of taro plants",
      "onyms": [
        "eddo",
        "root",
        "cocoyam",
        "taro",
        "dasheen",
        "taro_plant",
        "dalo",
        "Colocasia_esculenta"
      ]
    },
    "end_wsp": {
      "name": "yellow.s.3",
      "definition": "easily frightened",
      "onyms": [
        "chicken",
        "yellow",
        "chickenhearted",
        "yellow-bellied",
        "lily-livered",
        "white-livered"
      ]
    }
  },
  "average_vector": {
    "score": 0.5967049598693848,
    "time": 1.318270206451416,
    "start_wsp": {
      "name": "dasheen.n.1",
      "definition": "herb of the Pacific islands grown throughout the tropics for its edible root and in temperate areas as an ornamental for its large glossy leaves",
      "onyms": [
        "aroid",
        "arum",
        "eddo",
        "cocoyam",
        "genus_Colocasia",
        "taro",
        "taro_root",
        "Colocasia",
        "dasheen",
        "Colocasia_esculenta",
        "taro_plant",
        "dalo",
        "edda"
      ]
    },
    "end_wsp": {
      "name": "yellow.n.0",
      "definition": "yellow color or pigment; the chromatic color resembling the hue of sunflowers or ripe lemons",
      "onyms": [
        "amber",
        "yellowness",
        "saffron",
        "wheat",
        "lemon",
        "brownish_yellow",
        "gold",
        "greenish_yellow",
        "pale_yellow",
        "yellow",
        "chromatic_colour",
        "lemon_yellow",
        "maize",
        "spectral_color",
        "chromatic_color",
        "straw",
        "gamboge",
        "canary_yellow",
        "spectral_colour",
        "canary",
        "old_gold",
        "orange_yellow"
      ]
    }
  },
  "complete_link": {
    "score": 0.0775597020983696,
    "time": 0.00016570091247558594,
    "start_wsp": {
      "name": "dasheen.n.0",
      "definition": "edible starchy tuberous root of taro plants",
      "onyms": [
        "eddo",
        "root",
        "cocoyam",
        "taro",
        "dasheen",
        "taro_plant",
        "dalo",
        "Colocasia_esculenta"
      ]
    },
    "end_wsp": {
      "name": "yellow.s.2",
      "definition": "of the color intermediate between green and orange in the color spectrum; of something resembling the color of an egg yolk",
      "onyms": [
        "xanthous",
        "yellow",
        "yellowish"
      ]
    }
  },
  "single_link": {
    "score": 0.5221072435379028,
    "time": 0.0001595020294189453,
    "start_wsp": {
      "name": "dasheen.n.0",
      "definition": "edible starchy tuberous root of taro plants",
      "onyms": [
        "eddo",
        "root",
        "cocoyam",
        "taro",
        "dasheen",
        "taro_plant",
        "dalo",
        "Colocasia_esculenta"
      ]
    },
    "end_wsp": {
      "name": "yellow.n.0",
      "definition": "yellow color or pigment; the chromatic color resembling the hue of sunflowers or ripe lemons",
      "onyms": [
        "amber",
        "yellowness",
        "saffron",
        "wheat",
        "lemon",
        "brownish_yellow",
        "gold",
        "greenish_yellow",
        "pale_yellow",
        "yellow",
        "chromatic_colour",
        "lemon_yellow",
        "maize",
        "spectral_color",
        "chromatic_color",
        "straw",
        "gamboge",
        "canary_yellow",
        "spectral_colour",
        "canary",
        "old_gold",
        "orange_yellow"
      ]
    }
  },
  "total_vector": {
    "score": 0.5967049598693848,
    "time": 1.3165876865386963,
    "start_wsp": {
      "name": "dasheen.n.1",
      "definition": "herb of the Pacific islands grown throughout the tropics for its edible root and in temperate areas as an ornamental for its large glossy leaves",
      "onyms": [
        "aroid",
        "arum",
        "eddo",
        "cocoyam",
        "genus_Colocasia",
        "taro",
        "taro_root",
        "Colocasia",
        "dasheen",
        "Colocasia_esculenta",
        "taro_plant",
        "dalo",
        "edda"
      ]
    },
    "end_wsp": {
      "name": "yellow.n.0",
      "definition": "yellow color or pigment; the chromatic color resembling the hue of sunflowers or ripe lemons",
      "onyms": [
        "amber",
        "yellowness",
        "saffron",
        "wheat",
        "lemon",
        "brownish_yellow",
        "gold",
        "greenish_yellow",
        "pale_yellow",
        "yellow",
        "chromatic_colour",
        "lemon_yellow",
        "maize",
        "spectral_color",
        "chromatic_color",
        "straw",
        "gamboge",
        "canary_yellow",
        "spectral_colour",
        "canary",
        "old_gold",
        "orange_yellow"
      ]
    }
  }
}