{
  "average_link": {
    "score": 0.16118447477411893,
    "time": 0.0006074905395507812,
    "start_wsp": {
      "name": "date.n.7",
      "definition": "sweet edible fruit of the date palm with a single long woody seed",
      "onyms": [
        "edible_fruit",
        "Phoenix_dactylifera",
        "date",
        "date_palm"
      ]
    },
    "end_wsp": {
      "name": "companion.n.0",
      "definition": "a friend who is frequently in the company of another",
      "onyms": [
        "tovarisch",
        "associate",
        "date",
        "companion",
        "escort",
        "fellow",
        "comrade",
        "familiar",
        "playmate",
        "playfellow",
        "friend",
        "tovarich"
      ]
    }
  },
  "average_vector": {
    "score": 0.8677683472633362,
    "time": 2.856214761734009,
    "start_wsp": {
      "name": "date.n.1",
      "definition": "a participant in a date",
      "onyms": [
        "blind_date",
        "associate",
        "date",
        "appointment",
        "escort",
        "companion",
        "comrade",
        "fellow",
        "familiar",
        "engagement"
      ]
    },
    "end_wsp": {
      "name": "companion.n.0",
      "definition": "a friend who is frequently in the company of another",
      "onyms": [
        "tovarisch",
        "associate",
        "date",
        "companion",
        "escort",
        "fellow",
        "comrade",
        "familiar",
        "playmate",
        "playfellow",
        "friend",
        "tovarich"
      ]
    }
  },
  "complete_link": {
    "score": 0.042823489755392075,
    "time": 0.0006377696990966797,
    "start_wsp": {
      "name": "date.n.6",
      "definition": "a particular day specified as the time something happens",
      "onyms": [
        "solar_day",
        "24-hour_interval",
        "mean_solar_day",
        "date",
        "rain_date",
        "future_date",
        "day",
        "sell-by_date",
        "twenty-four_hour_period",
        "twenty-four_hours"
      ]
    },
    "end_wsp": {
      "name": "companion.n.1",
      "definition": "a traveler who accompanies you",
      "onyms": [
        "traveller",
        "traveler",
        "companion",
        "fellow_traveller",
        "fellow_traveler"
      ]
    }
  },
  "single_link": {
    "score": 1.0,
    "time": 0.0007405281066894531,
    "start_wsp": {
      "name": "date.n.1",
      "definition": "a participant in a date",
      "onyms": [
        "blind_date",
        "associate",
        "date",
        "appointment",
        "escort",
        "companion",
        "comrade",
        "fellow",
        "familiar",
        "engagement"
      ]
    },
    "end_wsp": {
      "name": "companion.n.0",
      "definition": "a friend who is frequently in the company of another",
      "onyms": [
        "tovarisch",
        "associate",
        "date",
        "companion",
        "escort",
        "fellow",
        "comrade",
        "familiar",
        "playmate",
        "playfellow",
        "friend",
        "tovarich"
      ]
    }
  },
  "total_vector": {
    "score": 0.8677683472633362,
    "time": 2.694661855697632,
    "start_wsp": {
      "name": "date.n.1",
      "definition": "a participant in a date",
      "onyms": [
        "blind_date",
        "associate",
        "date",
        "appointment",
        "escort",
        "companion",
        "comrade",
        "fellow",
        "familiar",
        "engagement"
      ]
    },
    "end_wsp": {
      "name": "companion.n.0",
      "definition": "a friend who is frequently in the company of another",
      "onyms": [
        "tovarisch",
        "associate",
        "date",
        "companion",
        "escort",
        "fellow",
        "comrade",
        "familiar",
        "playmate",
        "playfellow",
        "friend",
        "tovarich"
      ]
    }
  }
}