{
  "average_link": {
    "score": 0.05853944302200236,
    "time": 0.00014281272888183594,
    "start_wsp": {
      "name": "davenport.n.1",
      "definition": "a small decorative writing desk",
      "onyms": [
        "davenport",
        "desk"
      ]
    },
    "end_wsp": {
      "name": "washington.n.0",
      "definition": "the capital of the United States in the District of Columbia and a tourist mecca; George Washington commissioned Charles L'Enfant to lay out the city in 1791",
      "onyms": [
        "the_Hill",
        "Capitol_Hill",
        "Georgetown",
        "D.C.",
        "Capitol_Building",
        "District_of_Columbia",
        "capital_of_the_United_States",
        "Capitol",
        "Washington_Monument",
        "White_House",
        "Potomac",
        "Washington",
        "American_capital",
        "Washington_D.C.",
        "national_capital",
        "DC",
        "Lincoln_Memorial"
      ]
    }
  },
  "average_vector": {
    "score": 0.33990928530693054,
    "time": 1.3400990962982178,
    "start_wsp": {
      "name": "davenport.n.0",
      "definition": "a city in eastern Iowa on the Mississippi River across from Moline and Rock Island",
      "onyms": [
        "IA",
        "metropolis",
        "city",
        "Iowa",
        "Hawkeye_State",
        "Davenport",
        "urban_center"
      ]
    },
    "end_wsp": {
      "name": "washington.n.1",
      "definition": "a state in northwestern United States on the Pacific",
      "onyms": [
        "WA",
        "scablands",
        "America",
        "United_States",
        "Yakima",
        "Tacoma",
        "Inland_Passage",
        "Snake_River",
        "Snake",
        "Bellingham",
        "Olympia",
        "Puget_Sound",
        "United_States_of_America",
        "capital_of_Washington",
        "Seattle",
        "Vancouver",
        "Mount_Tacoma",
        "Inside_Passage",
        "Pacific_Northwest",
        "Walla_Walla",
        "Adams",
        "Mount_St._Helens",
        "Mount_Saint_Helens",
        "Ranier",
        "Cape_Flattery",
        "Mt._St._Helens",
        "Washington",
        "Columbia_River",
        "Columbia",
        "US",
        "Mount_Ranier_National_Park",
        "Kennewick",
        "American_state",
        "Lake_Chelan",
        "the_States",
        "Evergreen_State",
        "Mount_Ranier",
        "USA",
        "Aberdeen",
        "Mount_Adams",
        "Spokane",
        "North_Cascades_National_Park",
        "U.S.A.",
        "U.S.",
        "Mt._Ranier",
        "Olympic_National_Park"
      ]
    }
  },
  "complete_link": {
    "score": 0.0347597599029541,
    "time": 0.00015306472778320312,
    "start_wsp": {
      "name": "davenport.n.0",
      "definition": "a city in eastern Iowa on the Mississippi River across from Moline and Rock Island",
      "onyms": [
        "IA",
        "metropolis",
        "city",
        "Iowa",
        "Hawkeye_State",
        "Davenport",
        "urban_center"
      ]
    },
    "end_wsp": {
      "name": "washington.n.2",
      "definition": "the federal government of the United States",
      "onyms": [
        "federal_government",
        "Capital",
        "Washington"
      ]
    }
  },
  "single_link": {
    "score": 0.40079089999198914,
    "time": 0.00014543533325195312,
    "start_wsp": {
      "name": "davenport.n.0",
      "definition": "a city in eastern Iowa on the Mississippi River across from Moline and Rock Island",
      "onyms": [
        "IA",
        "metropolis",
        "city",
        "Iowa",
        "Hawkeye_State",
        "Davenport",
        "urban_center"
      ]
    },
    "end_wsp": {
      "name": "washington.n.1",
      "definition": "a state in northwestern United States on the Pacific",
      "onyms": [
        "WA",
        "scablands",
        "America",
        "United_States",
        "Yakima",
        "Tacoma",
        "Inland_Passage",
        "Snake_River",
        "Snake",
        "Bellingham",
        "Olympia",
        "Puget_Sound",
        "United_States_of_America",
        "capital_of_Washington",
        "Seattle",
        "Vancouver",
        "Mount_Tacoma",
        "Inside_Passage",
        "Pacific_Northwest",
        "Walla_Walla",
        "Adams",
        "Mount_St._Helens",
        "Mount_Saint_Helens",
        "Ranier",
        "Cape_Flattery",
        "Mt._St._Helens",
        "Washington",
        "Columbia_River",
        "Columbia",
        "US",
        "Mount_Ranier_National_Park",
        "Kennewick",
        "American_state",
        "Lake_Chelan",
        "the_States",
        "Evergreen_State",
        "Mount_Ranier",
        "USA",
        "Aberdeen",
        "Mount_Adams",
        "Spokane",
        "North_Cascades_National_Park",
        "U.S.A.",
        "U.S.",
        "Mt._Ranier",
        "Olympic_National_Park"
      ]
    }
  },
  "total_vector": {
    "score": 0.33990931510925293,
    "time": 1.3287525177001953,
    "start_wsp": {
      "name": "davenport.n.0",
      "definition": "a city in eastern Iowa on the Mississippi River across from Moline and Rock Island",
      "onyms": [
        "IA",
        "metropolis",
        "city",
        "Iowa",
        "Hawkeye_State",
        "Davenport",
        "urban_center"
      ]
    },
    "end_wsp": {
      "name": "washington.n.1",
      "definition": "a state in northwestern United States on the Pacific",
      "onyms": [
        "WA",
        "scablands",
        "America",
        "United_States",
        "Yakima",
        "Tacoma",
        "Inland_Passage",
        "Snake_River",
        "Snake",
        "Bellingham",
        "Olympia",
        "Puget_Sound",
        "United_States_of_America",
        "capital_of_Washington",
        "Seattle",
        "Vancouver",
        "Mount_Tacoma",
        "Inside_Passage",
        "Pacific_Northwest",
        "Walla_Walla",
        "Adams",
        "Mount_St._Helens",
        "Mount_Saint_Helens",
        "Ranier",
        "Cape_Flattery",
        "Mt._St._Helens",
        "Washington",
        "Columbia_River",
        "Columbia",
        "US",
        "Mount_Ranier_National_Park",
        "Kennewick",
        "American_state",
        "Lake_Chelan",
        "the_States",
        "Evergreen_State",
        "Mount_Ranier",
        "USA",
        "Aberdeen",
        "Mount_Adams",
        "Spokane",
        "North_Cascades_National_Park",
        "U.S.A.",
        "U.S.",
        "Mt._Ranier",
        "Olympic_National_Park"
      ]
    }
  }
}