{
  "average_link": {
    "score": 0.16424772603546872,
    "time": 3.933906555175781e-05,
    "start_wsp": {
      "name": "dehydrated.s.3",
      "definition": "suffering from excessive loss of water from the body",
      "onyms": [
        "dehydrated"
      ]
    },
    "end_wsp": {
      "name": "preserved.v.3",
      "definition": "prevent (food) from rotting",
      "onyms": [
        "can",
        "ready",
        "dehydrate",
        "freeze-dry",
        "keep",
        "put_up",
        "prepare",
        "tin",
        "cook",
        "conserve",
        "desiccate",
        "fix",
        "preserve",
        "make",
        "salt",
        "pickle",
        "refrigerate",
        "cure",
        "corn"
      ]
    }
  },
  "average_vector": {
    "score": 0.7670809626579285,
    "time": 12.267065525054932,
    "start_wsp": {
      "name": "dehydrated.v.0",
      "definition": "preserve by removing all water and liquids from",
      "onyms": [
        "preserve",
        "dehydrate",
        "desiccate",
        "keep"
      ]
    },
    "end_wsp": {
      "name": "preserved.v.3",
      "definition": "prevent (food) from rotting",
      "onyms": [
        "can",
        "ready",
        "dehydrate",
        "freeze-dry",
        "keep",
        "put_up",
        "prepare",
        "tin",
        "cook",
        "conserve",
        "desiccate",
        "fix",
        "preserve",
        "make",
        "salt",
        "pickle",
        "refrigerate",
        "cure",
        "corn"
      ]
    }
  },
  "complete_link": {
    "score": 0.14765073359012604,
    "time": 4.291534423828125e-05,
    "start_wsp": {
      "name": "dehydrated.v.0",
      "definition": "preserve by removing all water and liquids from",
      "onyms": [
        "preserve",
        "dehydrate",
        "desiccate",
        "keep"
      ]
    },
    "end_wsp": {
      "name": "preserved.v.4",
      "definition": "maintain in safety from injury, harm, or danger",
      "onyms": [
        "preserve",
        "keep",
        "protect"
      ]
    }
  },
  "single_link": {
    "score": 1.0,
    "time": 3.910064697265625e-05,
    "start_wsp": {
      "name": "dehydrated.v.0",
      "definition": "preserve by removing all water and liquids from",
      "onyms": [
        "preserve",
        "dehydrate",
        "desiccate",
        "keep"
      ]
    },
    "end_wsp": {
      "name": "preserved.v.0",
      "definition": "keep or maintain in unaltered condition; cause to remain or last",
      "onyms": [
        "re-start",
        "hold_on",
        "uphold",
        "mummify",
        "maintain",
        "continue",
        "keep",
        "sustain",
        "persist",
        "restart",
        "keep_up",
        "preserve",
        "bear_on",
        "perpetuate",
        "hang_on",
        "resume",
        "prolong",
        "hang_in",
        "carry_on",
        "hold",
        "persevere"
      ]
    }
  },
  "total_vector": {
    "score": 0.7670809626579285,
    "time": 12.819214344024658,
    "start_wsp": {
      "name": "dehydrated.v.0",
      "definition": "preserve by removing all water and liquids from",
      "onyms": [
        "preserve",
        "dehydrate",
        "desiccate",
        "keep"
      ]
    },
    "end_wsp": {
      "name": "preserved.v.3",
      "definition": "prevent (food) from rotting",
      "onyms": [
        "can",
        "ready",
        "dehydrate",
        "freeze-dry",
        "keep",
        "put_up",
        "prepare",
        "tin",
        "cook",
        "conserve",
        "desiccate",
        "fix",
        "preserve",
        "make",
        "salt",
        "pickle",
        "refrigerate",
        "cure",
        "corn"
      ]
    }
  }
}