{
  "average_link": {
    "score": 0.042967507790308446,
    "time": 0.0048177242279052734,
    "start_wsp": {
      "name": "delegating.v.1",
      "definition": "transfer power to someone",
      "onyms": [
        "depute",
        "delegate",
        "assign",
        "designate"
      ]
    },
    "end_wsp": {
      "name": "authorization.n.2",
      "definition": "official permission or approval",
      "onyms": [
        "sanction",
        "permission",
        "authorization",
        "authorisation",
        "authority"
      ]
    }
  },
  "average_vector": {
    "score": 0.7947544455528259,
    "time": 1.3245368003845215,
    "start_wsp": {
      "name": "delegating.n.0",
      "definition": "authorizing subordinates to make certain decisions",
      "onyms": [
        "deputation",
        "devolution",
        "delegating",
        "empowerment",
        "delegation",
        "relegating",
        "authorization",
        "relegation",
        "authorisation",
        "devolvement"
      ]
    },
    "end_wsp": {
      "name": "authorization.n.3",
      "definition": "the act of conferring legality or sanction or formal warrant",
      "onyms": [
        "deputation",
        "permit",
        "license",
        "rubber_stamp",
        "enfranchisement",
        "authorization",
        "authorisation",
        "relegating",
        "direction",
        "sanction",
        "permission",
        "delegating",
        "delegation",
        "loan_approval",
        "management",
        "empowerment",
        "certification",
        "commissioning",
        "relegation",
        "commission"
      ]
    }
  },
  "complete_link": {
    "score": 0.05427422747015953,
    "time": 0.005263328552246094,
    "start_wsp": {
      "name": "delegating.v.1",
      "definition": "transfer power to someone",
      "onyms": [
        "depute",
        "delegate",
        "assign",
        "designate"
      ]
    },
    "end_wsp": {
      "name": "authorization.n.0",
      "definition": "a document giving an official instruction or command",
      "onyms": [
        "legal_instrument",
        "authorization",
        "authorisation",
        "legal_document",
        "instrument",
        "official_document",
        "mandate"
      ]
    }
  },
  "single_link": {
    "score": 1.0,
    "time": 0.005553245544433594,
    "start_wsp": {
      "name": "delegating.n.0",
      "definition": "authorizing subordinates to make certain decisions",
      "onyms": [
        "deputation",
        "devolution",
        "delegating",
        "empowerment",
        "delegation",
        "relegating",
        "authorization",
        "relegation",
        "authorisation",
        "devolvement"
      ]
    },
    "end_wsp": {
      "name": "authorization.n.0",
      "definition": "a document giving an official instruction or command",
      "onyms": [
        "legal_instrument",
        "authorization",
        "authorisation",
        "legal_document",
        "instrument",
        "official_document",
        "mandate"
      ]
    }
  },
  "total_vector": {
    "score": 0.7947544455528259,
    "time": 1.3236353397369385,
    "start_wsp": {
      "name": "delegating.n.0",
      "definition": "authorizing subordinates to make certain decisions",
      "onyms": [
        "deputation",
        "devolution",
        "delegating",
        "empowerment",
        "delegation",
        "relegating",
        "authorization",
        "relegation",
        "authorisation",
        "devolvement"
      ]
    },
    "end_wsp": {
      "name": "authorization.n.3",
      "definition": "the act of conferring legality or sanction or formal warrant",
      "onyms": [
        "deputation",
        "permit",
        "license",
        "rubber_stamp",
        "enfranchisement",
        "authorization",
        "authorisation",
        "relegating",
        "direction",
        "sanction",
        "permission",
        "delegating",
        "delegation",
        "loan_approval",
        "management",
        "empowerment",
        "certification",
        "commissioning",
        "relegation",
        "commission"
      ]
    }
  }
}