{
  "average_link": {
    "score": 0.11135022900998592,
    "time": 0.0003139972686767578,
    "start_wsp": {
      "name": "delicacy.n.0",
      "definition": "the quality of being beautiful and delicate in appearance",
      "onyms": [
        "elegance",
        "daintiness",
        "delicacy",
        "fineness"
      ]
    },
    "end_wsp": {
      "name": "dainty.s.2",
      "definition": "delicately beautiful",
      "onyms": [
        "dainty",
        "exquisite"
      ]
    }
  },
  "average_vector": {
    "score": 1.0,
    "time": 1.455550193786621,
    "start_wsp": {
      "name": "delicacy.n.1",
      "definition": "something considered choice to eat",
      "onyms": [
        "alimentation",
        "choice_morsel",
        "goody",
        "nutriment",
        "nourishment",
        "sustenance",
        "marrow",
        "titbit",
        "savoury",
        "bone_marrow",
        "savory",
        "dainty",
        "gelatin",
        "sweet",
        "kickshaw",
        "nutrition",
        "delicacy",
        "victuals",
        "confection",
        "tidbit",
        "nectar",
        "jelly",
        "treat",
        "ambrosia",
        "aliment"
      ]
    },
    "end_wsp": {
      "name": "dainty.n.0",
      "definition": "something considered choice to eat",
      "onyms": [
        "alimentation",
        "choice_morsel",
        "goody",
        "nutriment",
        "nourishment",
        "sustenance",
        "marrow",
        "titbit",
        "savoury",
        "bone_marrow",
        "savory",
        "dainty",
        "gelatin",
        "sweet",
        "kickshaw",
        "nutrition",
        "delicacy",
        "victuals",
        "confection",
        "tidbit",
        "nectar",
        "jelly",
        "treat",
        "ambrosia",
        "aliment"
      ]
    }
  },
  "complete_link": {
    "score": 0.2982279658317566,
    "time": 0.00026726722717285156,
    "start_wsp": {
      "name": "delicacy.n.0",
      "definition": "the quality of being beautiful and delicate in appearance",
      "onyms": [
        "elegance",
        "daintiness",
        "delicacy",
        "fineness"
      ]
    },
    "end_wsp": {
      "name": "dainty.s.2",
      "definition": "delicately beautiful",
      "onyms": [
        "dainty",
        "exquisite"
      ]
    }
  },
  "single_link": {
    "score": 1.0000001192092896,
    "time": 0.00024080276489257812,
    "start_wsp": {
      "name": "delicacy.n.1",
      "definition": "something considered choice to eat",
      "onyms": [
        "alimentation",
        "choice_morsel",
        "goody",
        "nutriment",
        "nourishment",
        "sustenance",
        "marrow",
        "titbit",
        "savoury",
        "bone_marrow",
        "savory",
        "dainty",
        "gelatin",
        "sweet",
        "kickshaw",
        "nutrition",
        "delicacy",
        "victuals",
        "confection",
        "tidbit",
        "nectar",
        "jelly",
        "treat",
        "ambrosia",
        "aliment"
      ]
    },
    "end_wsp": {
      "name": "dainty.n.0",
      "definition": "something considered choice to eat",
      "onyms": [
        "alimentation",
        "choice_morsel",
        "goody",
        "nutriment",
        "nourishment",
        "sustenance",
        "marrow",
        "titbit",
        "savoury",
        "bone_marrow",
        "savory",
        "dainty",
        "gelatin",
        "sweet",
        "kickshaw",
        "nutrition",
        "delicacy",
        "victuals",
        "confection",
        "tidbit",
        "nectar",
        "jelly",
        "treat",
        "ambrosia",
        "aliment"
      ]
    }
  },
  "total_vector": {
    "score": 1.0,
    "time": 1.475506067276001,
    "start_wsp": {
      "name": "delicacy.n.1",
      "definition": "something considered choice to eat",
      "onyms": [
        "alimentation",
        "choice_morsel",
        "goody",
        "nutriment",
        "nourishment",
        "sustenance",
        "marrow",
        "titbit",
        "savoury",
        "bone_marrow",
        "savory",
        "dainty",
        "gelatin",
        "sweet",
        "kickshaw",
        "nutrition",
        "delicacy",
        "victuals",
        "confection",
        "tidbit",
        "nectar",
        "jelly",
        "treat",
        "ambrosia",
        "aliment"
      ]
    },
    "end_wsp": {
      "name": "dainty.n.0",
      "definition": "something considered choice to eat",
      "onyms": [
        "alimentation",
        "choice_morsel",
        "goody",
        "nutriment",
        "nourishment",
        "sustenance",
        "marrow",
        "titbit",
        "savoury",
        "bone_marrow",
        "savory",
        "dainty",
        "gelatin",
        "sweet",
        "kickshaw",
        "nutrition",
        "delicacy",
        "victuals",
        "confection",
        "tidbit",
        "nectar",
        "jelly",
        "treat",
        "ambrosia",
        "aliment"
      ]
    }
  }
}