{
  "average_link": {
    "score": 0.06582713391565319,
    "time": 0.0004057884216308594,
    "start_wsp": {
      "name": "deliberation.n.4",
      "definition": "the trait of thoughtfulness in action or decision",
      "onyms": [
        "deliberation",
        "intentionality",
        "thoughtfulness",
        "deliberateness"
      ]
    },
    "end_wsp": {
      "name": "slowness.n.1",
      "definition": "a rate demonstrating an absence of haste or hurry",
      "onyms": [
        "dilatoriness",
        "slowness",
        "deliberation",
        "rate",
        "pace",
        "unhurriedness",
        "leisureliness",
        "procrastination",
        "deliberateness"
      ]
    }
  },
  "average_vector": {
    "score": 1.0,
    "time": 1.3533282279968262,
    "start_wsp": {
      "name": "deliberation.n.3",
      "definition": "a rate demonstrating an absence of haste or hurry",
      "onyms": [
        "dilatoriness",
        "slowness",
        "deliberation",
        "rate",
        "pace",
        "unhurriedness",
        "leisureliness",
        "procrastination",
        "deliberateness"
      ]
    },
    "end_wsp": {
      "name": "slowness.n.1",
      "definition": "a rate demonstrating an absence of haste or hurry",
      "onyms": [
        "dilatoriness",
        "slowness",
        "deliberation",
        "rate",
        "pace",
        "unhurriedness",
        "leisureliness",
        "procrastination",
        "deliberateness"
      ]
    }
  },
  "complete_link": {
    "score": 0.06728824228048325,
    "time": 0.0003795623779296875,
    "start_wsp": {
      "name": "deliberation.n.4",
      "definition": "the trait of thoughtfulness in action or decision",
      "onyms": [
        "deliberation",
        "intentionality",
        "thoughtfulness",
        "deliberateness"
      ]
    },
    "end_wsp": {
      "name": "slowness.n.0",
      "definition": "unskillfulness resulting from a lack of training",
      "onyms": [
        "ineptitude",
        "ineptness",
        "awkwardness",
        "rustiness",
        "slowness",
        "clumsiness",
        "maladroitness",
        "unskillfulness"
      ]
    }
  },
  "single_link": {
    "score": 1.0,
    "time": 0.0003650188446044922,
    "start_wsp": {
      "name": "deliberation.n.3",
      "definition": "a rate demonstrating an absence of haste or hurry",
      "onyms": [
        "dilatoriness",
        "slowness",
        "deliberation",
        "rate",
        "pace",
        "unhurriedness",
        "leisureliness",
        "procrastination",
        "deliberateness"
      ]
    },
    "end_wsp": {
      "name": "slowness.n.0",
      "definition": "unskillfulness resulting from a lack of training",
      "onyms": [
        "ineptitude",
        "ineptness",
        "awkwardness",
        "rustiness",
        "slowness",
        "clumsiness",
        "maladroitness",
        "unskillfulness"
      ]
    }
  },
  "total_vector": {
    "score": 1.0,
    "time": 1.3341560363769531,
    "start_wsp": {
      "name": "deliberation.n.3",
      "definition": "a rate demonstrating an absence of haste or hurry",
      "onyms": [
        "dilatoriness",
        "slowness",
        "deliberation",
        "rate",
        "pace",
        "unhurriedness",
        "leisureliness",
        "procrastination",
        "deliberateness"
      ]
    },
    "end_wsp": {
      "name": "slowness.n.1",
      "definition": "a rate demonstrating an absence of haste or hurry",
      "onyms": [
        "dilatoriness",
        "slowness",
        "deliberation",
        "rate",
        "pace",
        "unhurriedness",
        "leisureliness",
        "procrastination",
        "deliberateness"
      ]
    }
  }
}