{
  "average_link": {
    "score": 0.1496554035693407,
    "time": 0.0006585121154785156,
    "start_wsp": {
      "name": "deluged.v.2",
      "definition": "fill or cover completely, usually with water",
      "onyms": [
        "deluge",
        "inundate",
        "flood",
        "submerge"
      ]
    },
    "end_wsp": {
      "name": "deluge.v.5",
      "definition": "fill or cover completely, usually with water",
      "onyms": [
        "deluge",
        "inundate",
        "flood",
        "submerge"
      ]
    }
  },
  "average_vector": {
    "score": 1.0,
    "time": 2.8025927543640137,
    "start_wsp": {
      "name": "deluged.v.2",
      "definition": "fill or cover completely, usually with water",
      "onyms": [
        "deluge",
        "inundate",
        "flood",
        "submerge"
      ]
    },
    "end_wsp": {
      "name": "deluge.v.5",
      "definition": "fill or cover completely, usually with water",
      "onyms": [
        "deluge",
        "inundate",
        "flood",
        "submerge"
      ]
    }
  },
  "complete_link": {
    "score": 0.25960734486579895,
    "time": 0.0001952648162841797,
    "start_wsp": {
      "name": "deluged.v.2",
      "definition": "fill or cover completely, usually with water",
      "onyms": [
        "deluge",
        "inundate",
        "flood",
        "submerge"
      ]
    },
    "end_wsp": {
      "name": "deluge.v.5",
      "definition": "fill or cover completely, usually with water",
      "onyms": [
        "deluge",
        "inundate",
        "flood",
        "submerge"
      ]
    }
  },
  "single_link": {
    "score": 1.0000001192092896,
    "time": 0.0001876354217529297,
    "start_wsp": {
      "name": "deluged.v.0",
      "definition": "fill quickly beyond capacity; as with a liquid",
      "onyms": [
        "make_full",
        "deluge",
        "swamp",
        "flood",
        "inundate",
        "fill",
        "fill_up"
      ]
    },
    "end_wsp": {
      "name": "deluge.n.0",
      "definition": "an overwhelming number or amount",
      "onyms": [
        "muckle",
        "inundation",
        "mass",
        "hatful",
        "mickle",
        "heap",
        "deal",
        "slew",
        "deluge",
        "great_deal",
        "quite_a_little",
        "tidy_sum",
        "wad",
        "mint",
        "good_deal",
        "mess",
        "peck",
        "batch",
        "flood",
        "pot",
        "stack",
        "torrent",
        "passel",
        "spate",
        "raft",
        "plenty",
        "pile",
        "flock",
        "sight",
        "mountain",
        "lot"
      ]
    }
  },
  "total_vector": {
    "score": 1.0,
    "time": 2.625303268432617,
    "start_wsp": {
      "name": "deluged.v.2",
      "definition": "fill or cover completely, usually with water",
      "onyms": [
        "deluge",
        "inundate",
        "flood",
        "submerge"
      ]
    },
    "end_wsp": {
      "name": "deluge.v.5",
      "definition": "fill or cover completely, usually with water",
      "onyms": [
        "deluge",
        "inundate",
        "flood",
        "submerge"
      ]
    }
  }
}