{
  "average_link": {
    "score": 0.2844315320253372,
    "time": 2.765655517578125e-05,
    "start_wsp": {
      "name": "depilatory.n.0",
      "definition": "a chemical (usually a sulfide) used to remove hair or wool or bristles from hides",
      "onyms": [
        "depilatory",
        "chemical_compound",
        "compound"
      ]
    },
    "end_wsp": {
      "name": "compound.a.8",
      "definition": "composed of more than one part; compound flower heads\"",
      "onyms": [
        "compound"
      ]
    }
  },
  "average_vector": {
    "score": 0.7636376023292542,
    "time": 1.3154215812683105,
    "start_wsp": {
      "name": "depilatory.n.0",
      "definition": "a chemical (usually a sulfide) used to remove hair or wool or bristles from hides",
      "onyms": [
        "depilatory",
        "chemical_compound",
        "compound"
      ]
    },
    "end_wsp": {
      "name": "compound.a.8",
      "definition": "composed of more than one part; compound flower heads\"",
      "onyms": [
        "compound"
      ]
    }
  },
  "complete_link": {
    "score": 0.13772612810134888,
    "time": 2.6941299438476562e-05,
    "start_wsp": {
      "name": "depilatory.n.0",
      "definition": "a chemical (usually a sulfide) used to remove hair or wool or bristles from hides",
      "onyms": [
        "depilatory",
        "chemical_compound",
        "compound"
      ]
    },
    "end_wsp": {
      "name": "compound.a.8",
      "definition": "composed of more than one part; compound flower heads\"",
      "onyms": [
        "compound"
      ]
    }
  },
  "single_link": {
    "score": 1.0,
    "time": 2.6702880859375e-05,
    "start_wsp": {
      "name": "depilatory.n.0",
      "definition": "a chemical (usually a sulfide) used to remove hair or wool or bristles from hides",
      "onyms": [
        "depilatory",
        "chemical_compound",
        "compound"
      ]
    },
    "end_wsp": {
      "name": "compound.n.0",
      "definition": "a whole formed by a union of two or more elements or parts",
      "onyms": [
        "whole",
        "compound"
      ]
    }
  },
  "total_vector": {
    "score": 0.7636376023292542,
    "time": 1.3027379512786865,
    "start_wsp": {
      "name": "depilatory.n.0",
      "definition": "a chemical (usually a sulfide) used to remove hair or wool or bristles from hides",
      "onyms": [
        "depilatory",
        "chemical_compound",
        "compound"
      ]
    },
    "end_wsp": {
      "name": "compound.a.8",
      "definition": "composed of more than one part; compound flower heads\"",
      "onyms": [
        "compound"
      ]
    }
  }
}