{
  "average_link": {
    "score": 0.030977035601002473,
    "time": 0.0007405281066894531,
    "start_wsp": {
      "name": "deposition.n.1",
      "definition": "(law) a pretrial interrogation of a witness; usually conducted in a lawyer's office",
      "onyms": [
        "interrogatory",
        "examination",
        "interrogation",
        "deposition"
      ]
    },
    "end_wsp": {
      "name": "law.n.4",
      "definition": "the branch of philosophy concerned with the law and the principles that lead courts to make the decisions they do",
      "onyms": [
        "patent_law",
        "contract_law",
        "legal_philosophy",
        "jurisprudence",
        "matrimonial_law",
        "philosophy",
        "law",
        "corporation_law"
      ]
    }
  },
  "average_vector": {
    "score": 0.3832281827926636,
    "time": 1.3053135871887207,
    "start_wsp": {
      "name": "deposition.n.0",
      "definition": "the natural process of laying down a deposit of something",
      "onyms": [
        "superposition",
        "accretion",
        "pigmentation",
        "deposit",
        "deposition",
        "accumulation",
        "electrodeposition",
        "redeposition"
      ]
    },
    "end_wsp": {
      "name": "law.n.0",
      "definition": "the collection of rules imposed by authority",
      "onyms": [
        "commercial_law",
        "law_of_nations",
        "shariah",
        "precedent",
        "accumulation",
        "international_law",
        "ecclesiastical_law",
        "military_law",
        "case_law",
        "shariah_law",
        "jurisprudence",
        "common_law",
        "law_merchant",
        "canon_law",
        "sharia_law",
        "law",
        "collection",
        "administrative_law",
        "Islamic_law",
        "tax_law",
        "law_of_the_land",
        "securities_law",
        "Mosaic_law",
        "aggregation",
        "assemblage",
        "sharia",
        "martial_law",
        "civil_law",
        "statutory_law",
        "mercantile_law",
        "Law_of_Moses"
      ]
    }
  },
  "complete_link": {
    "score": 0.07864565402269363,
    "time": 0.0007982254028320312,
    "start_wsp": {
      "name": "deposition.n.1",
      "definition": "(law) a pretrial interrogation of a witness; usually conducted in a lawyer's office",
      "onyms": [
        "interrogatory",
        "examination",
        "interrogation",
        "deposition"
      ]
    },
    "end_wsp": {
      "name": "law.n.5",
      "definition": "the learned profession that is mastered by graduate study in a law school and that is responsible for the judicial system",
      "onyms": [
        "learned_profession",
        "practice_of_law",
        "law"
      ]
    }
  },
  "single_link": {
    "score": 1.0,
    "time": 0.0007262229919433594,
    "start_wsp": {
      "name": "deposition.n.0",
      "definition": "the natural process of laying down a deposit of something",
      "onyms": [
        "superposition",
        "accretion",
        "pigmentation",
        "deposit",
        "deposition",
        "accumulation",
        "electrodeposition",
        "redeposition"
      ]
    },
    "end_wsp": {
      "name": "law.n.0",
      "definition": "the collection of rules imposed by authority",
      "onyms": [
        "commercial_law",
        "law_of_nations",
        "shariah",
        "precedent",
        "accumulation",
        "international_law",
        "ecclesiastical_law",
        "military_law",
        "case_law",
        "shariah_law",
        "jurisprudence",
        "common_law",
        "law_merchant",
        "canon_law",
        "sharia_law",
        "law",
        "collection",
        "administrative_law",
        "Islamic_law",
        "tax_law",
        "law_of_the_land",
        "securities_law",
        "Mosaic_law",
        "aggregation",
        "assemblage",
        "sharia",
        "martial_law",
        "civil_law",
        "statutory_law",
        "mercantile_law",
        "Law_of_Moses"
      ]
    }
  },
  "total_vector": {
    "score": 0.3832281529903412,
    "time": 1.3061678409576416,
    "start_wsp": {
      "name": "deposition.n.0",
      "definition": "the natural process of laying down a deposit of something",
      "onyms": [
        "superposition",
        "accretion",
        "pigmentation",
        "deposit",
        "deposition",
        "accumulation",
        "electrodeposition",
        "redeposition"
      ]
    },
    "end_wsp": {
      "name": "law.n.0",
      "definition": "the collection of rules imposed by authority",
      "onyms": [
        "commercial_law",
        "law_of_nations",
        "shariah",
        "precedent",
        "accumulation",
        "international_law",
        "ecclesiastical_law",
        "military_law",
        "case_law",
        "shariah_law",
        "jurisprudence",
        "common_law",
        "law_merchant",
        "canon_law",
        "sharia_law",
        "law",
        "collection",
        "administrative_law",
        "Islamic_law",
        "tax_law",
        "law_of_the_land",
        "securities_law",
        "Mosaic_law",
        "aggregation",
        "assemblage",
        "sharia",
        "martial_law",
        "civil_law",
        "statutory_law",
        "mercantile_law",
        "Law_of_Moses"
      ]
    }
  }
}