{
  "average_link": {
    "score": 0.13370359037071466,
    "time": 0.0005352497100830078,
    "start_wsp": {
      "name": "dingy.s.1",
      "definition": "(of color) discolored by impurities; not bright and clear;  is often used in combination",
      "onyms": [
        "dirty",
        "muddied",
        "muddy",
        "dingy"
      ]
    },
    "end_wsp": {
      "name": "muddied.s.3",
      "definition": "(of color) discolored by impurities; not bright and clear;  is often used in combination",
      "onyms": [
        "dirty",
        "muddied",
        "muddy",
        "dingy"
      ]
    }
  },
  "average_vector": {
    "score": 1.0,
    "time": 9.477430582046509,
    "start_wsp": {
      "name": "dingy.s.1",
      "definition": "(of color) discolored by impurities; not bright and clear;  is often used in combination",
      "onyms": [
        "dirty",
        "muddied",
        "muddy",
        "dingy"
      ]
    },
    "end_wsp": {
      "name": "muddied.s.3",
      "definition": "(of color) discolored by impurities; not bright and clear;  is often used in combination",
      "onyms": [
        "dirty",
        "muddied",
        "muddy",
        "dingy"
      ]
    }
  },
  "complete_link": {
    "score": 0.24194660782814026,
    "time": 0.0005064010620117188,
    "start_wsp": {
      "name": "dingy.s.1",
      "definition": "(of color) discolored by impurities; not bright and clear;  is often used in combination",
      "onyms": [
        "dirty",
        "muddied",
        "muddy",
        "dingy"
      ]
    },
    "end_wsp": {
      "name": "muddied.s.3",
      "definition": "(of color) discolored by impurities; not bright and clear;  is often used in combination",
      "onyms": [
        "dirty",
        "muddied",
        "muddy",
        "dingy"
      ]
    }
  },
  "single_link": {
    "score": 1.0,
    "time": 0.0005290508270263672,
    "start_wsp": {
      "name": "dingy.s.0",
      "definition": "thickly covered with ingrained dirt or soot",
      "onyms": [
        "grungy",
        "grimy",
        "begrimed",
        "raunchy",
        "dingy",
        "grubby"
      ]
    },
    "end_wsp": {
      "name": "muddied.s.3",
      "definition": "(of color) discolored by impurities; not bright and clear;  is often used in combination",
      "onyms": [
        "dirty",
        "muddied",
        "muddy",
        "dingy"
      ]
    }
  },
  "total_vector": {
    "score": 1.0,
    "time": 9.91164231300354,
    "start_wsp": {
      "name": "dingy.s.1",
      "definition": "(of color) discolored by impurities; not bright and clear;  is often used in combination",
      "onyms": [
        "dirty",
        "muddied",
        "muddy",
        "dingy"
      ]
    },
    "end_wsp": {
      "name": "muddied.s.3",
      "definition": "(of color) discolored by impurities; not bright and clear;  is often used in combination",
      "onyms": [
        "dirty",
        "muddied",
        "muddy",
        "dingy"
      ]
    }
  }
}