{
  "average_link": {
    "score": 0.1089930459856987,
    "time": 0.00016260147094726562,
    "start_wsp": {
      "name": "dirtiness.n.1",
      "definition": "the state of containing dirty impurities",
      "onyms": [
        "impureness",
        "dirtiness",
        "impurity"
      ]
    },
    "end_wsp": {
      "name": "clean.a.11",
      "definition": "free from dirt or impurities; or having clean habits",
      "onyms": [
        "clean"
      ]
    }
  },
  "average_vector": {
    "score": 0.5544957518577576,
    "time": 5.247846364974976,
    "start_wsp": {
      "name": "dirtiness.n.0",
      "definition": "the state of being unsanitary",
      "onyms": [
        "dirtiness",
        "smuttiness",
        "pollution",
        "grubbiness",
        "griminess",
        "dinge",
        "grime",
        "filth",
        "grunge",
        "sanitary_condition",
        "feculence",
        "dinginess",
        "befoulment",
        "sootiness",
        "uncleanness",
        "sordidness",
        "dirt",
        "squalidness",
        "dustiness",
        "stain",
        "soil",
        "defilement",
        "grease",
        "squalor"
      ]
    },
    "end_wsp": {
      "name": "clean.v.4",
      "definition": "clean one's body or parts thereof, as by washing",
      "onyms": [
        "neaten",
        "floss",
        "decontaminate",
        "lather",
        "cleanse",
        "bath",
        "wash",
        "bathe",
        "lave",
        "groom",
        "clean",
        "soap",
        "douche"
      ]
    }
  },
  "complete_link": {
    "score": 0.1018211841583252,
    "time": 0.0001552104949951172,
    "start_wsp": {
      "name": "dirtiness.n.1",
      "definition": "the state of containing dirty impurities",
      "onyms": [
        "impureness",
        "dirtiness",
        "impurity"
      ]
    },
    "end_wsp": {
      "name": "clean.a.11",
      "definition": "free from dirt or impurities; or having clean habits",
      "onyms": [
        "clean"
      ]
    }
  },
  "single_link": {
    "score": 0.4834805428981781,
    "time": 0.0001583099365234375,
    "start_wsp": {
      "name": "dirtiness.n.0",
      "definition": "the state of being unsanitary",
      "onyms": [
        "dirtiness",
        "smuttiness",
        "pollution",
        "grubbiness",
        "griminess",
        "dinge",
        "grime",
        "filth",
        "grunge",
        "sanitary_condition",
        "feculence",
        "dinginess",
        "befoulment",
        "sootiness",
        "uncleanness",
        "sordidness",
        "dirt",
        "squalidness",
        "dustiness",
        "stain",
        "soil",
        "defilement",
        "grease",
        "squalor"
      ]
    },
    "end_wsp": {
      "name": "clean.v.1",
      "definition": "make clean by removing dirt, filth, or unwanted substances from",
      "onyms": [
        "alter",
        "brush",
        "hygienise",
        "bream",
        "hoover",
        "hygienize",
        "preen",
        "wash",
        "do_the_dishes",
        "dust",
        "launder",
        "steam_clean",
        "dry_clean",
        "disinfect",
        "pipe-clay",
        "scavenge",
        "change",
        "make_clean",
        "clean",
        "sanitise",
        "sanitize",
        "wash_up",
        "vacuum",
        "vacuum-clean",
        "steam",
        "sweep",
        "modify",
        "plume"
      ]
    }
  },
  "total_vector": {
    "score": 0.5544957518577576,
    "time": 5.2923808097839355,
    "start_wsp": {
      "name": "dirtiness.n.0",
      "definition": "the state of being unsanitary",
      "onyms": [
        "dirtiness",
        "smuttiness",
        "pollution",
        "grubbiness",
        "griminess",
        "dinge",
        "grime",
        "filth",
        "grunge",
        "sanitary_condition",
        "feculence",
        "dinginess",
        "befoulment",
        "sootiness",
        "uncleanness",
        "sordidness",
        "dirt",
        "squalidness",
        "dustiness",
        "stain",
        "soil",
        "defilement",
        "grease",
        "squalor"
      ]
    },
    "end_wsp": {
      "name": "clean.v.4",
      "definition": "clean one's body or parts thereof, as by washing",
      "onyms": [
        "neaten",
        "floss",
        "decontaminate",
        "lather",
        "cleanse",
        "bath",
        "wash",
        "bathe",
        "lave",
        "groom",
        "clean",
        "soap",
        "douche"
      ]
    }
  }
}