{
  "average_link": {
    "score": 0.06814464160965548,
    "time": 0.00014925003051757812,
    "start_wsp": {
      "name": "disappearing.n.0",
      "definition": "the act of leaving secretly or without explanation",
      "onyms": [
        "going_away",
        "vanishing",
        "disappearance",
        "disappearing",
        "leaving",
        "departure",
        "going"
      ]
    },
    "end_wsp": {
      "name": "disappearance.n.0",
      "definition": "the act of leaving secretly or without explanation",
      "onyms": [
        "going_away",
        "vanishing",
        "disappearance",
        "disappearing",
        "leaving",
        "departure",
        "going"
      ]
    }
  },
  "average_vector": {
    "score": 1.0,
    "time": 1.4011223316192627,
    "start_wsp": {
      "name": "disappearing.n.0",
      "definition": "the act of leaving secretly or without explanation",
      "onyms": [
        "going_away",
        "vanishing",
        "disappearance",
        "disappearing",
        "leaving",
        "departure",
        "going"
      ]
    },
    "end_wsp": {
      "name": "disappearance.n.0",
      "definition": "the act of leaving secretly or without explanation",
      "onyms": [
        "going_away",
        "vanishing",
        "disappearance",
        "disappearing",
        "leaving",
        "departure",
        "going"
      ]
    }
  },
  "complete_link": {
    "score": 0.04730992391705513,
    "time": 0.0001499652862548828,
    "start_wsp": {
      "name": "disappearing.v.4",
      "definition": "become less intense and fade away gradually",
      "onyms": [
        "weaken",
        "disappear",
        "melt",
        "evaporate"
      ]
    },
    "end_wsp": {
      "name": "disappearance.n.3",
      "definition": "ceasing to exist",
      "onyms": [
        "happening",
        "natural_event",
        "occurrence",
        "disappearance",
        "occurrent"
      ]
    }
  },
  "single_link": {
    "score": 1.0000001192092896,
    "time": 0.00013566017150878906,
    "start_wsp": {
      "name": "disappearing.n.0",
      "definition": "the act of leaving secretly or without explanation",
      "onyms": [
        "going_away",
        "vanishing",
        "disappearance",
        "disappearing",
        "leaving",
        "departure",
        "going"
      ]
    },
    "end_wsp": {
      "name": "disappearance.n.0",
      "definition": "the act of leaving secretly or without explanation",
      "onyms": [
        "going_away",
        "vanishing",
        "disappearance",
        "disappearing",
        "leaving",
        "departure",
        "going"
      ]
    }
  },
  "total_vector": {
    "score": 1.0,
    "time": 1.417994499206543,
    "start_wsp": {
      "name": "disappearing.n.0",
      "definition": "the act of leaving secretly or without explanation",
      "onyms": [
        "going_away",
        "vanishing",
        "disappearance",
        "disappearing",
        "leaving",
        "departure",
        "going"
      ]
    },
    "end_wsp": {
      "name": "disappearance.n.0",
      "definition": "the act of leaving secretly or without explanation",
      "onyms": [
        "going_away",
        "vanishing",
        "disappearance",
        "disappearing",
        "leaving",
        "departure",
        "going"
      ]
    }
  }
}