{
  "average_link": {
    "score": 0.09022782676454101,
    "time": 0.000331878662109375,
    "start_wsp": {
      "name": "disappear.v.3",
      "definition": "become less intense and fade away gradually",
      "onyms": [
        "weaken",
        "disappear",
        "melt",
        "evaporate"
      ]
    },
    "end_wsp": {
      "name": "vanish.v.4",
      "definition": "decrease rapidly and disappear",
      "onyms": [
        "fall",
        "decrease",
        "fly",
        "vaporize",
        "vanish",
        "lessen",
        "diminish"
      ]
    }
  },
  "average_vector": {
    "score": 1.0,
    "time": 1.33494234085083,
    "start_wsp": {
      "name": "disappear.v.0",
      "definition": "get lost, as without warning or explanation",
      "onyms": [
        "fall_off",
        "go",
        "fall_away",
        "remove",
        "vanish",
        "absent",
        "die",
        "evanesce",
        "pass",
        "fleet",
        "blow_over",
        "go_away",
        "die_off",
        "take_a_powder",
        "disappear",
        "fade",
        "pass_off",
        "wither",
        "desorb",
        "fall",
        "die_out",
        "skip_town"
      ]
    },
    "end_wsp": {
      "name": "vanish.v.0",
      "definition": "get lost, as without warning or explanation",
      "onyms": [
        "fall_off",
        "go",
        "fall_away",
        "remove",
        "vanish",
        "absent",
        "die",
        "evanesce",
        "pass",
        "fleet",
        "blow_over",
        "go_away",
        "die_off",
        "take_a_powder",
        "disappear",
        "fade",
        "pass_off",
        "wither",
        "desorb",
        "fall",
        "die_out",
        "skip_town"
      ]
    }
  },
  "complete_link": {
    "score": 0.07270703464746475,
    "time": 0.00031447410583496094,
    "start_wsp": {
      "name": "disappear.v.3",
      "definition": "become less intense and fade away gradually",
      "onyms": [
        "weaken",
        "disappear",
        "melt",
        "evaporate"
      ]
    },
    "end_wsp": {
      "name": "vanish.v.1",
      "definition": "become invisible or unnoticeable",
      "onyms": [
        "cease",
        "stop",
        "terminate",
        "vanish",
        "go_away",
        "end",
        "dematerialize",
        "clear",
        "dematerialise",
        "finish",
        "disappear",
        "bob_under"
      ]
    }
  },
  "single_link": {
    "score": 1.0,
    "time": 0.00033736228942871094,
    "start_wsp": {
      "name": "disappear.v.0",
      "definition": "get lost, as without warning or explanation",
      "onyms": [
        "fall_off",
        "go",
        "fall_away",
        "remove",
        "vanish",
        "absent",
        "die",
        "evanesce",
        "pass",
        "fleet",
        "blow_over",
        "go_away",
        "die_off",
        "take_a_powder",
        "disappear",
        "fade",
        "pass_off",
        "wither",
        "desorb",
        "fall",
        "die_out",
        "skip_town"
      ]
    },
    "end_wsp": {
      "name": "vanish.v.0",
      "definition": "get lost, as without warning or explanation",
      "onyms": [
        "fall_off",
        "go",
        "fall_away",
        "remove",
        "vanish",
        "absent",
        "die",
        "evanesce",
        "pass",
        "fleet",
        "blow_over",
        "go_away",
        "die_off",
        "take_a_powder",
        "disappear",
        "fade",
        "pass_off",
        "wither",
        "desorb",
        "fall",
        "die_out",
        "skip_town"
      ]
    }
  },
  "total_vector": {
    "score": 1.0,
    "time": 1.3298354148864746,
    "start_wsp": {
      "name": "disappear.v.0",
      "definition": "get lost, as without warning or explanation",
      "onyms": [
        "fall_off",
        "go",
        "fall_away",
        "remove",
        "vanish",
        "absent",
        "die",
        "evanesce",
        "pass",
        "fleet",
        "blow_over",
        "go_away",
        "die_off",
        "take_a_powder",
        "disappear",
        "fade",
        "pass_off",
        "wither",
        "desorb",
        "fall",
        "die_out",
        "skip_town"
      ]
    },
    "end_wsp": {
      "name": "vanish.v.0",
      "definition": "get lost, as without warning or explanation",
      "onyms": [
        "fall_off",
        "go",
        "fall_away",
        "remove",
        "vanish",
        "absent",
        "die",
        "evanesce",
        "pass",
        "fleet",
        "blow_over",
        "go_away",
        "die_off",
        "take_a_powder",
        "disappear",
        "fade",
        "pass_off",
        "wither",
        "desorb",
        "fall",
        "die_out",
        "skip_town"
      ]
    }
  }
}