{
  "average_link": {
    "score": 0.0318934614272924,
    "time": 0.0016126632690429688,
    "start_wsp": {
      "name": "disgust.v.1",
      "definition": "fill with distaste",
      "onyms": [
        "stimulate",
        "nauseate",
        "turn_one's_stomach",
        "repel",
        "revolt",
        "gross_out",
        "stir",
        "sicken",
        "disgust",
        "excite"
      ]
    },
    "end_wsp": {
      "name": "stimulate.v.6",
      "definition": "provide the needed stimulus for",
      "onyms": [
        "stimulate",
        "stir_up",
        "jog",
        "foment",
        "tempt",
        "lure",
        "challenge",
        "agitate",
        "set_off",
        "instigate",
        "rejuvenate",
        "entice",
        "incite",
        "provoke"
      ]
    }
  },
  "average_vector": {
    "score": 0.8338162899017334,
    "time": 1.3569931983947754,
    "start_wsp": {
      "name": "disgust.v.1",
      "definition": "fill with distaste",
      "onyms": [
        "stimulate",
        "nauseate",
        "turn_one's_stomach",
        "repel",
        "revolt",
        "gross_out",
        "stir",
        "sicken",
        "disgust",
        "excite"
      ]
    },
    "end_wsp": {
      "name": "stimulate.v.5",
      "definition": "stir feelings in",
      "onyms": [
        "sensitise",
        "wank",
        "revolt",
        "gross_out",
        "fuck_off",
        "blow",
        "jerk_off",
        "jack_off",
        "quicken",
        "she-bop",
        "stir",
        "fellate",
        "go_down_on",
        "horripilate",
        "masturbate",
        "disgust",
        "excite",
        "work",
        "repel",
        "sensitize",
        "whet",
        "stimulate",
        "suck",
        "thrill"
      ]
    }
  },
  "complete_link": {
    "score": -0.01348263118416071,
    "time": 0.001600503921508789,
    "start_wsp": {
      "name": "disgust.n.0",
      "definition": "strong feelings of dislike",
      "onyms": [
        "repulsion",
        "abhorrence",
        "odium",
        "execration",
        "loathing",
        "detestation",
        "dislike",
        "horror",
        "revulsion",
        "abomination",
        "repugnance",
        "nausea",
        "disgust"
      ]
    },
    "end_wsp": {
      "name": "stimulate.v.4",
      "definition": "cause to occur rapidly",
      "onyms": [
        "stimulate",
        "hasten",
        "induce",
        "rush",
        "effectuate",
        "set_up",
        "effect"
      ]
    }
  },
  "single_link": {
    "score": 1.0,
    "time": 0.001544952392578125,
    "start_wsp": {
      "name": "disgust.v.1",
      "definition": "fill with distaste",
      "onyms": [
        "stimulate",
        "nauseate",
        "turn_one's_stomach",
        "repel",
        "revolt",
        "gross_out",
        "stir",
        "sicken",
        "disgust",
        "excite"
      ]
    },
    "end_wsp": {
      "name": "stimulate.v.0",
      "definition": "act as a stimulant",
      "onyms": [
        "stimulate",
        "invigorate",
        "quicken",
        "irritate",
        "innervate",
        "touch_on",
        "affect",
        "bear_upon",
        "touch",
        "bear_on",
        "impact",
        "excite"
      ]
    }
  },
  "total_vector": {
    "score": 0.8338162899017334,
    "time": 1.3723697662353516,
    "start_wsp": {
      "name": "disgust.v.1",
      "definition": "fill with distaste",
      "onyms": [
        "stimulate",
        "nauseate",
        "turn_one's_stomach",
        "repel",
        "revolt",
        "gross_out",
        "stir",
        "sicken",
        "disgust",
        "excite"
      ]
    },
    "end_wsp": {
      "name": "stimulate.v.5",
      "definition": "stir feelings in",
      "onyms": [
        "sensitise",
        "wank",
        "revolt",
        "gross_out",
        "fuck_off",
        "blow",
        "jerk_off",
        "jack_off",
        "quicken",
        "she-bop",
        "stir",
        "fellate",
        "go_down_on",
        "horripilate",
        "masturbate",
        "disgust",
        "excite",
        "work",
        "repel",
        "sensitize",
        "whet",
        "stimulate",
        "suck",
        "thrill"
      ]
    }
  }
}