{
  "average_link": {
    "score": 0.11089384905062616,
    "time": 0.00013375282287597656,
    "start_wsp": {
      "name": "dispensation.n.2",
      "definition": "the act of dispensing (giving out in portions)",
      "onyms": [
        "distribution",
        "dispensation"
      ]
    },
    "end_wsp": {
      "name": "distribution.n.2",
      "definition": "the act of distributing or spreading or apportioning",
      "onyms": [
        "assignment",
        "revenue_sharing",
        "deal",
        "apportionment",
        "sharing",
        "dispensation",
        "deed",
        "apportioning",
        "parcelling",
        "act",
        "allotment",
        "parceling",
        "redistribution",
        "share-out",
        "assignation",
        "distribution",
        "allocation",
        "human_action",
        "human_activity",
        "assigning"
      ]
    }
  },
  "average_vector": {
    "score": 0.5982833504676819,
    "time": 1.5132324695587158,
    "start_wsp": {
      "name": "dispensation.n.2",
      "definition": "the act of dispensing (giving out in portions)",
      "onyms": [
        "distribution",
        "dispensation"
      ]
    },
    "end_wsp": {
      "name": "distribution.n.2",
      "definition": "the act of distributing or spreading or apportioning",
      "onyms": [
        "assignment",
        "revenue_sharing",
        "deal",
        "apportionment",
        "sharing",
        "dispensation",
        "deed",
        "apportioning",
        "parcelling",
        "act",
        "allotment",
        "parceling",
        "redistribution",
        "share-out",
        "assignation",
        "distribution",
        "allocation",
        "human_action",
        "human_activity",
        "assigning"
      ]
    }
  },
  "complete_link": {
    "score": 0.02513943798840046,
    "time": 0.00013446807861328125,
    "start_wsp": {
      "name": "dispensation.n.2",
      "definition": "the act of dispensing (giving out in portions)",
      "onyms": [
        "distribution",
        "dispensation"
      ]
    },
    "end_wsp": {
      "name": "distribution.n.1",
      "definition": "the spatial or geographic property of being scattered about over a range, area, or volume",
      "onyms": [
        "distribution",
        "complementation",
        "diaspora",
        "spatial_arrangement",
        "diffusion",
        "dissemination",
        "scatter",
        "spread",
        "spacing",
        "dispersion",
        "innervation",
        "complementary_distribution"
      ]
    }
  },
  "single_link": {
    "score": 1.0,
    "time": 0.0001277923583984375,
    "start_wsp": {
      "name": "dispensation.n.0",
      "definition": "an exemption from some rule or obligation",
      "onyms": [
        "permission",
        "dispensation",
        "variance",
        "permit",
        "license"
      ]
    },
    "end_wsp": {
      "name": "distribution.n.2",
      "definition": "the act of distributing or spreading or apportioning",
      "onyms": [
        "assignment",
        "revenue_sharing",
        "deal",
        "apportionment",
        "sharing",
        "dispensation",
        "deed",
        "apportioning",
        "parcelling",
        "act",
        "allotment",
        "parceling",
        "redistribution",
        "share-out",
        "assignation",
        "distribution",
        "allocation",
        "human_action",
        "human_activity",
        "assigning"
      ]
    }
  },
  "total_vector": {
    "score": 0.5982833504676819,
    "time": 1.4882359504699707,
    "start_wsp": {
      "name": "dispensation.n.2",
      "definition": "the act of dispensing (giving out in portions)",
      "onyms": [
        "distribution",
        "dispensation"
      ]
    },
    "end_wsp": {
      "name": "distribution.n.2",
      "definition": "the act of distributing or spreading or apportioning",
      "onyms": [
        "assignment",
        "revenue_sharing",
        "deal",
        "apportionment",
        "sharing",
        "dispensation",
        "deed",
        "apportioning",
        "parcelling",
        "act",
        "allotment",
        "parceling",
        "redistribution",
        "share-out",
        "assignation",
        "distribution",
        "allocation",
        "human_action",
        "human_activity",
        "assigning"
      ]
    }
  }
}