{
  "average_link": {
    "score": 0.05749440145316637,
    "time": 0.0003376007080078125,
    "start_wsp": {
      "name": "distress.n.2",
      "definition": "extreme physical pain",
      "onyms": [
        "hurting",
        "distress",
        "pain"
      ]
    },
    "end_wsp": {
      "name": "straits.n.0",
      "definition": "a bad or difficult situation or state of affairs",
      "onyms": [
        "straits",
        "desperate_straits",
        "situation",
        "dire_straits",
        "strait",
        "pass"
      ]
    }
  },
  "average_vector": {
    "score": 0.42797040939331055,
    "time": 5.7531256675720215,
    "start_wsp": {
      "name": "distress.n.1",
      "definition": "a state of adversity (danger or affliction or need)",
      "onyms": [
        "anguish",
        "distress",
        "adversity",
        "hard_knocks",
        "pressure",
        "throe",
        "hardship"
      ]
    },
    "end_wsp": {
      "name": "straits.n.0",
      "definition": "a bad or difficult situation or state of affairs",
      "onyms": [
        "straits",
        "desperate_straits",
        "situation",
        "dire_straits",
        "strait",
        "pass"
      ]
    }
  },
  "complete_link": {
    "score": 0.01158116478472948,
    "time": 0.00033545494079589844,
    "start_wsp": {
      "name": "distress.n.1",
      "definition": "a state of adversity (danger or affliction or need)",
      "onyms": [
        "anguish",
        "distress",
        "adversity",
        "hard_knocks",
        "pressure",
        "throe",
        "hardship"
      ]
    },
    "end_wsp": {
      "name": "straits.n.0",
      "definition": "a bad or difficult situation or state of affairs",
      "onyms": [
        "straits",
        "desperate_straits",
        "situation",
        "dire_straits",
        "strait",
        "pass"
      ]
    }
  },
  "single_link": {
    "score": 0.3972839415073395,
    "time": 0.00032448768615722656,
    "start_wsp": {
      "name": "distress.n.2",
      "definition": "extreme physical pain",
      "onyms": [
        "hurting",
        "distress",
        "pain"
      ]
    },
    "end_wsp": {
      "name": "straits.n.0",
      "definition": "a bad or difficult situation or state of affairs",
      "onyms": [
        "straits",
        "desperate_straits",
        "situation",
        "dire_straits",
        "strait",
        "pass"
      ]
    }
  },
  "total_vector": {
    "score": 0.42797040939331055,
    "time": 6.049246549606323,
    "start_wsp": {
      "name": "distress.n.1",
      "definition": "a state of adversity (danger or affliction or need)",
      "onyms": [
        "anguish",
        "distress",
        "adversity",
        "hard_knocks",
        "pressure",
        "throe",
        "hardship"
      ]
    },
    "end_wsp": {
      "name": "straits.n.0",
      "definition": "a bad or difficult situation or state of affairs",
      "onyms": [
        "straits",
        "desperate_straits",
        "situation",
        "dire_straits",
        "strait",
        "pass"
      ]
    }
  }
}