{
  "average_link": {
    "score": 0.12232731158534686,
    "time": 0.001270294189453125,
    "start_wsp": {
      "name": "divinity.n.1",
      "definition": "the quality of being divine",
      "onyms": [
        "quality",
        "divinity"
      ]
    },
    "end_wsp": {
      "name": "god.n.2",
      "definition": "a man of such superior qualities that he seems like a deity to other people",
      "onyms": [
        "god",
        "superior",
        "higher-up",
        "superordinate"
      ]
    }
  },
  "average_vector": {
    "score": 1.0,
    "time": 1.389807939529419,
    "start_wsp": {
      "name": "divinity.n.0",
      "definition": "any supernatural being worshipped as controlling some part of the world or some aspect of life or who is the personification of a force",
      "onyms": [
        "supernatural_being",
        "Hypnos",
        "Arhat",
        "goddess",
        "Graeco-Roman_deity",
        "Arhant",
        "zombi",
        "immortal",
        "demigod",
        "Morpheus",
        "sea_god",
        "Greco-Roman_deity",
        "Norse_deity",
        "Persian_deity",
        "zombie",
        "demiurge",
        "daemon",
        "Anglo-Saxon_deity",
        "Egyptian_deity",
        "Greek_deity",
        "Semitic_deity",
        "Hindu_deity",
        "Roman_deity",
        "sun_god",
        "snake_god",
        "war_god",
        "Bodhisattva",
        "Boddhisatva",
        "Demogorgon",
        "Chinese_deity",
        "god",
        "lohan",
        "earth_god",
        "Phrygian_deity",
        "spiritual_being",
        "Japanese_deity",
        "Celtic_deity",
        "divinity",
        "saint",
        "Teutonic_deity",
        "deity",
        "earth-god",
        "god_of_war",
        "Quetzalcoatl",
        "pantheon"
      ]
    },
    "end_wsp": {
      "name": "god.n.1",
      "definition": "any supernatural being worshipped as controlling some part of the world or some aspect of life or who is the personification of a force",
      "onyms": [
        "supernatural_being",
        "Hypnos",
        "Arhat",
        "goddess",
        "Graeco-Roman_deity",
        "Arhant",
        "zombi",
        "immortal",
        "demigod",
        "Morpheus",
        "sea_god",
        "Greco-Roman_deity",
        "Norse_deity",
        "Persian_deity",
        "zombie",
        "demiurge",
        "daemon",
        "Anglo-Saxon_deity",
        "Egyptian_deity",
        "Greek_deity",
        "Semitic_deity",
        "Hindu_deity",
        "Roman_deity",
        "sun_god",
        "snake_god",
        "war_god",
        "Bodhisattva",
        "Boddhisatva",
        "Demogorgon",
        "Chinese_deity",
        "god",
        "lohan",
        "earth_god",
        "Phrygian_deity",
        "spiritual_being",
        "Japanese_deity",
        "Celtic_deity",
        "divinity",
        "saint",
        "Teutonic_deity",
        "deity",
        "earth-god",
        "god_of_war",
        "Quetzalcoatl",
        "pantheon"
      ]
    }
  },
  "complete_link": {
    "score": 0.057400770485401154,
    "time": 0.0011391639709472656,
    "start_wsp": {
      "name": "divinity.n.1",
      "definition": "the quality of being divine",
      "onyms": [
        "quality",
        "divinity"
      ]
    },
    "end_wsp": {
      "name": "god.n.2",
      "definition": "a man of such superior qualities that he seems like a deity to other people",
      "onyms": [
        "god",
        "superior",
        "higher-up",
        "superordinate"
      ]
    }
  },
  "single_link": {
    "score": 1.0000001192092896,
    "time": 0.0010609626770019531,
    "start_wsp": {
      "name": "divinity.n.0",
      "definition": "any supernatural being worshipped as controlling some part of the world or some aspect of life or who is the personification of a force",
      "onyms": [
        "supernatural_being",
        "Hypnos",
        "Arhat",
        "goddess",
        "Graeco-Roman_deity",
        "Arhant",
        "zombi",
        "immortal",
        "demigod",
        "Morpheus",
        "sea_god",
        "Greco-Roman_deity",
        "Norse_deity",
        "Persian_deity",
        "zombie",
        "demiurge",
        "daemon",
        "Anglo-Saxon_deity",
        "Egyptian_deity",
        "Greek_deity",
        "Semitic_deity",
        "Hindu_deity",
        "Roman_deity",
        "sun_god",
        "snake_god",
        "war_god",
        "Bodhisattva",
        "Boddhisatva",
        "Demogorgon",
        "Chinese_deity",
        "god",
        "lohan",
        "earth_god",
        "Phrygian_deity",
        "spiritual_being",
        "Japanese_deity",
        "Celtic_deity",
        "divinity",
        "saint",
        "Teutonic_deity",
        "deity",
        "earth-god",
        "god_of_war",
        "Quetzalcoatl",
        "pantheon"
      ]
    },
    "end_wsp": {
      "name": "god.n.1",
      "definition": "any supernatural being worshipped as controlling some part of the world or some aspect of life or who is the personification of a force",
      "onyms": [
        "supernatural_being",
        "Hypnos",
        "Arhat",
        "goddess",
        "Graeco-Roman_deity",
        "Arhant",
        "zombi",
        "immortal",
        "demigod",
        "Morpheus",
        "sea_god",
        "Greco-Roman_deity",
        "Norse_deity",
        "Persian_deity",
        "zombie",
        "demiurge",
        "daemon",
        "Anglo-Saxon_deity",
        "Egyptian_deity",
        "Greek_deity",
        "Semitic_deity",
        "Hindu_deity",
        "Roman_deity",
        "sun_god",
        "snake_god",
        "war_god",
        "Bodhisattva",
        "Boddhisatva",
        "Demogorgon",
        "Chinese_deity",
        "god",
        "lohan",
        "earth_god",
        "Phrygian_deity",
        "spiritual_being",
        "Japanese_deity",
        "Celtic_deity",
        "divinity",
        "saint",
        "Teutonic_deity",
        "deity",
        "earth-god",
        "god_of_war",
        "Quetzalcoatl",
        "pantheon"
      ]
    }
  },
  "total_vector": {
    "score": 1.0,
    "time": 1.3743548393249512,
    "start_wsp": {
      "name": "divinity.n.0",
      "definition": "any supernatural being worshipped as controlling some part of the world or some aspect of life or who is the personification of a force",
      "onyms": [
        "supernatural_being",
        "Hypnos",
        "Arhat",
        "goddess",
        "Graeco-Roman_deity",
        "Arhant",
        "zombi",
        "immortal",
        "demigod",
        "Morpheus",
        "sea_god",
        "Greco-Roman_deity",
        "Norse_deity",
        "Persian_deity",
        "zombie",
        "demiurge",
        "daemon",
        "Anglo-Saxon_deity",
        "Egyptian_deity",
        "Greek_deity",
        "Semitic_deity",
        "Hindu_deity",
        "Roman_deity",
        "sun_god",
        "snake_god",
        "war_god",
        "Bodhisattva",
        "Boddhisatva",
        "Demogorgon",
        "Chinese_deity",
        "god",
        "lohan",
        "earth_god",
        "Phrygian_deity",
        "spiritual_being",
        "Japanese_deity",
        "Celtic_deity",
        "divinity",
        "saint",
        "Teutonic_deity",
        "deity",
        "earth-god",
        "god_of_war",
        "Quetzalcoatl",
        "pantheon"
      ]
    },
    "end_wsp": {
      "name": "god.n.1",
      "definition": "any supernatural being worshipped as controlling some part of the world or some aspect of life or who is the personification of a force",
      "onyms": [
        "supernatural_being",
        "Hypnos",
        "Arhat",
        "goddess",
        "Graeco-Roman_deity",
        "Arhant",
        "zombi",
        "immortal",
        "demigod",
        "Morpheus",
        "sea_god",
        "Greco-Roman_deity",
        "Norse_deity",
        "Persian_deity",
        "zombie",
        "demiurge",
        "daemon",
        "Anglo-Saxon_deity",
        "Egyptian_deity",
        "Greek_deity",
        "Semitic_deity",
        "Hindu_deity",
        "Roman_deity",
        "sun_god",
        "snake_god",
        "war_god",
        "Bodhisattva",
        "Boddhisatva",
        "Demogorgon",
        "Chinese_deity",
        "god",
        "lohan",
        "earth_god",
        "Phrygian_deity",
        "spiritual_being",
        "Japanese_deity",
        "Celtic_deity",
        "divinity",
        "saint",
        "Teutonic_deity",
        "deity",
        "earth-god",
        "god_of_war",
        "Quetzalcoatl",
        "pantheon"
      ]
    }
  }
}