{
  "average_link": {
    "score": 0.050696253194473684,
    "time": 8.511543273925781e-05,
    "start_wsp": {
      "name": "domesticate.v.2",
      "definition": "make fit for cultivation, domestic life, and service to humans",
      "onyms": [
        "tame",
        "adapt",
        "accommodate",
        "domesticate"
      ]
    },
    "end_wsp": {
      "name": "change.v.19",
      "definition": "remove or replace the coverings of",
      "onyms": [
        "change",
        "replace"
      ]
    }
  },
  "average_vector": {
    "score": 0.7596802711486816,
    "time": 1.3351836204528809,
    "start_wsp": {
      "name": "domesticate.v.1",
      "definition": "overcome the wildness of; make docile and tractable",
      "onyms": [
        "alter",
        "break",
        "domesticize",
        "reclaim",
        "break_in",
        "change",
        "domesticate",
        "domesticise",
        "modify",
        "tame"
      ]
    },
    "end_wsp": {
      "name": "change.v.10",
      "definition": "cause to change; make different; cause a transformation",
      "onyms": [
        "normalize",
        "urbanize",
        "unsubstantialize",
        "deconcentrate",
        "barbarise",
        "embrittle",
        "animise",
        "discolor",
        "de-emphasize",
        "dirty",
        "collimate",
        "expand",
        "envenom",
        "effeminise",
        "transmute",
        "bubble",
        "strengthen",
        "cool_down",
        "disturb",
        "sauce",
        "conventionalize",
        "colourize",
        "pervert",
        "purge",
        "vascularize",
        "energise",
        "louden",
        "sanitize",
        "market",
        "barb",
        "visualize",
        "concentrate",
        "decorate",
        "shade",
        "freeze",
        "sanctify",
        "unfit",
        "sexualise",
        "isomerize",
        "digitise",
        "bear_upon",
        "domesticize",
        "polarise",
        "nationalise",
        "automate",
        "acetylize",
        "incapacitate",
        "synchronise",
        "redo",
        "externalise",
        "decrepitate",
        "colly",
        "colour_in",
        "improve",
        "end",
        "vaporise",
        "mince",
        "refresh",
        "revolutionise",
        "demagnetise",
        "introvert",
        "round_down",
        "diabolize",
        "reestablish",
        "exacerbate",
        "sublimate",
        "turn",
        "pressurise",
        "reinstate",
        "aerate",
        "transfigure",
        "disenable",
        "round_out",
        "fill_up",
        "deform",
        "naturalise",
        "orientalize",
        "virilize",
        "democratize",
        "saturate",
        "correct",
        "unclutter",
        "etherealize",
        "immortalize",
        "bestialize",
        "exteriorise",
        "cool",
        "blind",
        "symmetrize",
        "reform",
        "occidentalize",
        "regenerate",
        "symmetrise",
        "laicise",
        "devalue",
        "eternalise",
        "sensify",
        "sober",
        "vitalize",
        "blunt",
        "eternalize",
        "militarize",
        "overcloud",
        "womanize",
        "incandesce",
        "classicize",
        "cook",
        "solemnise",
        "colorize",
        "occidentalise",
        "sensitize",
        "better",
        "condense",
        "purify",
        "detransitivize",
        "increase",
        "oxygenise",
        "achromatise",
        "slow_down",
        "glamourize",
        "transitivize",
        "wake",
        "unscramble",
        "mythicise",
        "civilise",
        "tame",
        "accelerate",
        "decentralize",
        "socialize",
        "recommend",
        "reclaim",
        "externalize",
        "oxidate",
        "charge",
        "disaffect",
        "thicken",
        "round_off",
        "bring",
        "destabilise",
        "delay",
        "refreshen",
        "sensibilize",
        "schematise",
        "subdue",
        "Europeanize",
        "liquefy",
        "check",
        "subvert",
        "iodinate",
        "tenderize",
        "equate",
        "bolshevize",
        "muddy",
        "shoal",
        "fertilise",
        "deaminate",
        "dizzy",
        "merge",
        "digitize",
        "destabilize",
        "gear_up",
        "lace",
        "vitalise",
        "chasten",
        "ripen",
        "prostrate",
        "awaken",
        "plump_out",
        "unsanctify",
        "demonize",
        "sensitise",
        "dynamize",
        "animalise",
        "arterialise",
        "invert",
        "immortalise",
        "wet",
        "loose",
        "democratise",
        "fatten_up",
        "ornament",
        "desensitize",
        "clear",
        "nazify",
        "internationalise",
        "uniformise",
        "coagulate",
        "exteriorize",
        "round",
        "demonise",
        "etiolate",
        "freshen",
        "fatten",
        "convert",
        "lend",
        "spiritualize",
        "mechanize",
        "void",
        "bear_on",
        "aggravate",
        "string",
        "soil",
        "uniformize",
        "obnubilate",
        "paganize",
        "speed",
        "put",
        "straighten_out",
        "chord",
        "refine",
        "denaturalise",
        "veil",
        "modify",
        "dissonate",
        "make_full",
        "transpose",
        "tender",
        "animate",
        "Islamise",
        "dull",
        "misdirect",
        "radicalize",
        "fat",
        "activate",
        "vulgarize",
        "complicate",
        "elaborate",
        "denationalise",
        "domesticate",
        "detransitivise",
        "mingle",
        "immaterialize",
        "coarsen",
        "dissolve",
        "automatize",
        "wake_up",
        "tighten",
        "affect",
        "piggyback",
        "poison",
        "proof",
        "clean",
        "cut",
        "tense",
        "camp",
        "heat",
        "dynamise",
        "mature",
        "tone_down",
        "demythologise",
        "denaturalize",
        "lubricate",
        "lighten_up",
        "ash",
        "hide",
        "politicize",
        "weaponize",
        "virilise",
        "make_grow",
        "feminise",
        "individualize",
        "intransitivize",
        "shorten",
        "depolarise",
        "excite",
        "unsubstantialise",
        "replace",
        "deaminize",
        "ease_off",
        "colour",
        "demagnetize",
        "overturn",
        "sanitise",
        "switch",
        "land",
        "demoralise",
        "compensate",
        "inactivate",
        "Europeanise",
        "officialise",
        "fill_out",
        "degauss",
        "develop",
        "turn_back",
        "retard",
        "fertilize",
        "brighten",
        "Frenchify",
        "mechanise",
        "deodorize",
        "suspend",
        "individualise",
        "neutralise",
        "heat_up",
        "drop",
        "obscure",
        "let_up",
        "waken",
        "emulsify",
        "enable",
        "ready",
        "subtilize",
        "exasperate",
        "colorise",
        "get",
        "magnetise",
        "naturalize",
        "flesh_out",
        "antiquate",
        "equalize",
        "dinge",
        "bedim",
        "redact",
        "rusticate",
        "exchange",
        "flocculate",
        "supercharge",
        "domesticise",
        "make_clean",
        "slenderize",
        "rarify",
        "ease_up",
        "glamourise",
        "plasticize",
        "set_aside",
        "begrime",
        "sexualize",
        "invalidate",
        "dehydrogenate",
        "alchemize",
        "isomerise",
        "beautify",
        "vitrify",
        "glorify",
        "oxidize",
        "liquidize",
        "morph",
        "inform",
        "opsonize",
        "shape",
        "bestow",
        "hue",
        "arterialize",
        "simplify",
        "digitalise",
        "soften",
        "colourise",
        "equalise",
        "customise",
        "demulsify",
        "reverse",
        "arouse",
        "empty",
        "alien",
        "elevate",
        "disqualify",
        "industrialise",
        "territorialise",
        "rationalise",
        "calcify",
        "impart",
        "mythicize",
        "suburbanise",
        "color",
        "habituate",
        "brutalise",
        "eternise",
        "disarray",
        "change_over",
        "fill",
        "disharmonize",
        "neutralize",
        "ossify",
        "widen",
        "liquidise",
        "denationalize",
        "nationalize",
        "dismiss",
        "fix",
        "solemnize",
        "translate",
        "supple",
        "minify",
        "cry",
        "lifehack",
        "depress",
        "socialise",
        "perplex",
        "break_up",
        "alcoholize",
        "alcoholise",
        "moderate",
        "civilize",
        "allegorize",
        "Islamize",
        "unify",
        "right",
        "reflate",
        "outmode",
        "sharpen",
        "sputter",
        "dry",
        "even_out",
        "redress",
        "opacify",
        "think",
        "vascularise",
        "volatilize",
        "profane",
        "depersonalise",
        "equal",
        "change",
        "westernize",
        "form",
        "deodourise",
        "reconstruct",
        "paganise",
        "centralize",
        "change_intensity",
        "untie",
        "communise",
        "professionalize",
        "inspissate",
        "classicise",
        "customize",
        "darken",
        "straighten",
        "disorder",
        "pall",
        "renormalise",
        "rouse",
        "blot_out",
        "demist",
        "pressurize",
        "alter",
        "deactivate",
        "antique",
        "estrange",
        "legitimate",
        "visualise",
        "substitute",
        "rationalize",
        "sentimentalize",
        "nick",
        "evaporate",
        "cohere",
        "vivify",
        "devilise",
        "transubstantiate",
        "grime",
        "sensibilise",
        "cause_to_sleep",
        "conventionalise",
        "demoralize",
        "beef_up",
        "transform",
        "capture",
        "fasten",
        "laicize",
        "intransitivise",
        "contribute",
        "ventilate",
        "archaise",
        "desensitise",
        "temper",
        "make",
        "commix",
        "impact",
        "vitiate",
        "decarboxylate",
        "raise",
        "animize",
        "centralise",
        "unite",
        "lighten",
        "devilize",
        "draw",
        "disintegrate",
        "opalize",
        "opalise",
        "smut",
        "revolutionize",
        "rarefy",
        "lift",
        "sex_up",
        "westernise",
        "humble",
        "suburbanize",
        "ameliorate",
        "effeminize",
        "humanize",
        "romanticize",
        "edit_out",
        "transaminate",
        "crack",
        "match",
        "professionalise",
        "touch_on",
        "unsex",
        "inseminate",
        "decimalize",
        "tenderise",
        "deaden",
        "crush",
        "circularize",
        "acetylate",
        "prepare",
        "alkalinize",
        "denature",
        "accustom",
        "obfuscate",
        "masculinize",
        "Americanize",
        "bolshevise",
        "recombine",
        "amalgamate",
        "digitalize",
        "Americanise",
        "objectify",
        "color_in",
        "internationalize",
        "confuse",
        "meliorate",
        "corrupt",
        "decentralise",
        "assimilate",
        "liberalise",
        "rectify",
        "ionate",
        "masculinise",
        "blister",
        "parallel",
        "cloud",
        "destress",
        "urbanise",
        "dry_out",
        "angulate",
        "depolarize",
        "vesiculate",
        "decrease",
        "animalize",
        "stabilize",
        "lessen",
        "commercialise",
        "gelatinize",
        "deflate",
        "feminize",
        "slenderise",
        "worsen",
        "personalize",
        "glamorise",
        "saponify",
        "volatilise",
        "polarize",
        "achromatize",
        "blear",
        "speed_up",
        "liberalize",
        "lower",
        "harmonise",
        "plump",
        "immaterialise",
        "bemire",
        "variegate",
        "touch",
        "undo",
        "sentimentalise",
        "inflate",
        "constitutionalize",
        "harshen",
        "personalise",
        "oxidise",
        "decelerate",
        "fatten_out",
        "break",
        "grace",
        "schematize",
        "change_taste",
        "spike",
        "spice_up",
        "eternize",
        "acetylise",
        "romanticise",
        "still",
        "mark",
        "constitutionalise",
        "diabolise",
        "territorialize",
        "defog",
        "orientalise",
        "warm",
        "interchange",
        "indispose",
        "chill",
        "renormalize",
        "edit",
        "barbarize",
        "contract",
        "industrialize",
        "liquify",
        "fecundate",
        "automatise",
        "diversify",
        "bestialise",
        "oxygenize",
        "stain",
        "stiffen",
        "steepen",
        "mix",
        "deodorise",
        "terminate",
        "validate",
        "verbify",
        "alchemise",
        "archaize",
        "patent",
        "energize",
        "deprave",
        "glamorize",
        "remodel",
        "counterchange",
        "damage",
        "obliterate",
        "flatten",
        "amend",
        "harmonize",
        "militarise",
        "debauch",
        "age",
        "disable",
        "break_down",
        "communize",
        "humanise",
        "alkalinise",
        "even",
        "debase",
        "clot",
        "extend",
        "scramble",
        "demythologize",
        "allegorise",
        "decimalise",
        "set",
        "shift",
        "insulate",
        "plasticise",
        "eroticize",
        "shake",
        "full",
        "depersonalize",
        "add",
        "mythologise",
        "adorn",
        "intensify",
        "loosen",
        "commute",
        "port",
        "relax",
        "fortify",
        "alienate",
        "sweeten",
        "embellish",
        "contaminate",
        "adjust",
        "blur",
        "de-emphasise",
        "transitivise",
        "acerbate",
        "restore",
        "uglify",
        "weaken",
        "vulgarise",
        "brutalize",
        "untune",
        "officialize",
        "clarify",
        "synchronize",
        "mythologize",
        "solvate",
        "stabilise",
        "etherialise",
        "dope",
        "gelatinise",
        "dissimilate",
        "spice",
        "boil",
        "normalise",
        "shallow",
        "politicise",
        "hydrogenate",
        "magnetize",
        "set_up",
        "commercialize"
      ]
    }
  },
  "complete_link": {
    "score": 0.03597022965550423,
    "time": 8.273124694824219e-05,
    "start_wsp": {
      "name": "domesticate.v.0",
      "definition": "adapt (a wild plant or unclaimed land) to the environment",
      "onyms": [
        "naturalise",
        "cultivate",
        "adapt",
        "accommodate",
        "domesticate",
        "naturalize",
        "tame"
      ]
    },
    "end_wsp": {
      "name": "change.v.14",
      "definition": "change clothes; put on different clothes",
      "onyms": [
        "get_dressed",
        "change",
        "dress"
      ]
    }
  },
  "single_link": {
    "score": 1.0,
    "time": 8.082389831542969e-05,
    "start_wsp": {
      "name": "domesticate.v.0",
      "definition": "adapt (a wild plant or unclaimed land) to the environment",
      "onyms": [
        "naturalise",
        "cultivate",
        "adapt",
        "accommodate",
        "domesticate",
        "naturalize",
        "tame"
      ]
    },
    "end_wsp": {
      "name": "change.v.10",
      "definition": "cause to change; make different; cause a transformation",
      "onyms": [
        "normalize",
        "urbanize",
        "unsubstantialize",
        "deconcentrate",
        "barbarise",
        "embrittle",
        "animise",
        "discolor",
        "de-emphasize",
        "dirty",
        "collimate",
        "expand",
        "envenom",
        "effeminise",
        "transmute",
        "bubble",
        "strengthen",
        "cool_down",
        "disturb",
        "sauce",
        "conventionalize",
        "colourize",
        "pervert",
        "purge",
        "vascularize",
        "energise",
        "louden",
        "sanitize",
        "market",
        "barb",
        "visualize",
        "concentrate",
        "decorate",
        "shade",
        "freeze",
        "sanctify",
        "unfit",
        "sexualise",
        "isomerize",
        "digitise",
        "bear_upon",
        "domesticize",
        "polarise",
        "nationalise",
        "automate",
        "acetylize",
        "incapacitate",
        "synchronise",
        "redo",
        "externalise",
        "decrepitate",
        "colly",
        "colour_in",
        "improve",
        "end",
        "vaporise",
        "mince",
        "refresh",
        "revolutionise",
        "demagnetise",
        "introvert",
        "round_down",
        "diabolize",
        "reestablish",
        "exacerbate",
        "sublimate",
        "turn",
        "pressurise",
        "reinstate",
        "aerate",
        "transfigure",
        "disenable",
        "round_out",
        "fill_up",
        "deform",
        "naturalise",
        "orientalize",
        "virilize",
        "democratize",
        "saturate",
        "correct",
        "unclutter",
        "etherealize",
        "immortalize",
        "bestialize",
        "exteriorise",
        "cool",
        "blind",
        "symmetrize",
        "reform",
        "occidentalize",
        "regenerate",
        "symmetrise",
        "laicise",
        "devalue",
        "eternalise",
        "sensify",
        "sober",
        "vitalize",
        "blunt",
        "eternalize",
        "militarize",
        "overcloud",
        "womanize",
        "incandesce",
        "classicize",
        "cook",
        "solemnise",
        "colorize",
        "occidentalise",
        "sensitize",
        "better",
        "condense",
        "purify",
        "detransitivize",
        "increase",
        "oxygenise",
        "achromatise",
        "slow_down",
        "glamourize",
        "transitivize",
        "wake",
        "unscramble",
        "mythicise",
        "civilise",
        "tame",
        "accelerate",
        "decentralize",
        "socialize",
        "recommend",
        "reclaim",
        "externalize",
        "oxidate",
        "charge",
        "disaffect",
        "thicken",
        "round_off",
        "bring",
        "destabilise",
        "delay",
        "refreshen",
        "sensibilize",
        "schematise",
        "subdue",
        "Europeanize",
        "liquefy",
        "check",
        "subvert",
        "iodinate",
        "tenderize",
        "equate",
        "bolshevize",
        "muddy",
        "shoal",
        "fertilise",
        "deaminate",
        "dizzy",
        "merge",
        "digitize",
        "destabilize",
        "gear_up",
        "lace",
        "vitalise",
        "chasten",
        "ripen",
        "prostrate",
        "awaken",
        "plump_out",
        "unsanctify",
        "demonize",
        "sensitise",
        "dynamize",
        "animalise",
        "arterialise",
        "invert",
        "immortalise",
        "wet",
        "loose",
        "democratise",
        "fatten_up",
        "ornament",
        "desensitize",
        "clear",
        "nazify",
        "internationalise",
        "uniformise",
        "coagulate",
        "exteriorize",
        "round",
        "demonise",
        "etiolate",
        "freshen",
        "fatten",
        "convert",
        "lend",
        "spiritualize",
        "mechanize",
        "void",
        "bear_on",
        "aggravate",
        "string",
        "soil",
        "uniformize",
        "obnubilate",
        "paganize",
        "speed",
        "put",
        "straighten_out",
        "chord",
        "refine",
        "denaturalise",
        "veil",
        "modify",
        "dissonate",
        "make_full",
        "transpose",
        "tender",
        "animate",
        "Islamise",
        "dull",
        "misdirect",
        "radicalize",
        "fat",
        "activate",
        "vulgarize",
        "complicate",
        "elaborate",
        "denationalise",
        "domesticate",
        "detransitivise",
        "mingle",
        "immaterialize",
        "coarsen",
        "dissolve",
        "automatize",
        "wake_up",
        "tighten",
        "affect",
        "piggyback",
        "poison",
        "proof",
        "clean",
        "cut",
        "tense",
        "camp",
        "heat",
        "dynamise",
        "mature",
        "tone_down",
        "demythologise",
        "denaturalize",
        "lubricate",
        "lighten_up",
        "ash",
        "hide",
        "politicize",
        "weaponize",
        "virilise",
        "make_grow",
        "feminise",
        "individualize",
        "intransitivize",
        "shorten",
        "depolarise",
        "excite",
        "unsubstantialise",
        "replace",
        "deaminize",
        "ease_off",
        "colour",
        "demagnetize",
        "overturn",
        "sanitise",
        "switch",
        "land",
        "demoralise",
        "compensate",
        "inactivate",
        "Europeanise",
        "officialise",
        "fill_out",
        "degauss",
        "develop",
        "turn_back",
        "retard",
        "fertilize",
        "brighten",
        "Frenchify",
        "mechanise",
        "deodorize",
        "suspend",
        "individualise",
        "neutralise",
        "heat_up",
        "drop",
        "obscure",
        "let_up",
        "waken",
        "emulsify",
        "enable",
        "ready",
        "subtilize",
        "exasperate",
        "colorise",
        "get",
        "magnetise",
        "naturalize",
        "flesh_out",
        "antiquate",
        "equalize",
        "dinge",
        "bedim",
        "redact",
        "rusticate",
        "exchange",
        "flocculate",
        "supercharge",
        "domesticise",
        "make_clean",
        "slenderize",
        "rarify",
        "ease_up",
        "glamourise",
        "plasticize",
        "set_aside",
        "begrime",
        "sexualize",
        "invalidate",
        "dehydrogenate",
        "alchemize",
        "isomerise",
        "beautify",
        "vitrify",
        "glorify",
        "oxidize",
        "liquidize",
        "morph",
        "inform",
        "opsonize",
        "shape",
        "bestow",
        "hue",
        "arterialize",
        "simplify",
        "digitalise",
        "soften",
        "colourise",
        "equalise",
        "customise",
        "demulsify",
        "reverse",
        "arouse",
        "empty",
        "alien",
        "elevate",
        "disqualify",
        "industrialise",
        "territorialise",
        "rationalise",
        "calcify",
        "impart",
        "mythicize",
        "suburbanise",
        "color",
        "habituate",
        "brutalise",
        "eternise",
        "disarray",
        "change_over",
        "fill",
        "disharmonize",
        "neutralize",
        "ossify",
        "widen",
        "liquidise",
        "denationalize",
        "nationalize",
        "dismiss",
        "fix",
        "solemnize",
        "translate",
        "supple",
        "minify",
        "cry",
        "lifehack",
        "depress",
        "socialise",
        "perplex",
        "break_up",
        "alcoholize",
        "alcoholise",
        "moderate",
        "civilize",
        "allegorize",
        "Islamize",
        "unify",
        "right",
        "reflate",
        "outmode",
        "sharpen",
        "sputter",
        "dry",
        "even_out",
        "redress",
        "opacify",
        "think",
        "vascularise",
        "volatilize",
        "profane",
        "depersonalise",
        "equal",
        "change",
        "westernize",
        "form",
        "deodourise",
        "reconstruct",
        "paganise",
        "centralize",
        "change_intensity",
        "untie",
        "communise",
        "professionalize",
        "inspissate",
        "classicise",
        "customize",
        "darken",
        "straighten",
        "disorder",
        "pall",
        "renormalise",
        "rouse",
        "blot_out",
        "demist",
        "pressurize",
        "alter",
        "deactivate",
        "antique",
        "estrange",
        "legitimate",
        "visualise",
        "substitute",
        "rationalize",
        "sentimentalize",
        "nick",
        "evaporate",
        "cohere",
        "vivify",
        "devilise",
        "transubstantiate",
        "grime",
        "sensibilise",
        "cause_to_sleep",
        "conventionalise",
        "demoralize",
        "beef_up",
        "transform",
        "capture",
        "fasten",
        "laicize",
        "intransitivise",
        "contribute",
        "ventilate",
        "archaise",
        "desensitise",
        "temper",
        "make",
        "commix",
        "impact",
        "vitiate",
        "decarboxylate",
        "raise",
        "animize",
        "centralise",
        "unite",
        "lighten",
        "devilize",
        "draw",
        "disintegrate",
        "opalize",
        "opalise",
        "smut",
        "revolutionize",
        "rarefy",
        "lift",
        "sex_up",
        "westernise",
        "humble",
        "suburbanize",
        "ameliorate",
        "effeminize",
        "humanize",
        "romanticize",
        "edit_out",
        "transaminate",
        "crack",
        "match",
        "professionalise",
        "touch_on",
        "unsex",
        "inseminate",
        "decimalize",
        "tenderise",
        "deaden",
        "crush",
        "circularize",
        "acetylate",
        "prepare",
        "alkalinize",
        "denature",
        "accustom",
        "obfuscate",
        "masculinize",
        "Americanize",
        "bolshevise",
        "recombine",
        "amalgamate",
        "digitalize",
        "Americanise",
        "objectify",
        "color_in",
        "internationalize",
        "confuse",
        "meliorate",
        "corrupt",
        "decentralise",
        "assimilate",
        "liberalise",
        "rectify",
        "ionate",
        "masculinise",
        "blister",
        "parallel",
        "cloud",
        "destress",
        "urbanise",
        "dry_out",
        "angulate",
        "depolarize",
        "vesiculate",
        "decrease",
        "animalize",
        "stabilize",
        "lessen",
        "commercialise",
        "gelatinize",
        "deflate",
        "feminize",
        "slenderise",
        "worsen",
        "personalize",
        "glamorise",
        "saponify",
        "volatilise",
        "polarize",
        "achromatize",
        "blear",
        "speed_up",
        "liberalize",
        "lower",
        "harmonise",
        "plump",
        "immaterialise",
        "bemire",
        "variegate",
        "touch",
        "undo",
        "sentimentalise",
        "inflate",
        "constitutionalize",
        "harshen",
        "personalise",
        "oxidise",
        "decelerate",
        "fatten_out",
        "break",
        "grace",
        "schematize",
        "change_taste",
        "spike",
        "spice_up",
        "eternize",
        "acetylise",
        "romanticise",
        "still",
        "mark",
        "constitutionalise",
        "diabolise",
        "territorialize",
        "defog",
        "orientalise",
        "warm",
        "interchange",
        "indispose",
        "chill",
        "renormalize",
        "edit",
        "barbarize",
        "contract",
        "industrialize",
        "liquify",
        "fecundate",
        "automatise",
        "diversify",
        "bestialise",
        "oxygenize",
        "stain",
        "stiffen",
        "steepen",
        "mix",
        "deodorise",
        "terminate",
        "validate",
        "verbify",
        "alchemise",
        "archaize",
        "patent",
        "energize",
        "deprave",
        "glamorize",
        "remodel",
        "counterchange",
        "damage",
        "obliterate",
        "flatten",
        "amend",
        "harmonize",
        "militarise",
        "debauch",
        "age",
        "disable",
        "break_down",
        "communize",
        "humanise",
        "alkalinise",
        "even",
        "debase",
        "clot",
        "extend",
        "scramble",
        "demythologize",
        "allegorise",
        "decimalise",
        "set",
        "shift",
        "insulate",
        "plasticise",
        "eroticize",
        "shake",
        "full",
        "depersonalize",
        "add",
        "mythologise",
        "adorn",
        "intensify",
        "loosen",
        "commute",
        "port",
        "relax",
        "fortify",
        "alienate",
        "sweeten",
        "embellish",
        "contaminate",
        "adjust",
        "blur",
        "de-emphasise",
        "transitivise",
        "acerbate",
        "restore",
        "uglify",
        "weaken",
        "vulgarise",
        "brutalize",
        "untune",
        "officialize",
        "clarify",
        "synchronize",
        "mythologize",
        "solvate",
        "stabilise",
        "etherialise",
        "dope",
        "gelatinise",
        "dissimilate",
        "spice",
        "boil",
        "normalise",
        "shallow",
        "politicise",
        "hydrogenate",
        "magnetize",
        "set_up",
        "commercialize"
      ]
    }
  },
  "total_vector": {
    "score": 0.7596802711486816,
    "time": 1.318429708480835,
    "start_wsp": {
      "name": "domesticate.v.1",
      "definition": "overcome the wildness of; make docile and tractable",
      "onyms": [
        "alter",
        "break",
        "domesticize",
        "reclaim",
        "break_in",
        "change",
        "domesticate",
        "domesticise",
        "modify",
        "tame"
      ]
    },
    "end_wsp": {
      "name": "change.v.10",
      "definition": "cause to change; make different; cause a transformation",
      "onyms": [
        "normalize",
        "urbanize",
        "unsubstantialize",
        "deconcentrate",
        "barbarise",
        "embrittle",
        "animise",
        "discolor",
        "de-emphasize",
        "dirty",
        "collimate",
        "expand",
        "envenom",
        "effeminise",
        "transmute",
        "bubble",
        "strengthen",
        "cool_down",
        "disturb",
        "sauce",
        "conventionalize",
        "colourize",
        "pervert",
        "purge",
        "vascularize",
        "energise",
        "louden",
        "sanitize",
        "market",
        "barb",
        "visualize",
        "concentrate",
        "decorate",
        "shade",
        "freeze",
        "sanctify",
        "unfit",
        "sexualise",
        "isomerize",
        "digitise",
        "bear_upon",
        "domesticize",
        "polarise",
        "nationalise",
        "automate",
        "acetylize",
        "incapacitate",
        "synchronise",
        "redo",
        "externalise",
        "decrepitate",
        "colly",
        "colour_in",
        "improve",
        "end",
        "vaporise",
        "mince",
        "refresh",
        "revolutionise",
        "demagnetise",
        "introvert",
        "round_down",
        "diabolize",
        "reestablish",
        "exacerbate",
        "sublimate",
        "turn",
        "pressurise",
        "reinstate",
        "aerate",
        "transfigure",
        "disenable",
        "round_out",
        "fill_up",
        "deform",
        "naturalise",
        "orientalize",
        "virilize",
        "democratize",
        "saturate",
        "correct",
        "unclutter",
        "etherealize",
        "immortalize",
        "bestialize",
        "exteriorise",
        "cool",
        "blind",
        "symmetrize",
        "reform",
        "occidentalize",
        "regenerate",
        "symmetrise",
        "laicise",
        "devalue",
        "eternalise",
        "sensify",
        "sober",
        "vitalize",
        "blunt",
        "eternalize",
        "militarize",
        "overcloud",
        "womanize",
        "incandesce",
        "classicize",
        "cook",
        "solemnise",
        "colorize",
        "occidentalise",
        "sensitize",
        "better",
        "condense",
        "purify",
        "detransitivize",
        "increase",
        "oxygenise",
        "achromatise",
        "slow_down",
        "glamourize",
        "transitivize",
        "wake",
        "unscramble",
        "mythicise",
        "civilise",
        "tame",
        "accelerate",
        "decentralize",
        "socialize",
        "recommend",
        "reclaim",
        "externalize",
        "oxidate",
        "charge",
        "disaffect",
        "thicken",
        "round_off",
        "bring",
        "destabilise",
        "delay",
        "refreshen",
        "sensibilize",
        "schematise",
        "subdue",
        "Europeanize",
        "liquefy",
        "check",
        "subvert",
        "iodinate",
        "tenderize",
        "equate",
        "bolshevize",
        "muddy",
        "shoal",
        "fertilise",
        "deaminate",
        "dizzy",
        "merge",
        "digitize",
        "destabilize",
        "gear_up",
        "lace",
        "vitalise",
        "chasten",
        "ripen",
        "prostrate",
        "awaken",
        "plump_out",
        "unsanctify",
        "demonize",
        "sensitise",
        "dynamize",
        "animalise",
        "arterialise",
        "invert",
        "immortalise",
        "wet",
        "loose",
        "democratise",
        "fatten_up",
        "ornament",
        "desensitize",
        "clear",
        "nazify",
        "internationalise",
        "uniformise",
        "coagulate",
        "exteriorize",
        "round",
        "demonise",
        "etiolate",
        "freshen",
        "fatten",
        "convert",
        "lend",
        "spiritualize",
        "mechanize",
        "void",
        "bear_on",
        "aggravate",
        "string",
        "soil",
        "uniformize",
        "obnubilate",
        "paganize",
        "speed",
        "put",
        "straighten_out",
        "chord",
        "refine",
        "denaturalise",
        "veil",
        "modify",
        "dissonate",
        "make_full",
        "transpose",
        "tender",
        "animate",
        "Islamise",
        "dull",
        "misdirect",
        "radicalize",
        "fat",
        "activate",
        "vulgarize",
        "complicate",
        "elaborate",
        "denationalise",
        "domesticate",
        "detransitivise",
        "mingle",
        "immaterialize",
        "coarsen",
        "dissolve",
        "automatize",
        "wake_up",
        "tighten",
        "affect",
        "piggyback",
        "poison",
        "proof",
        "clean",
        "cut",
        "tense",
        "camp",
        "heat",
        "dynamise",
        "mature",
        "tone_down",
        "demythologise",
        "denaturalize",
        "lubricate",
        "lighten_up",
        "ash",
        "hide",
        "politicize",
        "weaponize",
        "virilise",
        "make_grow",
        "feminise",
        "individualize",
        "intransitivize",
        "shorten",
        "depolarise",
        "excite",
        "unsubstantialise",
        "replace",
        "deaminize",
        "ease_off",
        "colour",
        "demagnetize",
        "overturn",
        "sanitise",
        "switch",
        "land",
        "demoralise",
        "compensate",
        "inactivate",
        "Europeanise",
        "officialise",
        "fill_out",
        "degauss",
        "develop",
        "turn_back",
        "retard",
        "fertilize",
        "brighten",
        "Frenchify",
        "mechanise",
        "deodorize",
        "suspend",
        "individualise",
        "neutralise",
        "heat_up",
        "drop",
        "obscure",
        "let_up",
        "waken",
        "emulsify",
        "enable",
        "ready",
        "subtilize",
        "exasperate",
        "colorise",
        "get",
        "magnetise",
        "naturalize",
        "flesh_out",
        "antiquate",
        "equalize",
        "dinge",
        "bedim",
        "redact",
        "rusticate",
        "exchange",
        "flocculate",
        "supercharge",
        "domesticise",
        "make_clean",
        "slenderize",
        "rarify",
        "ease_up",
        "glamourise",
        "plasticize",
        "set_aside",
        "begrime",
        "sexualize",
        "invalidate",
        "dehydrogenate",
        "alchemize",
        "isomerise",
        "beautify",
        "vitrify",
        "glorify",
        "oxidize",
        "liquidize",
        "morph",
        "inform",
        "opsonize",
        "shape",
        "bestow",
        "hue",
        "arterialize",
        "simplify",
        "digitalise",
        "soften",
        "colourise",
        "equalise",
        "customise",
        "demulsify",
        "reverse",
        "arouse",
        "empty",
        "alien",
        "elevate",
        "disqualify",
        "industrialise",
        "territorialise",
        "rationalise",
        "calcify",
        "impart",
        "mythicize",
        "suburbanise",
        "color",
        "habituate",
        "brutalise",
        "eternise",
        "disarray",
        "change_over",
        "fill",
        "disharmonize",
        "neutralize",
        "ossify",
        "widen",
        "liquidise",
        "denationalize",
        "nationalize",
        "dismiss",
        "fix",
        "solemnize",
        "translate",
        "supple",
        "minify",
        "cry",
        "lifehack",
        "depress",
        "socialise",
        "perplex",
        "break_up",
        "alcoholize",
        "alcoholise",
        "moderate",
        "civilize",
        "allegorize",
        "Islamize",
        "unify",
        "right",
        "reflate",
        "outmode",
        "sharpen",
        "sputter",
        "dry",
        "even_out",
        "redress",
        "opacify",
        "think",
        "vascularise",
        "volatilize",
        "profane",
        "depersonalise",
        "equal",
        "change",
        "westernize",
        "form",
        "deodourise",
        "reconstruct",
        "paganise",
        "centralize",
        "change_intensity",
        "untie",
        "communise",
        "professionalize",
        "inspissate",
        "classicise",
        "customize",
        "darken",
        "straighten",
        "disorder",
        "pall",
        "renormalise",
        "rouse",
        "blot_out",
        "demist",
        "pressurize",
        "alter",
        "deactivate",
        "antique",
        "estrange",
        "legitimate",
        "visualise",
        "substitute",
        "rationalize",
        "sentimentalize",
        "nick",
        "evaporate",
        "cohere",
        "vivify",
        "devilise",
        "transubstantiate",
        "grime",
        "sensibilise",
        "cause_to_sleep",
        "conventionalise",
        "demoralize",
        "beef_up",
        "transform",
        "capture",
        "fasten",
        "laicize",
        "intransitivise",
        "contribute",
        "ventilate",
        "archaise",
        "desensitise",
        "temper",
        "make",
        "commix",
        "impact",
        "vitiate",
        "decarboxylate",
        "raise",
        "animize",
        "centralise",
        "unite",
        "lighten",
        "devilize",
        "draw",
        "disintegrate",
        "opalize",
        "opalise",
        "smut",
        "revolutionize",
        "rarefy",
        "lift",
        "sex_up",
        "westernise",
        "humble",
        "suburbanize",
        "ameliorate",
        "effeminize",
        "humanize",
        "romanticize",
        "edit_out",
        "transaminate",
        "crack",
        "match",
        "professionalise",
        "touch_on",
        "unsex",
        "inseminate",
        "decimalize",
        "tenderise",
        "deaden",
        "crush",
        "circularize",
        "acetylate",
        "prepare",
        "alkalinize",
        "denature",
        "accustom",
        "obfuscate",
        "masculinize",
        "Americanize",
        "bolshevise",
        "recombine",
        "amalgamate",
        "digitalize",
        "Americanise",
        "objectify",
        "color_in",
        "internationalize",
        "confuse",
        "meliorate",
        "corrupt",
        "decentralise",
        "assimilate",
        "liberalise",
        "rectify",
        "ionate",
        "masculinise",
        "blister",
        "parallel",
        "cloud",
        "destress",
        "urbanise",
        "dry_out",
        "angulate",
        "depolarize",
        "vesiculate",
        "decrease",
        "animalize",
        "stabilize",
        "lessen",
        "commercialise",
        "gelatinize",
        "deflate",
        "feminize",
        "slenderise",
        "worsen",
        "personalize",
        "glamorise",
        "saponify",
        "volatilise",
        "polarize",
        "achromatize",
        "blear",
        "speed_up",
        "liberalize",
        "lower",
        "harmonise",
        "plump",
        "immaterialise",
        "bemire",
        "variegate",
        "touch",
        "undo",
        "sentimentalise",
        "inflate",
        "constitutionalize",
        "harshen",
        "personalise",
        "oxidise",
        "decelerate",
        "fatten_out",
        "break",
        "grace",
        "schematize",
        "change_taste",
        "spike",
        "spice_up",
        "eternize",
        "acetylise",
        "romanticise",
        "still",
        "mark",
        "constitutionalise",
        "diabolise",
        "territorialize",
        "defog",
        "orientalise",
        "warm",
        "interchange",
        "indispose",
        "chill",
        "renormalize",
        "edit",
        "barbarize",
        "contract",
        "industrialize",
        "liquify",
        "fecundate",
        "automatise",
        "diversify",
        "bestialise",
        "oxygenize",
        "stain",
        "stiffen",
        "steepen",
        "mix",
        "deodorise",
        "terminate",
        "validate",
        "verbify",
        "alchemise",
        "archaize",
        "patent",
        "energize",
        "deprave",
        "glamorize",
        "remodel",
        "counterchange",
        "damage",
        "obliterate",
        "flatten",
        "amend",
        "harmonize",
        "militarise",
        "debauch",
        "age",
        "disable",
        "break_down",
        "communize",
        "humanise",
        "alkalinise",
        "even",
        "debase",
        "clot",
        "extend",
        "scramble",
        "demythologize",
        "allegorise",
        "decimalise",
        "set",
        "shift",
        "insulate",
        "plasticise",
        "eroticize",
        "shake",
        "full",
        "depersonalize",
        "add",
        "mythologise",
        "adorn",
        "intensify",
        "loosen",
        "commute",
        "port",
        "relax",
        "fortify",
        "alienate",
        "sweeten",
        "embellish",
        "contaminate",
        "adjust",
        "blur",
        "de-emphasise",
        "transitivise",
        "acerbate",
        "restore",
        "uglify",
        "weaken",
        "vulgarise",
        "brutalize",
        "untune",
        "officialize",
        "clarify",
        "synchronize",
        "mythologize",
        "solvate",
        "stabilise",
        "etherialise",
        "dope",
        "gelatinise",
        "dissimilate",
        "spice",
        "boil",
        "normalise",
        "shallow",
        "politicise",
        "hydrogenate",
        "magnetize",
        "set_up",
        "commercialize"
      ]
    }
  }
}