{
  "average_link": {
    "score": 0.147924135128657,
    "time": 9.298324584960938e-05,
    "start_wsp": {
      "name": "dower.n.1",
      "definition": "a life estate to which a wife is entitled on the death of her husband",
      "onyms": [
        "life_estate",
        "estate_for_life",
        "dower"
      ]
    },
    "end_wsp": {
      "name": "legal.s.2",
      "definition": "having legal efficacy or force",
      "onyms": [
        "sound",
        "legal",
        "effectual"
      ]
    }
  },
  "average_vector": {
    "score": 0.303600013256073,
    "time": 2.5533957481384277,
    "start_wsp": {
      "name": "dower.v.2",
      "definition": "furnish with an endowment",
      "onyms": [
        "benefice",
        "dower",
        "endow",
        "present",
        "give",
        "gift"
      ]
    },
    "end_wsp": {
      "name": "legal.s.2",
      "definition": "having legal efficacy or force",
      "onyms": [
        "sound",
        "legal",
        "effectual"
      ]
    }
  },
  "complete_link": {
    "score": 0.14519251883029938,
    "time": 8.702278137207031e-05,
    "start_wsp": {
      "name": "dower.n.1",
      "definition": "a life estate to which a wife is entitled on the death of her husband",
      "onyms": [
        "life_estate",
        "estate_for_life",
        "dower"
      ]
    },
    "end_wsp": {
      "name": "legal.a.0",
      "definition": "established by or founded upon law or official or accepted rules",
      "onyms": [
        "legal"
      ]
    }
  },
  "single_link": {
    "score": 0.23456156253814697,
    "time": 8.630752563476562e-05,
    "start_wsp": {
      "name": "dower.n.0",
      "definition": "money or property brought by a woman to her husband at marriage",
      "onyms": [
        "portion",
        "dower",
        "dowry",
        "dowery",
        "gift"
      ]
    },
    "end_wsp": {
      "name": "legal.s.2",
      "definition": "having legal efficacy or force",
      "onyms": [
        "sound",
        "legal",
        "effectual"
      ]
    }
  },
  "total_vector": {
    "score": 0.303600013256073,
    "time": 2.6205179691314697,
    "start_wsp": {
      "name": "dower.v.2",
      "definition": "furnish with an endowment",
      "onyms": [
        "benefice",
        "dower",
        "endow",
        "present",
        "give",
        "gift"
      ]
    },
    "end_wsp": {
      "name": "legal.s.2",
      "definition": "having legal efficacy or force",
      "onyms": [
        "sound",
        "legal",
        "effectual"
      ]
    }
  }
}