{
  "average_link": {
    "score": 0.580194373925527,
    "time": 0.00015044212341308594,
    "start_wsp": {
      "name": "dried.s.2",
      "definition": "not still wet",
      "onyms": [
        "dried"
      ]
    },
    "end_wsp": {
      "name": "dehydrated.s.4",
      "definition": "preserved by removing natural moisture",
      "onyms": [
        "dried",
        "dehydrated",
        "desiccated"
      ]
    }
  },
  "average_vector": {
    "score": 1.0,
    "time": 6.078747749328613,
    "start_wsp": {
      "name": "dried.s.3",
      "definition": "preserved by removing natural moisture",
      "onyms": [
        "dried",
        "dehydrated",
        "desiccated"
      ]
    },
    "end_wsp": {
      "name": "dehydrated.s.4",
      "definition": "preserved by removing natural moisture",
      "onyms": [
        "dried",
        "dehydrated",
        "desiccated"
      ]
    }
  },
  "complete_link": {
    "score": 0.3500168025493622,
    "time": 0.00012135505676269531,
    "start_wsp": {
      "name": "dried.s.2",
      "definition": "not still wet",
      "onyms": [
        "dried"
      ]
    },
    "end_wsp": {
      "name": "dehydrated.s.3",
      "definition": "suffering from excessive loss of water from the body",
      "onyms": [
        "dehydrated"
      ]
    }
  },
  "single_link": {
    "score": 1.0,
    "time": 0.00011420249938964844,
    "start_wsp": {
      "name": "dried.v.0",
      "definition": "remove the moisture from and make dry",
      "onyms": [
        "alter",
        "dehydrate",
        "dry",
        "dry_up",
        "dry_out",
        "rough-dry",
        "tumble_dry",
        "exsiccate",
        "sear",
        "change",
        "drip-dry",
        "spray-dry",
        "desiccate",
        "spin-dry",
        "parch",
        "blow-dry",
        "air",
        "modify",
        "dehumidify"
      ]
    },
    "end_wsp": {
      "name": "dehydrated.v.0",
      "definition": "preserve by removing all water and liquids from",
      "onyms": [
        "preserve",
        "dehydrate",
        "desiccate",
        "keep"
      ]
    }
  },
  "total_vector": {
    "score": 1.0,
    "time": 5.733078718185425,
    "start_wsp": {
      "name": "dried.s.3",
      "definition": "preserved by removing natural moisture",
      "onyms": [
        "dried",
        "dehydrated",
        "desiccated"
      ]
    },
    "end_wsp": {
      "name": "dehydrated.s.4",
      "definition": "preserved by removing natural moisture",
      "onyms": [
        "dried",
        "dehydrated",
        "desiccated"
      ]
    }
  }
}