{
  "average_link": {
    "score": 0.3435269022981326,
    "time": 0.00014257431030273438,
    "start_wsp": {
      "name": "drumming.n.0",
      "definition": "the act of playing drums",
      "onyms": [
        "percussion",
        "drumming"
      ]
    },
    "end_wsp": {
      "name": "percussion.n.0",
      "definition": "the act of playing a percussion instrument",
      "onyms": [
        "percussion",
        "drumming",
        "music"
      ]
    }
  },
  "average_vector": {
    "score": 0.9540009498596191,
    "time": 1.3055942058563232,
    "start_wsp": {
      "name": "drumming.n.0",
      "definition": "the act of playing drums",
      "onyms": [
        "percussion",
        "drumming"
      ]
    },
    "end_wsp": {
      "name": "percussion.n.0",
      "definition": "the act of playing a percussion instrument",
      "onyms": [
        "percussion",
        "drumming",
        "music"
      ]
    }
  },
  "complete_link": {
    "score": 0.4237639009952545,
    "time": 0.00012755393981933594,
    "start_wsp": {
      "name": "drumming.n.0",
      "definition": "the act of playing drums",
      "onyms": [
        "percussion",
        "drumming"
      ]
    },
    "end_wsp": {
      "name": "percussion.n.0",
      "definition": "the act of playing a percussion instrument",
      "onyms": [
        "percussion",
        "drumming",
        "music"
      ]
    }
  },
  "single_link": {
    "score": 0.9999999403953552,
    "time": 0.00012803077697753906,
    "start_wsp": {
      "name": "drumming.n.0",
      "definition": "the act of playing drums",
      "onyms": [
        "percussion",
        "drumming"
      ]
    },
    "end_wsp": {
      "name": "percussion.n.0",
      "definition": "the act of playing a percussion instrument",
      "onyms": [
        "percussion",
        "drumming",
        "music"
      ]
    }
  },
  "total_vector": {
    "score": 0.9540010094642639,
    "time": 1.3079354763031006,
    "start_wsp": {
      "name": "drumming.n.0",
      "definition": "the act of playing drums",
      "onyms": [
        "percussion",
        "drumming"
      ]
    },
    "end_wsp": {
      "name": "percussion.n.0",
      "definition": "the act of playing a percussion instrument",
      "onyms": [
        "percussion",
        "drumming",
        "music"
      ]
    }
  }
}