{
  "average_link": {
    "score": 0.28896715864539146,
    "time": 0.00032520294189453125,
    "start_wsp": {
      "name": "dubbed.v.1",
      "definition": "provide (movies) with a soundtrack of a foreign language",
      "onyms": [
        "dub",
        "synchronise",
        "synchronize"
      ]
    },
    "end_wsp": {
      "name": "dub.v.2",
      "definition": "provide (movies) with a soundtrack of a foreign language",
      "onyms": [
        "dub",
        "synchronise",
        "synchronize"
      ]
    }
  },
  "average_vector": {
    "score": 1.0,
    "time": 1.3815221786499023,
    "start_wsp": {
      "name": "dubbed.v.0",
      "definition": "give a nickname to",
      "onyms": [
        "name",
        "call",
        "dub",
        "nickname"
      ]
    },
    "end_wsp": {
      "name": "dub.v.1",
      "definition": "give a nickname to",
      "onyms": [
        "name",
        "call",
        "dub",
        "nickname"
      ]
    }
  },
  "complete_link": {
    "score": 0.15586863458156586,
    "time": 0.0003151893615722656,
    "start_wsp": {
      "name": "dubbed.v.1",
      "definition": "provide (movies) with a soundtrack of a foreign language",
      "onyms": [
        "dub",
        "synchronise",
        "synchronize"
      ]
    },
    "end_wsp": {
      "name": "dub.v.2",
      "definition": "provide (movies) with a soundtrack of a foreign language",
      "onyms": [
        "dub",
        "synchronise",
        "synchronize"
      ]
    }
  },
  "single_link": {
    "score": 1.0,
    "time": 0.0003120899200439453,
    "start_wsp": {
      "name": "dubbed.v.0",
      "definition": "give a nickname to",
      "onyms": [
        "name",
        "call",
        "dub",
        "nickname"
      ]
    },
    "end_wsp": {
      "name": "dub.n.0",
      "definition": "the new sounds added by dubbing",
      "onyms": [
        "sound",
        "auditory_sensation",
        "dub"
      ]
    }
  },
  "total_vector": {
    "score": 1.0,
    "time": 1.3781588077545166,
    "start_wsp": {
      "name": "dubbed.v.0",
      "definition": "give a nickname to",
      "onyms": [
        "name",
        "call",
        "dub",
        "nickname"
      ]
    },
    "end_wsp": {
      "name": "dub.v.1",
      "definition": "give a nickname to",
      "onyms": [
        "name",
        "call",
        "dub",
        "nickname"
      ]
    }
  }
}