{
  "average_link": {
    "score": 0.10954304996096058,
    "time": 0.00040268898010253906,
    "start_wsp": {
      "name": "duel.n.1",
      "definition": "any struggle between two skillful opponents (individuals or groups)",
      "onyms": [
        "duel",
        "struggle",
        "battle"
      ]
    },
    "end_wsp": {
      "name": "fight.v.5",
      "definition": "be engaged in a fight; carry on a fight",
      "onyms": [
        "fight_down",
        "spar",
        "settle",
        "fistfight",
        "skirmish",
        "defend",
        "wrestle",
        "get_back",
        "duel",
        "joust",
        "join_battle",
        "engage",
        "attack",
        "war",
        "chickenfight",
        "bear_down",
        "assail",
        "fence",
        "struggle",
        "tug",
        "feud",
        "combat",
        "tussle",
        "chicken-fight",
        "oppose",
        "contend",
        "wage",
        "box",
        "battle",
        "fight_back",
        "tourney",
        "bandy",
        "fight",
        "scuffle"
      ]
    }
  },
  "average_vector": {
    "score": 0.8397359251976013,
    "time": 1.3929903507232666,
    "start_wsp": {
      "name": "duel.v.2",
      "definition": "fight a duel, as over one's honor or a woman",
      "onyms": [
        "contend",
        "fight",
        "duel",
        "struggle"
      ]
    },
    "end_wsp": {
      "name": "fight.v.5",
      "definition": "be engaged in a fight; carry on a fight",
      "onyms": [
        "fight_down",
        "spar",
        "settle",
        "fistfight",
        "skirmish",
        "defend",
        "wrestle",
        "get_back",
        "duel",
        "joust",
        "join_battle",
        "engage",
        "attack",
        "war",
        "chickenfight",
        "bear_down",
        "assail",
        "fence",
        "struggle",
        "tug",
        "feud",
        "combat",
        "tussle",
        "chicken-fight",
        "oppose",
        "contend",
        "wage",
        "box",
        "battle",
        "fight_back",
        "tourney",
        "bandy",
        "fight",
        "scuffle"
      ]
    }
  },
  "complete_link": {
    "score": 0.1394183188676834,
    "time": 0.00040984153747558594,
    "start_wsp": {
      "name": "duel.n.1",
      "definition": "any struggle between two skillful opponents (individuals or groups)",
      "onyms": [
        "duel",
        "struggle",
        "battle"
      ]
    },
    "end_wsp": {
      "name": "fight.n.4",
      "definition": "a boxing or wrestling match",
      "onyms": [
        "pugilism",
        "fight",
        "boxing",
        "fisticuffs"
      ]
    }
  },
  "single_link": {
    "score": 1.0,
    "time": 0.00037980079650878906,
    "start_wsp": {
      "name": "duel.n.0",
      "definition": "a prearranged fight with deadly weapons by two people (accompanied by seconds) in order to settle a quarrel over a point of honor",
      "onyms": [
        "scrap",
        "combat",
        "fight",
        "fighting",
        "affaire_d'honneur",
        "duel"
      ]
    },
    "end_wsp": {
      "name": "fight.n.0",
      "definition": "a hostile meeting of opposing military forces in the course of a war",
      "onyms": [
        "conflict",
        "armed_combat",
        "Armageddon",
        "military_action",
        "naval_battle",
        "war",
        "action",
        "warfare",
        "combat",
        "Battle_of_Britain",
        "assault",
        "fight",
        "dogfight",
        "Drogheda",
        "engagement",
        "pitched_battle",
        "battle"
      ]
    }
  },
  "total_vector": {
    "score": 0.8397359251976013,
    "time": 1.349707841873169,
    "start_wsp": {
      "name": "duel.v.2",
      "definition": "fight a duel, as over one's honor or a woman",
      "onyms": [
        "contend",
        "fight",
        "duel",
        "struggle"
      ]
    },
    "end_wsp": {
      "name": "fight.v.5",
      "definition": "be engaged in a fight; carry on a fight",
      "onyms": [
        "fight_down",
        "spar",
        "settle",
        "fistfight",
        "skirmish",
        "defend",
        "wrestle",
        "get_back",
        "duel",
        "joust",
        "join_battle",
        "engage",
        "attack",
        "war",
        "chickenfight",
        "bear_down",
        "assail",
        "fence",
        "struggle",
        "tug",
        "feud",
        "combat",
        "tussle",
        "chicken-fight",
        "oppose",
        "contend",
        "wage",
        "box",
        "battle",
        "fight_back",
        "tourney",
        "bandy",
        "fight",
        "scuffle"
      ]
    }
  }
}