{
  "average_link": {
    "score": 0.1895652310922742,
    "time": 0.0001010894775390625,
    "start_wsp": {
      "name": "dwarf.v.4",
      "definition": "check the growth of",
      "onyms": [
        "stunt",
        "dwarf"
      ]
    },
    "end_wsp": {
      "name": "stunt.v.2",
      "definition": "check the growth or development of",
      "onyms": [
        "impede",
        "stunt",
        "dwarf",
        "hinder"
      ]
    }
  },
  "average_vector": {
    "score": 0.7351181507110596,
    "time": 1.4420857429504395,
    "start_wsp": {
      "name": "dwarf.v.4",
      "definition": "check the growth of",
      "onyms": [
        "stunt",
        "dwarf"
      ]
    },
    "end_wsp": {
      "name": "stunt.v.2",
      "definition": "check the growth or development of",
      "onyms": [
        "impede",
        "stunt",
        "dwarf",
        "hinder"
      ]
    }
  },
  "complete_link": {
    "score": 0.1413431018590927,
    "time": 0.00010728836059570312,
    "start_wsp": {
      "name": "dwarf.v.4",
      "definition": "check the growth of",
      "onyms": [
        "stunt",
        "dwarf"
      ]
    },
    "end_wsp": {
      "name": "stunt.v.2",
      "definition": "check the growth or development of",
      "onyms": [
        "impede",
        "stunt",
        "dwarf",
        "hinder"
      ]
    }
  },
  "single_link": {
    "score": 1.0,
    "time": 9.679794311523438e-05,
    "start_wsp": {
      "name": "dwarf.n.0",
      "definition": "a person who is markedly small",
      "onyms": [
        "true_dwarf",
        "normal_dwarf",
        "Levi-Lorrain_dwarf",
        "pituitary_dwarf",
        "hypoplastic_dwarf",
        "nanus",
        "dwarf",
        "midget",
        "primordial_dwarf",
        "small_person",
        "hypophysial_dwarf"
      ]
    },
    "end_wsp": {
      "name": "stunt.v.2",
      "definition": "check the growth or development of",
      "onyms": [
        "impede",
        "stunt",
        "dwarf",
        "hinder"
      ]
    }
  },
  "total_vector": {
    "score": 0.7351181507110596,
    "time": 1.4408080577850342,
    "start_wsp": {
      "name": "dwarf.v.4",
      "definition": "check the growth of",
      "onyms": [
        "stunt",
        "dwarf"
      ]
    },
    "end_wsp": {
      "name": "stunt.v.2",
      "definition": "check the growth or development of",
      "onyms": [
        "impede",
        "stunt",
        "dwarf",
        "hinder"
      ]
    }
  }
}