{
  "average_link": {
    "score": 0.31723304092884064,
    "time": 8.177757263183594e-05,
    "start_wsp": {
      "name": "economically.r.0",
      "definition": "with respect to economic science",
      "onyms": [
        "economically"
      ]
    },
    "end_wsp": {
      "name": "economy.n.1",
      "definition": "the efficient use of resources",
      "onyms": [
        "efficiency",
        "economy"
      ]
    }
  },
  "average_vector": {
    "score": 0.421530157327652,
    "time": 1.3308706283569336,
    "start_wsp": {
      "name": "economically.r.0",
      "definition": "with respect to economic science",
      "onyms": [
        "economically"
      ]
    },
    "end_wsp": {
      "name": "economy.n.0",
      "definition": "the system of production and distribution and consumption",
      "onyms": [
        "system",
        "economic_system",
        "economy",
        "private_enterprise",
        "non-market_economy",
        "state_capitalism",
        "black_economy",
        "state_socialism",
        "scheme",
        "free_enterprise",
        "industrialism",
        "market_economy",
        "mixed_economy",
        "laissez-faire_economy",
        "sector"
      ]
    }
  },
  "complete_link": {
    "score": 0.11793479323387146,
    "time": 8.20159912109375e-05,
    "start_wsp": {
      "name": "economically.r.0",
      "definition": "with respect to economic science",
      "onyms": [
        "economically"
      ]
    },
    "end_wsp": {
      "name": "economy.n.1",
      "definition": "the efficient use of resources",
      "onyms": [
        "efficiency",
        "economy"
      ]
    }
  },
  "single_link": {
    "score": 0.5165312886238098,
    "time": 8.153915405273438e-05,
    "start_wsp": {
      "name": "economically.r.0",
      "definition": "with respect to economic science",
      "onyms": [
        "economically"
      ]
    },
    "end_wsp": {
      "name": "economy.n.0",
      "definition": "the system of production and distribution and consumption",
      "onyms": [
        "system",
        "economic_system",
        "economy",
        "private_enterprise",
        "non-market_economy",
        "state_capitalism",
        "black_economy",
        "state_socialism",
        "scheme",
        "free_enterprise",
        "industrialism",
        "market_economy",
        "mixed_economy",
        "laissez-faire_economy",
        "sector"
      ]
    }
  },
  "total_vector": {
    "score": 0.421530157327652,
    "time": 1.328249216079712,
    "start_wsp": {
      "name": "economically.r.0",
      "definition": "with respect to economic science",
      "onyms": [
        "economically"
      ]
    },
    "end_wsp": {
      "name": "economy.n.0",
      "definition": "the system of production and distribution and consumption",
      "onyms": [
        "system",
        "economic_system",
        "economy",
        "private_enterprise",
        "non-market_economy",
        "state_capitalism",
        "black_economy",
        "state_socialism",
        "scheme",
        "free_enterprise",
        "industrialism",
        "market_economy",
        "mixed_economy",
        "laissez-faire_economy",
        "sector"
      ]
    }
  }
}