{
  "average_link": {
    "score": 0.4751443862915039,
    "time": 2.002716064453125e-05,
    "start_wsp": {
      "name": "elect.s.4",
      "definition": "elected but not yet installed in office",
      "onyms": [
        "elect"
      ]
    },
    "end_wsp": {
      "name": "vote.v.8",
      "definition": "be guided by in voting",
      "onyms": [
        "vote"
      ]
    }
  },
  "average_vector": {
    "score": 0.7358536720275879,
    "time": 1.3308615684509277,
    "start_wsp": {
      "name": "elect.v.1",
      "definition": "select by a vote for an office or membership",
      "onyms": [
        "co-opt",
        "pick_out",
        "select",
        "elect",
        "take",
        "choose",
        "reelect",
        "return"
      ]
    },
    "end_wsp": {
      "name": "vote.v.5",
      "definition": "express one's preference for a candidate or for a measure or resolution; cast a vote",
      "onyms": [
        "ballot",
        "outvote",
        "vote_down",
        "vote",
        "poll",
        "take",
        "select",
        "choose",
        "write_in",
        "turn_thumbs_down",
        "pick_out"
      ]
    }
  },
  "complete_link": {
    "score": 0.4751443862915039,
    "time": 1.7404556274414062e-05,
    "start_wsp": {
      "name": "elect.s.4",
      "definition": "elected but not yet installed in office",
      "onyms": [
        "elect"
      ]
    },
    "end_wsp": {
      "name": "vote.v.8",
      "definition": "be guided by in voting",
      "onyms": [
        "vote"
      ]
    }
  },
  "single_link": {
    "score": 1.0,
    "time": 1.4781951904296875e-05,
    "start_wsp": {
      "name": "elect.v.1",
      "definition": "select by a vote for an office or membership",
      "onyms": [
        "co-opt",
        "pick_out",
        "select",
        "elect",
        "take",
        "choose",
        "reelect",
        "return"
      ]
    },
    "end_wsp": {
      "name": "vote.v.5",
      "definition": "express one's preference for a candidate or for a measure or resolution; cast a vote",
      "onyms": [
        "ballot",
        "outvote",
        "vote_down",
        "vote",
        "poll",
        "take",
        "select",
        "choose",
        "write_in",
        "turn_thumbs_down",
        "pick_out"
      ]
    }
  },
  "total_vector": {
    "score": 0.7358536720275879,
    "time": 1.316112756729126,
    "start_wsp": {
      "name": "elect.v.1",
      "definition": "select by a vote for an office or membership",
      "onyms": [
        "co-opt",
        "pick_out",
        "select",
        "elect",
        "take",
        "choose",
        "reelect",
        "return"
      ]
    },
    "end_wsp": {
      "name": "vote.v.5",
      "definition": "express one's preference for a candidate or for a measure or resolution; cast a vote",
      "onyms": [
        "ballot",
        "outvote",
        "vote_down",
        "vote",
        "poll",
        "take",
        "select",
        "choose",
        "write_in",
        "turn_thumbs_down",
        "pick_out"
      ]
    }
  }
}