{
  "average_link": {
    "score": 0.1763691089370034,
    "time": 0.0001373291015625,
    "start_wsp": {
      "name": "endemic.a.2",
      "definition": "of or relating to a disease (or anything resembling a disease) constantly present to greater or lesser extent in a particular locality",
      "onyms": [
        "endemical",
        "endemic"
      ]
    },
    "end_wsp": {
      "name": "plant.n.1",
      "definition": "(botany) a living organism lacking the power of locomotion",
      "onyms": [
        "hygrophyte",
        "embryo",
        "phytoplankton",
        "ornamental",
        "holophyte",
        "kingdom_Plantae",
        "monocarpous_plant",
        "escape",
        "poisonous_plant",
        "plant",
        "epiphytic_plant",
        "apomict",
        "endemic",
        "monocarp",
        "being",
        "air_plant",
        "monocarpic_plant",
        "aerophyte",
        "tracheophyte",
        "gametophyte",
        "autophytic_plant",
        "plant_structure",
        "cap",
        "neophyte",
        "pot_plant",
        "houseplant",
        "organism",
        "aquatic",
        "Plantae",
        "myrmecophyte",
        "annual",
        "autotrophic_organism",
        "vascular_plant",
        "wilding",
        "cryptogam",
        "microflora",
        "autophyte",
        "epiphyte",
        "plant_kingdom",
        "sporophyte",
        "biennial",
        "garden_plant",
        "plantlet",
        "crop",
        "plant_part",
        "flora",
        "plant_life",
        "acrogen",
        "autotroph",
        "perennial",
        "non-flowering_plant",
        "rock_plant",
        "hood"
      ]
    }
  },
  "average_vector": {
    "score": 0.6938683986663818,
    "time": 1.3567392826080322,
    "start_wsp": {
      "name": "endemic.n.1",
      "definition": "a plant that is native to a certain limited area",
      "onyms": [
        "plant_life",
        "plant",
        "endemic",
        "flora"
      ]
    },
    "end_wsp": {
      "name": "plant.n.1",
      "definition": "(botany) a living organism lacking the power of locomotion",
      "onyms": [
        "hygrophyte",
        "embryo",
        "phytoplankton",
        "ornamental",
        "holophyte",
        "kingdom_Plantae",
        "monocarpous_plant",
        "escape",
        "poisonous_plant",
        "plant",
        "epiphytic_plant",
        "apomict",
        "endemic",
        "monocarp",
        "being",
        "air_plant",
        "monocarpic_plant",
        "aerophyte",
        "tracheophyte",
        "gametophyte",
        "autophytic_plant",
        "plant_structure",
        "cap",
        "neophyte",
        "pot_plant",
        "houseplant",
        "organism",
        "aquatic",
        "Plantae",
        "myrmecophyte",
        "annual",
        "autotrophic_organism",
        "vascular_plant",
        "wilding",
        "cryptogam",
        "microflora",
        "autophyte",
        "epiphyte",
        "plant_kingdom",
        "sporophyte",
        "biennial",
        "garden_plant",
        "plantlet",
        "crop",
        "plant_part",
        "flora",
        "plant_life",
        "acrogen",
        "autotroph",
        "perennial",
        "non-flowering_plant",
        "rock_plant",
        "hood"
      ]
    }
  },
  "complete_link": {
    "score": 0.054898038506507874,
    "time": 0.0001647472381591797,
    "start_wsp": {
      "name": "endemic.a.2",
      "definition": "of or relating to a disease (or anything resembling a disease) constantly present to greater or lesser extent in a particular locality",
      "onyms": [
        "endemical",
        "endemic"
      ]
    },
    "end_wsp": {
      "name": "plant.n.3",
      "definition": "something planted secretly for discovery by another",
      "onyms": [
        "dodge",
        "contrivance",
        "plant",
        "stratagem"
      ]
    }
  },
  "single_link": {
    "score": 1.0,
    "time": 0.00013017654418945312,
    "start_wsp": {
      "name": "endemic.n.0",
      "definition": "a disease that is constantly present to a greater or lesser degree in people of a certain class or in people living in a particular location",
      "onyms": [
        "disease",
        "endemic",
        "endemic_disease"
      ]
    },
    "end_wsp": {
      "name": "plant.n.1",
      "definition": "(botany) a living organism lacking the power of locomotion",
      "onyms": [
        "hygrophyte",
        "embryo",
        "phytoplankton",
        "ornamental",
        "holophyte",
        "kingdom_Plantae",
        "monocarpous_plant",
        "escape",
        "poisonous_plant",
        "plant",
        "epiphytic_plant",
        "apomict",
        "endemic",
        "monocarp",
        "being",
        "air_plant",
        "monocarpic_plant",
        "aerophyte",
        "tracheophyte",
        "gametophyte",
        "autophytic_plant",
        "plant_structure",
        "cap",
        "neophyte",
        "pot_plant",
        "houseplant",
        "organism",
        "aquatic",
        "Plantae",
        "myrmecophyte",
        "annual",
        "autotrophic_organism",
        "vascular_plant",
        "wilding",
        "cryptogam",
        "microflora",
        "autophyte",
        "epiphyte",
        "plant_kingdom",
        "sporophyte",
        "biennial",
        "garden_plant",
        "plantlet",
        "crop",
        "plant_part",
        "flora",
        "plant_life",
        "acrogen",
        "autotroph",
        "perennial",
        "non-flowering_plant",
        "rock_plant",
        "hood"
      ]
    }
  },
  "total_vector": {
    "score": 0.6938683986663818,
    "time": 1.364776611328125,
    "start_wsp": {
      "name": "endemic.n.1",
      "definition": "a plant that is native to a certain limited area",
      "onyms": [
        "plant_life",
        "plant",
        "endemic",
        "flora"
      ]
    },
    "end_wsp": {
      "name": "plant.n.1",
      "definition": "(botany) a living organism lacking the power of locomotion",
      "onyms": [
        "hygrophyte",
        "embryo",
        "phytoplankton",
        "ornamental",
        "holophyte",
        "kingdom_Plantae",
        "monocarpous_plant",
        "escape",
        "poisonous_plant",
        "plant",
        "epiphytic_plant",
        "apomict",
        "endemic",
        "monocarp",
        "being",
        "air_plant",
        "monocarpic_plant",
        "aerophyte",
        "tracheophyte",
        "gametophyte",
        "autophytic_plant",
        "plant_structure",
        "cap",
        "neophyte",
        "pot_plant",
        "houseplant",
        "organism",
        "aquatic",
        "Plantae",
        "myrmecophyte",
        "annual",
        "autotrophic_organism",
        "vascular_plant",
        "wilding",
        "cryptogam",
        "microflora",
        "autophyte",
        "epiphyte",
        "plant_kingdom",
        "sporophyte",
        "biennial",
        "garden_plant",
        "plantlet",
        "crop",
        "plant_part",
        "flora",
        "plant_life",
        "acrogen",
        "autotroph",
        "perennial",
        "non-flowering_plant",
        "rock_plant",
        "hood"
      ]
    }
  }
}