{
  "average_link": {
    "score": 0.23848268389701843,
    "time": 5.7220458984375e-05,
    "start_wsp": {
      "name": "energy.n.5",
      "definition": "any source of usable power",
      "onyms": [
        "physical_phenomenon",
        "energy"
      ]
    },
    "end_wsp": {
      "name": "kinetic.s.2",
      "definition": "supplying motive force; - H.O.Taylor",
      "onyms": [
        "kinetic",
        "energizing",
        "energising"
      ]
    }
  },
  "average_vector": {
    "score": 0.42668426036834717,
    "time": 1.3269507884979248,
    "start_wsp": {
      "name": "energy.n.3",
      "definition": "an imaginative lively style (especially style of writing)",
      "onyms": [
        "vigour",
        "sprightliness",
        "verve",
        "liveliness",
        "vigor",
        "vitality",
        "life",
        "vim",
        "energy",
        "spirit",
        "muscularity"
      ]
    },
    "end_wsp": {
      "name": "kinetic.s.2",
      "definition": "supplying motive force; - H.O.Taylor",
      "onyms": [
        "kinetic",
        "energizing",
        "energising"
      ]
    }
  },
  "complete_link": {
    "score": 0.20492923259735107,
    "time": 5.340576171875e-05,
    "start_wsp": {
      "name": "energy.n.5",
      "definition": "any source of usable power",
      "onyms": [
        "physical_phenomenon",
        "energy"
      ]
    },
    "end_wsp": {
      "name": "kinetic.a.0",
      "definition": "relating to the motion of material bodies and the forces associated therewith",
      "onyms": [
        "kinetic"
      ]
    }
  },
  "single_link": {
    "score": 0.36747482419013977,
    "time": 6.937980651855469e-05,
    "start_wsp": {
      "name": "energy.n.3",
      "definition": "an imaginative lively style (especially style of writing)",
      "onyms": [
        "vigour",
        "sprightliness",
        "verve",
        "liveliness",
        "vigor",
        "vitality",
        "life",
        "vim",
        "energy",
        "spirit",
        "muscularity"
      ]
    },
    "end_wsp": {
      "name": "kinetic.a.0",
      "definition": "relating to the motion of material bodies and the forces associated therewith",
      "onyms": [
        "kinetic"
      ]
    }
  },
  "total_vector": {
    "score": 0.42668429017066956,
    "time": 1.3428852558135986,
    "start_wsp": {
      "name": "energy.n.3",
      "definition": "an imaginative lively style (especially style of writing)",
      "onyms": [
        "vigour",
        "sprightliness",
        "verve",
        "liveliness",
        "vigor",
        "vitality",
        "life",
        "vim",
        "energy",
        "spirit",
        "muscularity"
      ]
    },
    "end_wsp": {
      "name": "kinetic.s.2",
      "definition": "supplying motive force; - H.O.Taylor",
      "onyms": [
        "kinetic",
        "energizing",
        "energising"
      ]
    }
  }
}