{
  "average_link": {
    "score": 0.15774820744991302,
    "time": 4.0531158447265625e-05,
    "start_wsp": {
      "name": "enlarged.s.5",
      "definition": "as of a photograph; made larger",
      "onyms": [
        "enlarged",
        "blown-up"
      ]
    },
    "end_wsp": {
      "name": "unhealthy.a.0",
      "definition": "not in or exhibiting good health in body or mind",
      "onyms": [
        "unhealthy"
      ]
    }
  },
  "average_vector": {
    "score": 0.2803896963596344,
    "time": 5.428413391113281,
    "start_wsp": {
      "name": "enlarged.s.7",
      "definition": "enlarged to an abnormal degree",
      "onyms": [
        "magnified",
        "enlarged",
        "exaggerated"
      ]
    },
    "end_wsp": {
      "name": "unhealthy.a.0",
      "definition": "not in or exhibiting good health in body or mind",
      "onyms": [
        "unhealthy"
      ]
    }
  },
  "complete_link": {
    "score": 0.15774820744991302,
    "time": 3.695487976074219e-05,
    "start_wsp": {
      "name": "enlarged.a.4",
      "definition": "(of an organ or body part) excessively enlarged as a result of increased size in the constituent cells",
      "onyms": [
        "enlarged",
        "hypertrophied"
      ]
    },
    "end_wsp": {
      "name": "unhealthy.a.0",
      "definition": "not in or exhibiting good health in body or mind",
      "onyms": [
        "unhealthy"
      ]
    }
  },
  "single_link": {
    "score": 0.2811266779899597,
    "time": 3.933906555175781e-05,
    "start_wsp": {
      "name": "enlarged.s.7",
      "definition": "enlarged to an abnormal degree",
      "onyms": [
        "magnified",
        "enlarged",
        "exaggerated"
      ]
    },
    "end_wsp": {
      "name": "unhealthy.a.0",
      "definition": "not in or exhibiting good health in body or mind",
      "onyms": [
        "unhealthy"
      ]
    }
  },
  "total_vector": {
    "score": 0.2803896963596344,
    "time": 5.77275824546814,
    "start_wsp": {
      "name": "enlarged.s.7",
      "definition": "enlarged to an abnormal degree",
      "onyms": [
        "magnified",
        "enlarged",
        "exaggerated"
      ]
    },
    "end_wsp": {
      "name": "unhealthy.a.0",
      "definition": "not in or exhibiting good health in body or mind",
      "onyms": [
        "unhealthy"
      ]
    }
  }
}