{
  "average_link": {
    "score": 0.07995205445008145,
    "time": 0.0004260540008544922,
    "start_wsp": {
      "name": "entranced.v.1",
      "definition": "put into a trance",
      "onyms": [
        "mesmerise",
        "mesmerize",
        "hypnotize",
        "entrance",
        "spellbind",
        "hypnotise"
      ]
    },
    "end_wsp": {
      "name": "entrance.v.4",
      "definition": "put into a trance",
      "onyms": [
        "mesmerise",
        "mesmerize",
        "hypnotize",
        "entrance",
        "spellbind",
        "hypnotise"
      ]
    }
  },
  "average_vector": {
    "score": 1.0,
    "time": 5.735867261886597,
    "start_wsp": {
      "name": "entranced.v.0",
      "definition": "attract; cause to be enamored",
      "onyms": [
        "enchant",
        "becharm",
        "enamor",
        "work",
        "captivate",
        "bewitch",
        "attract",
        "entrance",
        "beguile",
        "fascinate",
        "trance",
        "capture",
        "appeal",
        "hold",
        "charm",
        "catch",
        "enamour"
      ]
    },
    "end_wsp": {
      "name": "entrance.v.3",
      "definition": "attract; cause to be enamored",
      "onyms": [
        "enchant",
        "becharm",
        "enamor",
        "work",
        "captivate",
        "bewitch",
        "attract",
        "entrance",
        "beguile",
        "fascinate",
        "trance",
        "capture",
        "appeal",
        "hold",
        "charm",
        "catch",
        "enamour"
      ]
    }
  },
  "complete_link": {
    "score": 0.03836626186966896,
    "time": 0.0003666877746582031,
    "start_wsp": {
      "name": "entranced.v.1",
      "definition": "put into a trance",
      "onyms": [
        "mesmerise",
        "mesmerize",
        "hypnotize",
        "entrance",
        "spellbind",
        "hypnotise"
      ]
    },
    "end_wsp": {
      "name": "entrance.v.4",
      "definition": "put into a trance",
      "onyms": [
        "mesmerise",
        "mesmerize",
        "hypnotize",
        "entrance",
        "spellbind",
        "hypnotise"
      ]
    }
  },
  "single_link": {
    "score": 1.0,
    "time": 0.0003752708435058594,
    "start_wsp": {
      "name": "entranced.v.0",
      "definition": "attract; cause to be enamored",
      "onyms": [
        "enchant",
        "becharm",
        "enamor",
        "work",
        "captivate",
        "bewitch",
        "attract",
        "entrance",
        "beguile",
        "fascinate",
        "trance",
        "capture",
        "appeal",
        "hold",
        "charm",
        "catch",
        "enamour"
      ]
    },
    "end_wsp": {
      "name": "entrance.n.0",
      "definition": "something that provides access (to get in or get out)",
      "onyms": [
        "doorway",
        "archway",
        "portal",
        "entry",
        "service_door",
        "entrance",
        "opening",
        "porte-cochere",
        "threshold",
        "access",
        "hatchway",
        "service_entrance",
        "approach",
        "entree",
        "gateway",
        "arch",
        "vomitory",
        "pithead",
        "entryway",
        "stage_door",
        "entranceway",
        "scuttle",
        "room_access",
        "door",
        "servant's_entrance"
      ]
    }
  },
  "total_vector": {
    "score": 1.0,
    "time": 6.108204364776611,
    "start_wsp": {
      "name": "entranced.v.0",
      "definition": "attract; cause to be enamored",
      "onyms": [
        "enchant",
        "becharm",
        "enamor",
        "work",
        "captivate",
        "bewitch",
        "attract",
        "entrance",
        "beguile",
        "fascinate",
        "trance",
        "capture",
        "appeal",
        "hold",
        "charm",
        "catch",
        "enamour"
      ]
    },
    "end_wsp": {
      "name": "entrance.v.3",
      "definition": "attract; cause to be enamored",
      "onyms": [
        "enchant",
        "becharm",
        "enamor",
        "work",
        "captivate",
        "bewitch",
        "attract",
        "entrance",
        "beguile",
        "fascinate",
        "trance",
        "capture",
        "appeal",
        "hold",
        "charm",
        "catch",
        "enamour"
      ]
    }
  }
}