{
  "average_link": {
    "score": 0.09059224824886769,
    "time": 3.4332275390625e-05,
    "start_wsp": {
      "name": "equivocal.s.1",
      "definition": "open to question; ; -Anna Jameson",
      "onyms": [
        "equivocal"
      ]
    },
    "end_wsp": {
      "name": "forked.v.2",
      "definition": "divide into two or more branches so as to form a fork",
      "onyms": [
        "trifurcate",
        "furcate",
        "diverge",
        "branch",
        "ramify",
        "separate",
        "bifurcate",
        "twig",
        "fork",
        "arborize",
        "arborise"
      ]
    }
  },
  "average_vector": {
    "score": 0.2463942915201187,
    "time": 2.946995496749878,
    "start_wsp": {
      "name": "equivocal.a.0",
      "definition": "open to two or more interpretations; or of uncertain nature or significance; or (often) intended to mislead",
      "onyms": [
        "equivocal",
        "ambiguous"
      ]
    },
    "end_wsp": {
      "name": "forked.v.2",
      "definition": "divide into two or more branches so as to form a fork",
      "onyms": [
        "trifurcate",
        "furcate",
        "diverge",
        "branch",
        "ramify",
        "separate",
        "bifurcate",
        "twig",
        "fork",
        "arborize",
        "arborise"
      ]
    }
  },
  "complete_link": {
    "score": 0.020770594477653503,
    "time": 3.24249267578125e-05,
    "start_wsp": {
      "name": "equivocal.s.1",
      "definition": "open to question; ; -Anna Jameson",
      "onyms": [
        "equivocal"
      ]
    },
    "end_wsp": {
      "name": "forked.s.4",
      "definition": "resembling a fork; divided or separated into two branches",
      "onyms": [
        "biramous",
        "bifurcate",
        "prongy",
        "forked",
        "forficate",
        "branched",
        "fork-like",
        "pronged"
      ]
    }
  },
  "single_link": {
    "score": 0.30604931712150574,
    "time": 3.24249267578125e-05,
    "start_wsp": {
      "name": "equivocal.a.0",
      "definition": "open to two or more interpretations; or of uncertain nature or significance; or (often) intended to mislead",
      "onyms": [
        "equivocal",
        "ambiguous"
      ]
    },
    "end_wsp": {
      "name": "forked.v.2",
      "definition": "divide into two or more branches so as to form a fork",
      "onyms": [
        "trifurcate",
        "furcate",
        "diverge",
        "branch",
        "ramify",
        "separate",
        "bifurcate",
        "twig",
        "fork",
        "arborize",
        "arborise"
      ]
    }
  },
  "total_vector": {
    "score": 0.2463942915201187,
    "time": 3.1895594596862793,
    "start_wsp": {
      "name": "equivocal.a.0",
      "definition": "open to two or more interpretations; or of uncertain nature or significance; or (often) intended to mislead",
      "onyms": [
        "equivocal",
        "ambiguous"
      ]
    },
    "end_wsp": {
      "name": "forked.v.2",
      "definition": "divide into two or more branches so as to form a fork",
      "onyms": [
        "trifurcate",
        "furcate",
        "diverge",
        "branch",
        "ramify",
        "separate",
        "bifurcate",
        "twig",
        "fork",
        "arborize",
        "arborise"
      ]
    }
  }
}