{
  "average_link": {
    "score": 0.3071967735886574,
    "time": 0.0003180503845214844,
    "start_wsp": {
      "name": "evade.v.3",
      "definition": "use cunning or deceit to escape or avoid",
      "onyms": [
        "evade",
        "get_by",
        "get_out",
        "get_off",
        "escape",
        "get_away"
      ]
    },
    "end_wsp": {
      "name": "elude.v.0",
      "definition": "escape, either physically or mentally",
      "onyms": [
        "elude",
        "break_loose",
        "evade",
        "bilk",
        "escape",
        "get_away"
      ]
    }
  },
  "average_vector": {
    "score": 1.0,
    "time": 1.3031198978424072,
    "start_wsp": {
      "name": "evade.v.0",
      "definition": "avoid or try to avoid fulfilling, answering, or performing (duties, questions, or issues)",
      "onyms": [
        "circumvent",
        "elude",
        "parry",
        "quibble",
        "evade",
        "fudge",
        "dodge",
        "hedge",
        "duck",
        "beg",
        "skirt",
        "put_off",
        "sidestep",
        "avoid"
      ]
    },
    "end_wsp": {
      "name": "elude.v.2",
      "definition": "avoid or try to avoid fulfilling, answering, or performing (duties, questions, or issues)",
      "onyms": [
        "circumvent",
        "elude",
        "parry",
        "quibble",
        "evade",
        "fudge",
        "dodge",
        "hedge",
        "duck",
        "beg",
        "skirt",
        "put_off",
        "sidestep",
        "avoid"
      ]
    }
  },
  "complete_link": {
    "score": 0.22441589832305908,
    "time": 0.0003108978271484375,
    "start_wsp": {
      "name": "evade.v.1",
      "definition": "escape, either physically or mentally",
      "onyms": [
        "elude",
        "break_loose",
        "evade",
        "bilk",
        "escape",
        "get_away"
      ]
    },
    "end_wsp": {
      "name": "elude.v.0",
      "definition": "escape, either physically or mentally",
      "onyms": [
        "elude",
        "break_loose",
        "evade",
        "bilk",
        "escape",
        "get_away"
      ]
    }
  },
  "single_link": {
    "score": 1.0000001192092896,
    "time": 0.000286102294921875,
    "start_wsp": {
      "name": "evade.v.0",
      "definition": "avoid or try to avoid fulfilling, answering, or performing (duties, questions, or issues)",
      "onyms": [
        "circumvent",
        "elude",
        "parry",
        "quibble",
        "evade",
        "fudge",
        "dodge",
        "hedge",
        "duck",
        "beg",
        "skirt",
        "put_off",
        "sidestep",
        "avoid"
      ]
    },
    "end_wsp": {
      "name": "elude.v.2",
      "definition": "avoid or try to avoid fulfilling, answering, or performing (duties, questions, or issues)",
      "onyms": [
        "circumvent",
        "elude",
        "parry",
        "quibble",
        "evade",
        "fudge",
        "dodge",
        "hedge",
        "duck",
        "beg",
        "skirt",
        "put_off",
        "sidestep",
        "avoid"
      ]
    }
  },
  "total_vector": {
    "score": 1.0,
    "time": 1.3294053077697754,
    "start_wsp": {
      "name": "evade.v.0",
      "definition": "avoid or try to avoid fulfilling, answering, or performing (duties, questions, or issues)",
      "onyms": [
        "circumvent",
        "elude",
        "parry",
        "quibble",
        "evade",
        "fudge",
        "dodge",
        "hedge",
        "duck",
        "beg",
        "skirt",
        "put_off",
        "sidestep",
        "avoid"
      ]
    },
    "end_wsp": {
      "name": "elude.v.2",
      "definition": "avoid or try to avoid fulfilling, answering, or performing (duties, questions, or issues)",
      "onyms": [
        "circumvent",
        "elude",
        "parry",
        "quibble",
        "evade",
        "fudge",
        "dodge",
        "hedge",
        "duck",
        "beg",
        "skirt",
        "put_off",
        "sidestep",
        "avoid"
      ]
    }
  }
}