{
  "average_link": {
    "score": 0.0543375080106435,
    "time": 0.0004475116729736328,
    "start_wsp": {
      "name": "evoke.v.1",
      "definition": "evoke or provoke to appear or occur",
      "onyms": [
        "call_forth",
        "cause",
        "pick",
        "do",
        "kick_up",
        "make",
        "evoke",
        "provoke"
      ]
    },
    "end_wsp": {
      "name": "raise.v.14",
      "definition": "create a disturbance, especially by making a great noise",
      "onyms": [
        "raise",
        "make",
        "create"
      ]
    }
  },
  "average_vector": {
    "score": 1.0,
    "time": 10.55285358428955,
    "start_wsp": {
      "name": "evoke.v.0",
      "definition": "call forth (emotions, feelings, and responses)",
      "onyms": [
        "offend",
        "shame",
        "anger",
        "overwhelm",
        "overpower",
        "upset",
        "arouse",
        "evoke",
        "interest",
        "discompose",
        "fire",
        "shake_up",
        "rekindle",
        "untune",
        "fire_up",
        "strike_a_chord",
        "create",
        "stir",
        "disconcert",
        "wound",
        "excite",
        "touch_a_chord",
        "stir_up",
        "whelm",
        "ask_for",
        "infatuate",
        "prick",
        "overcome",
        "make",
        "provoke",
        "raise",
        "overtake",
        "injure",
        "stimulate",
        "sweep_over",
        "heat",
        "shake",
        "draw",
        "discomfit",
        "kindle",
        "inflame",
        "wake",
        "bruise",
        "hurt",
        "spite",
        "ignite",
        "invite",
        "enkindle",
        "elicit"
      ]
    },
    "end_wsp": {
      "name": "raise.v.13",
      "definition": "call forth (emotions, feelings, and responses)",
      "onyms": [
        "offend",
        "shame",
        "anger",
        "overwhelm",
        "overpower",
        "upset",
        "arouse",
        "evoke",
        "interest",
        "discompose",
        "fire",
        "shake_up",
        "rekindle",
        "untune",
        "fire_up",
        "strike_a_chord",
        "create",
        "stir",
        "disconcert",
        "wound",
        "excite",
        "touch_a_chord",
        "stir_up",
        "whelm",
        "ask_for",
        "infatuate",
        "prick",
        "overcome",
        "make",
        "provoke",
        "raise",
        "overtake",
        "injure",
        "stimulate",
        "sweep_over",
        "heat",
        "shake",
        "draw",
        "discomfit",
        "kindle",
        "inflame",
        "wake",
        "bruise",
        "hurt",
        "spite",
        "ignite",
        "invite",
        "enkindle",
        "elicit"
      ]
    }
  },
  "complete_link": {
    "score": 0.1256089061498642,
    "time": 0.00043702125549316406,
    "start_wsp": {
      "name": "evoke.v.1",
      "definition": "evoke or provoke to appear or occur",
      "onyms": [
        "call_forth",
        "cause",
        "pick",
        "do",
        "kick_up",
        "make",
        "evoke",
        "provoke"
      ]
    },
    "end_wsp": {
      "name": "raise.v.27",
      "definition": "bring (a surface or a design) into relief and cause to project",
      "onyms": [
        "raise",
        "set_off",
        "bring_out"
      ]
    }
  },
  "single_link": {
    "score": 1.0000001192092896,
    "time": 0.0004336833953857422,
    "start_wsp": {
      "name": "evoke.v.0",
      "definition": "call forth (emotions, feelings, and responses)",
      "onyms": [
        "offend",
        "shame",
        "anger",
        "overwhelm",
        "overpower",
        "upset",
        "arouse",
        "evoke",
        "interest",
        "discompose",
        "fire",
        "shake_up",
        "rekindle",
        "untune",
        "fire_up",
        "strike_a_chord",
        "create",
        "stir",
        "disconcert",
        "wound",
        "excite",
        "touch_a_chord",
        "stir_up",
        "whelm",
        "ask_for",
        "infatuate",
        "prick",
        "overcome",
        "make",
        "provoke",
        "raise",
        "overtake",
        "injure",
        "stimulate",
        "sweep_over",
        "heat",
        "shake",
        "draw",
        "discomfit",
        "kindle",
        "inflame",
        "wake",
        "bruise",
        "hurt",
        "spite",
        "ignite",
        "invite",
        "enkindle",
        "elicit"
      ]
    },
    "end_wsp": {
      "name": "raise.v.13",
      "definition": "call forth (emotions, feelings, and responses)",
      "onyms": [
        "offend",
        "shame",
        "anger",
        "overwhelm",
        "overpower",
        "upset",
        "arouse",
        "evoke",
        "interest",
        "discompose",
        "fire",
        "shake_up",
        "rekindle",
        "untune",
        "fire_up",
        "strike_a_chord",
        "create",
        "stir",
        "disconcert",
        "wound",
        "excite",
        "touch_a_chord",
        "stir_up",
        "whelm",
        "ask_for",
        "infatuate",
        "prick",
        "overcome",
        "make",
        "provoke",
        "raise",
        "overtake",
        "injure",
        "stimulate",
        "sweep_over",
        "heat",
        "shake",
        "draw",
        "discomfit",
        "kindle",
        "inflame",
        "wake",
        "bruise",
        "hurt",
        "spite",
        "ignite",
        "invite",
        "enkindle",
        "elicit"
      ]
    }
  },
  "total_vector": {
    "score": 1.0,
    "time": 9.551679372787476,
    "start_wsp": {
      "name": "evoke.v.0",
      "definition": "call forth (emotions, feelings, and responses)",
      "onyms": [
        "offend",
        "shame",
        "anger",
        "overwhelm",
        "overpower",
        "upset",
        "arouse",
        "evoke",
        "interest",
        "discompose",
        "fire",
        "shake_up",
        "rekindle",
        "untune",
        "fire_up",
        "strike_a_chord",
        "create",
        "stir",
        "disconcert",
        "wound",
        "excite",
        "touch_a_chord",
        "stir_up",
        "whelm",
        "ask_for",
        "infatuate",
        "prick",
        "overcome",
        "make",
        "provoke",
        "raise",
        "overtake",
        "injure",
        "stimulate",
        "sweep_over",
        "heat",
        "shake",
        "draw",
        "discomfit",
        "kindle",
        "inflame",
        "wake",
        "bruise",
        "hurt",
        "spite",
        "ignite",
        "invite",
        "enkindle",
        "elicit"
      ]
    },
    "end_wsp": {
      "name": "raise.v.13",
      "definition": "call forth (emotions, feelings, and responses)",
      "onyms": [
        "offend",
        "shame",
        "anger",
        "overwhelm",
        "overpower",
        "upset",
        "arouse",
        "evoke",
        "interest",
        "discompose",
        "fire",
        "shake_up",
        "rekindle",
        "untune",
        "fire_up",
        "strike_a_chord",
        "create",
        "stir",
        "disconcert",
        "wound",
        "excite",
        "touch_a_chord",
        "stir_up",
        "whelm",
        "ask_for",
        "infatuate",
        "prick",
        "overcome",
        "make",
        "provoke",
        "raise",
        "overtake",
        "injure",
        "stimulate",
        "sweep_over",
        "heat",
        "shake",
        "draw",
        "discomfit",
        "kindle",
        "inflame",
        "wake",
        "bruise",
        "hurt",
        "spite",
        "ignite",
        "invite",
        "enkindle",
        "elicit"
      ]
    }
  }
}