{
  "average_link": {
    "score": 0.04521929500857368,
    "time": 0.00042724609375,
    "start_wsp": {
      "name": "extrapolate.v.2",
      "definition": "gain knowledge of (an area not known or experienced) by extrapolating",
      "onyms": [
        "deduce",
        "derive",
        "deduct",
        "infer",
        "extrapolate"
      ]
    },
    "end_wsp": {
      "name": "estimate.v.6",
      "definition": "judge to be probable",
      "onyms": [
        "figure",
        "take_into_account",
        "pass_judgment",
        "allow",
        "forecast",
        "evaluate",
        "judge",
        "calculate",
        "estimate",
        "reckon",
        "count_on"
      ]
    }
  },
  "average_vector": {
    "score": 0.8340678811073303,
    "time": 1.3161017894744873,
    "start_wsp": {
      "name": "extrapolate.v.1",
      "definition": "estimate the value of",
      "onyms": [
        "figure",
        "cipher",
        "work_out",
        "interpolate",
        "cypher",
        "extrapolate",
        "compute",
        "calculate",
        "reckon"
      ]
    },
    "end_wsp": {
      "name": "estimate.v.5",
      "definition": "judge tentatively or form an estimate of (quantities or time)",
      "onyms": [
        "approximate",
        "quantise",
        "place",
        "cipher",
        "lowball",
        "assess",
        "underestimate",
        "give",
        "figure",
        "cypher",
        "gauge",
        "guesstimate",
        "make",
        "set",
        "calculate",
        "estimate",
        "reckon",
        "truncate",
        "guess",
        "work_out",
        "misgauge",
        "put",
        "count",
        "judge",
        "quantize",
        "compute"
      ]
    }
  },
  "complete_link": {
    "score": 0.027756888419389725,
    "time": 0.0004296302795410156,
    "start_wsp": {
      "name": "extrapolate.v.2",
      "definition": "gain knowledge of (an area not known or experienced) by extrapolating",
      "onyms": [
        "deduce",
        "derive",
        "deduct",
        "infer",
        "extrapolate"
      ]
    },
    "end_wsp": {
      "name": "estimate.n.1",
      "definition": "a judgment of the qualities of something or somebody",
      "onyms": [
        "capitalization",
        "judgment",
        "capitalisation",
        "assessment",
        "estimation",
        "appraisal",
        "judgement",
        "estimate"
      ]
    }
  },
  "single_link": {
    "score": 1.0,
    "time": 0.00040435791015625,
    "start_wsp": {
      "name": "extrapolate.v.1",
      "definition": "estimate the value of",
      "onyms": [
        "figure",
        "cipher",
        "work_out",
        "interpolate",
        "cypher",
        "extrapolate",
        "compute",
        "calculate",
        "reckon"
      ]
    },
    "end_wsp": {
      "name": "estimate.v.5",
      "definition": "judge tentatively or form an estimate of (quantities or time)",
      "onyms": [
        "approximate",
        "quantise",
        "place",
        "cipher",
        "lowball",
        "assess",
        "underestimate",
        "give",
        "figure",
        "cypher",
        "gauge",
        "guesstimate",
        "make",
        "set",
        "calculate",
        "estimate",
        "reckon",
        "truncate",
        "guess",
        "work_out",
        "misgauge",
        "put",
        "count",
        "judge",
        "quantize",
        "compute"
      ]
    }
  },
  "total_vector": {
    "score": 0.8340678811073303,
    "time": 1.30869460105896,
    "start_wsp": {
      "name": "extrapolate.v.1",
      "definition": "estimate the value of",
      "onyms": [
        "figure",
        "cipher",
        "work_out",
        "interpolate",
        "cypher",
        "extrapolate",
        "compute",
        "calculate",
        "reckon"
      ]
    },
    "end_wsp": {
      "name": "estimate.v.5",
      "definition": "judge tentatively or form an estimate of (quantities or time)",
      "onyms": [
        "approximate",
        "quantise",
        "place",
        "cipher",
        "lowball",
        "assess",
        "underestimate",
        "give",
        "figure",
        "cypher",
        "gauge",
        "guesstimate",
        "make",
        "set",
        "calculate",
        "estimate",
        "reckon",
        "truncate",
        "guess",
        "work_out",
        "misgauge",
        "put",
        "count",
        "judge",
        "quantize",
        "compute"
      ]
    }
  }
}