{
  "average_link": {
    "score": 0.08369410084560513,
    "time": 0.00029778480529785156,
    "start_wsp": {
      "name": "f.n.2",
      "definition": "the capacitance of a capacitor that has an equal and opposite charge of 1 coulomb on each plate and a voltage difference of 1 volt between the plates",
      "onyms": [
        "farad",
        "millifarad",
        "F",
        "abfarad",
        "capacitance_unit"
      ]
    },
    "end_wsp": {
      "name": "rf.n.0",
      "definition": "a substance produced by the hypothalamus that is capable of accelerating the secretion of a given hormone by the anterior pituitary gland",
      "onyms": [
        "releasing_factor",
        "factor",
        "GHRF",
        "RF",
        "growth_hormone-releasing_factor",
        "releasing_hormone"
      ]
    }
  },
  "average_vector": {
    "score": 0.29993996024131775,
    "time": 1.3338990211486816,
    "start_wsp": {
      "name": "f.n.2",
      "definition": "the capacitance of a capacitor that has an equal and opposite charge of 1 coulomb on each plate and a voltage difference of 1 volt between the plates",
      "onyms": [
        "farad",
        "millifarad",
        "F",
        "abfarad",
        "capacitance_unit"
      ]
    },
    "end_wsp": {
      "name": "rf.n.0",
      "definition": "a substance produced by the hypothalamus that is capable of accelerating the secretion of a given hormone by the anterior pituitary gland",
      "onyms": [
        "releasing_factor",
        "factor",
        "GHRF",
        "RF",
        "growth_hormone-releasing_factor",
        "releasing_hormone"
      ]
    }
  },
  "complete_link": {
    "score": 0.04637863114476204,
    "time": 0.0002989768981933594,
    "start_wsp": {
      "name": "f.n.2",
      "definition": "the capacitance of a capacitor that has an equal and opposite charge of 1 coulomb on each plate and a voltage difference of 1 volt between the plates",
      "onyms": [
        "farad",
        "millifarad",
        "F",
        "abfarad",
        "capacitance_unit"
      ]
    },
    "end_wsp": {
      "name": "rf.n.0",
      "definition": "a substance produced by the hypothalamus that is capable of accelerating the secretion of a given hormone by the anterior pituitary gland",
      "onyms": [
        "releasing_factor",
        "factor",
        "GHRF",
        "RF",
        "growth_hormone-releasing_factor",
        "releasing_hormone"
      ]
    }
  },
  "single_link": {
    "score": 1.0,
    "time": 0.000301361083984375,
    "start_wsp": {
      "name": "f.n.1",
      "definition": "a nonmetallic univalent element belonging to the halogens; usually a yellow irritating toxic flammable gas; a powerful oxidizing agent; recovered from fluorite or cryolite or fluorapatite",
      "onyms": [
        "chemical_element",
        "F",
        "fluorspar",
        "fluorapatite",
        "cryolite",
        "fluor",
        "fluorite",
        "gas",
        "atomic_number_9",
        "Greenland_spar",
        "element",
        "fluorine",
        "halogen"
      ]
    },
    "end_wsp": {
      "name": "rf.n.1",
      "definition": "a radioactive transuranic element which has been synthesized",
      "onyms": [
        "element_104",
        "chemical_element",
        "rutherfordium",
        "Rf",
        "unnilquadium",
        "element",
        "atomic_number_104",
        "Unq"
      ]
    }
  },
  "total_vector": {
    "score": 0.29993996024131775,
    "time": 1.3281753063201904,
    "start_wsp": {
      "name": "f.n.2",
      "definition": "the capacitance of a capacitor that has an equal and opposite charge of 1 coulomb on each plate and a voltage difference of 1 volt between the plates",
      "onyms": [
        "farad",
        "millifarad",
        "F",
        "abfarad",
        "capacitance_unit"
      ]
    },
    "end_wsp": {
      "name": "rf.n.0",
      "definition": "a substance produced by the hypothalamus that is capable of accelerating the secretion of a given hormone by the anterior pituitary gland",
      "onyms": [
        "releasing_factor",
        "factor",
        "GHRF",
        "RF",
        "growth_hormone-releasing_factor",
        "releasing_hormone"
      ]
    }
  }
}