{
  "average_link": {
    "score": 0.31873660534620285,
    "time": 2.7894973754882812e-05,
    "start_wsp": {
      "name": "favorable.a.0",
      "definition": "encouraging or approving or pleasing",
      "onyms": [
        "favorable",
        "favourable"
      ]
    },
    "end_wsp": {
      "name": "affirmative.s.2",
      "definition": "expecting the best",
      "onyms": [
        "optimistic",
        "affirmative"
      ]
    }
  },
  "average_vector": {
    "score": 0.41987061500549316,
    "time": 13.161353588104248,
    "start_wsp": {
      "name": "favorable.a.0",
      "definition": "encouraging or approving or pleasing",
      "onyms": [
        "favorable",
        "favourable"
      ]
    },
    "end_wsp": {
      "name": "affirmative.s.2",
      "definition": "expecting the best",
      "onyms": [
        "optimistic",
        "affirmative"
      ]
    }
  },
  "complete_link": {
    "score": 0.2119278758764267,
    "time": 2.574920654296875e-05,
    "start_wsp": {
      "name": "favorable.a.0",
      "definition": "encouraging or approving or pleasing",
      "onyms": [
        "favorable",
        "favourable"
      ]
    },
    "end_wsp": {
      "name": "affirmative.a.1",
      "definition": "affirming or giving assent",
      "onyms": [
        "affirmatory",
        "affirmative"
      ]
    }
  },
  "single_link": {
    "score": 0.425545334815979,
    "time": 2.47955322265625e-05,
    "start_wsp": {
      "name": "favorable.a.0",
      "definition": "encouraging or approving or pleasing",
      "onyms": [
        "favorable",
        "favourable"
      ]
    },
    "end_wsp": {
      "name": "affirmative.s.2",
      "definition": "expecting the best",
      "onyms": [
        "optimistic",
        "affirmative"
      ]
    }
  },
  "total_vector": {
    "score": 0.41987061500549316,
    "time": 12.736740112304688,
    "start_wsp": {
      "name": "favorable.a.0",
      "definition": "encouraging or approving or pleasing",
      "onyms": [
        "favorable",
        "favourable"
      ]
    },
    "end_wsp": {
      "name": "affirmative.s.2",
      "definition": "expecting the best",
      "onyms": [
        "optimistic",
        "affirmative"
      ]
    }
  }
}