{
  "average_link": {
    "score": 0.19835171103477478,
    "time": 6.246566772460938e-05,
    "start_wsp": {
      "name": "fertile.a.0",
      "definition": "capable of reproducing",
      "onyms": [
        "fertile"
      ]
    },
    "end_wsp": {
      "name": "impregnable.s.1",
      "definition": "capable of conceiving",
      "onyms": [
        "impregnable",
        "conceptive"
      ]
    }
  },
  "average_vector": {
    "score": 0.292241632938385,
    "time": 1.3855798244476318,
    "start_wsp": {
      "name": "fertile.s.1",
      "definition": "intellectually productive",
      "onyms": [
        "fertile",
        "fecund",
        "prolific"
      ]
    },
    "end_wsp": {
      "name": "impregnable.s.0",
      "definition": "immune to attack; incapable of being tampered with",
      "onyms": [
        "unassailable",
        "secure",
        "inviolable",
        "impregnable",
        "strong",
        "unattackable"
      ]
    }
  },
  "complete_link": {
    "score": 0.19835171103477478,
    "time": 5.9604644775390625e-05,
    "start_wsp": {
      "name": "fertile.a.0",
      "definition": "capable of reproducing",
      "onyms": [
        "fertile"
      ]
    },
    "end_wsp": {
      "name": "impregnable.s.1",
      "definition": "capable of conceiving",
      "onyms": [
        "impregnable",
        "conceptive"
      ]
    }
  },
  "single_link": {
    "score": 0.27995234727859497,
    "time": 5.7220458984375e-05,
    "start_wsp": {
      "name": "fertile.s.3",
      "definition": "marked by great fruitfulness",
      "onyms": [
        "fat",
        "rich",
        "fertile",
        "productive"
      ]
    },
    "end_wsp": {
      "name": "impregnable.s.0",
      "definition": "immune to attack; incapable of being tampered with",
      "onyms": [
        "unassailable",
        "secure",
        "inviolable",
        "impregnable",
        "strong",
        "unattackable"
      ]
    }
  },
  "total_vector": {
    "score": 0.2922416627407074,
    "time": 1.395622730255127,
    "start_wsp": {
      "name": "fertile.s.1",
      "definition": "intellectually productive",
      "onyms": [
        "fertile",
        "fecund",
        "prolific"
      ]
    },
    "end_wsp": {
      "name": "impregnable.s.0",
      "definition": "immune to attack; incapable of being tampered with",
      "onyms": [
        "unassailable",
        "secure",
        "inviolable",
        "impregnable",
        "strong",
        "unattackable"
      ]
    }
  }
}