{
  "average_link": {
    "score": 0.10178690031170845,
    "time": 0.0002827644348144531,
    "start_wsp": {
      "name": "fields.n.16",
      "definition": "the area that is visible (as through an optical instrument)",
      "onyms": [
        "field_of_view",
        "visual_percept",
        "operative_field",
        "visual_image",
        "field",
        "microscopic_field"
      ]
    },
    "end_wsp": {
      "name": "indexed.v.0",
      "definition": "list in an index",
      "onyms": [
        "list",
        "cross-index",
        "index"
      ]
    }
  },
  "average_vector": {
    "score": 0.3731571435928345,
    "time": 1.4074740409851074,
    "start_wsp": {
      "name": "fields.v.21",
      "definition": "select (a team or individual player) for a game",
      "onyms": [
        "select",
        "take",
        "field",
        "choose",
        "pick_out"
      ]
    },
    "end_wsp": {
      "name": "indexed.v.2",
      "definition": "adjust through indexation",
      "onyms": [
        "influence",
        "regulate",
        "determine",
        "mold",
        "shape",
        "index"
      ]
    }
  },
  "complete_link": {
    "score": 0.08134114742279053,
    "time": 0.000293731689453125,
    "start_wsp": {
      "name": "fields.n.16",
      "definition": "the area that is visible (as through an optical instrument)",
      "onyms": [
        "field_of_view",
        "visual_percept",
        "operative_field",
        "visual_image",
        "field",
        "microscopic_field"
      ]
    },
    "end_wsp": {
      "name": "indexed.v.0",
      "definition": "list in an index",
      "onyms": [
        "list",
        "cross-index",
        "index"
      ]
    }
  },
  "single_link": {
    "score": 0.3735734820365906,
    "time": 0.00024175643920898438,
    "start_wsp": {
      "name": "fields.n.5",
      "definition": "the space around a radiating body within which its electromagnetic oscillations can exert force on another similar body not in contact with it",
      "onyms": [
        "force_field",
        "flux",
        "field_of_force",
        "magnetic_field",
        "field",
        "magnetic_flux",
        "gravitational_field",
        "electric_field",
        "radiation_field",
        "physical_phenomenon"
      ]
    },
    "end_wsp": {
      "name": "indexed.v.2",
      "definition": "adjust through indexation",
      "onyms": [
        "influence",
        "regulate",
        "determine",
        "mold",
        "shape",
        "index"
      ]
    }
  },
  "total_vector": {
    "score": 0.3731571435928345,
    "time": 1.4081387519836426,
    "start_wsp": {
      "name": "fields.v.21",
      "definition": "select (a team or individual player) for a game",
      "onyms": [
        "select",
        "take",
        "field",
        "choose",
        "pick_out"
      ]
    },
    "end_wsp": {
      "name": "indexed.v.2",
      "definition": "adjust through indexation",
      "onyms": [
        "influence",
        "regulate",
        "determine",
        "mold",
        "shape",
        "index"
      ]
    }
  }
}