{
  "average_link": {
    "score": 0.14224516289929548,
    "time": 0.00023627281188964844,
    "start_wsp": {
      "name": "fill.v.8",
      "definition": "eat until one is sated",
      "onyms": [
        "fill",
        "fill_up",
        "eat"
      ]
    },
    "end_wsp": {
      "name": "enough.n.0",
      "definition": "an adequate quantity; a quantity that is large enough to achieve a purpose",
      "onyms": [
        "relative_quantity",
        "fill",
        "sufficiency",
        "enough"
      ]
    }
  },
  "average_vector": {
    "score": 1.0,
    "time": 2.651198148727417,
    "start_wsp": {
      "name": "fill.n.0",
      "definition": "a quantity sufficient to satisfy",
      "onyms": [
        "enough",
        "sufficiency",
        "fill"
      ]
    },
    "end_wsp": {
      "name": "enough.n.0",
      "definition": "an adequate quantity; a quantity that is large enough to achieve a purpose",
      "onyms": [
        "relative_quantity",
        "fill",
        "sufficiency",
        "enough"
      ]
    }
  },
  "complete_link": {
    "score": 0.16428616642951965,
    "time": 0.0002593994140625,
    "start_wsp": {
      "name": "fill.v.8",
      "definition": "eat until one is sated",
      "onyms": [
        "fill",
        "fill_up",
        "eat"
      ]
    },
    "end_wsp": {
      "name": "enough.r.2",
      "definition": "as much as necessary; ; (`plenty' is nonstandard)",
      "onyms": [
        "plenty",
        "enough"
      ]
    }
  },
  "single_link": {
    "score": 1.0,
    "time": 0.00021910667419433594,
    "start_wsp": {
      "name": "fill.n.0",
      "definition": "a quantity sufficient to satisfy",
      "onyms": [
        "enough",
        "sufficiency",
        "fill"
      ]
    },
    "end_wsp": {
      "name": "enough.n.0",
      "definition": "an adequate quantity; a quantity that is large enough to achieve a purpose",
      "onyms": [
        "relative_quantity",
        "fill",
        "sufficiency",
        "enough"
      ]
    }
  },
  "total_vector": {
    "score": 1.0,
    "time": 2.9209916591644287,
    "start_wsp": {
      "name": "fill.n.0",
      "definition": "a quantity sufficient to satisfy",
      "onyms": [
        "enough",
        "sufficiency",
        "fill"
      ]
    },
    "end_wsp": {
      "name": "enough.n.0",
      "definition": "an adequate quantity; a quantity that is large enough to achieve a purpose",
      "onyms": [
        "relative_quantity",
        "fill",
        "sufficiency",
        "enough"
      ]
    }
  }
}