{
  "average_link": {
    "score": 0.22409296967089176,
    "time": 0.00012564659118652344,
    "start_wsp": {
      "name": "fissure.v.3",
      "definition": "break into fissures or fine cracks",
      "onyms": [
        "fissure",
        "crack"
      ]
    },
    "end_wsp": {
      "name": "crack.v.17",
      "definition": "gain unauthorized access computers with malicious intentions",
      "onyms": [
        "crack",
        "break_in",
        "break"
      ]
    }
  },
  "average_vector": {
    "score": 1.0,
    "time": 1.4995036125183105,
    "start_wsp": {
      "name": "fissure.n.0",
      "definition": "a long narrow depression in a surface",
      "onyms": [
        "cranny",
        "imprint",
        "impression",
        "fissure",
        "crevice",
        "depression",
        "chap",
        "crack"
      ]
    },
    "end_wsp": {
      "name": "crack.n.2",
      "definition": "a long narrow depression in a surface",
      "onyms": [
        "cranny",
        "imprint",
        "impression",
        "fissure",
        "crevice",
        "depression",
        "chap",
        "crack"
      ]
    }
  },
  "complete_link": {
    "score": 0.10247674584388733,
    "time": 0.0001227855682373047,
    "start_wsp": {
      "name": "fissure.v.3",
      "definition": "break into fissures or fine cracks",
      "onyms": [
        "fissure",
        "crack"
      ]
    },
    "end_wsp": {
      "name": "crack.v.17",
      "definition": "gain unauthorized access computers with malicious intentions",
      "onyms": [
        "crack",
        "break_in",
        "break"
      ]
    }
  },
  "single_link": {
    "score": 1.0,
    "time": 0.0001220703125,
    "start_wsp": {
      "name": "fissure.n.0",
      "definition": "a long narrow depression in a surface",
      "onyms": [
        "cranny",
        "imprint",
        "impression",
        "fissure",
        "crevice",
        "depression",
        "chap",
        "crack"
      ]
    },
    "end_wsp": {
      "name": "crack.n.0",
      "definition": "a long narrow opening",
      "onyms": [
        "chink",
        "geological_fault",
        "gap",
        "crevice",
        "break",
        "fatigue_crack",
        "crevasse",
        "crack",
        "faulting",
        "fissure",
        "slit",
        "fault",
        "rift",
        "opening",
        "cleft",
        "scissure",
        "shift",
        "chap",
        "split",
        "vent",
        "volcano",
        "fracture"
      ]
    }
  },
  "total_vector": {
    "score": 1.0,
    "time": 1.4813957214355469,
    "start_wsp": {
      "name": "fissure.n.0",
      "definition": "a long narrow depression in a surface",
      "onyms": [
        "cranny",
        "imprint",
        "impression",
        "fissure",
        "crevice",
        "depression",
        "chap",
        "crack"
      ]
    },
    "end_wsp": {
      "name": "crack.n.2",
      "definition": "a long narrow depression in a surface",
      "onyms": [
        "cranny",
        "imprint",
        "impression",
        "fissure",
        "crevice",
        "depression",
        "chap",
        "crack"
      ]
    }
  }
}