{
  "average_link": {
    "score": 0.19575618593781083,
    "time": 0.00019550323486328125,
    "start_wsp": {
      "name": "forfeiture.n.1",
      "definition": "a penalty for a fault or mistake that involves losing or giving up something",
      "onyms": [
        "penalty",
        "forfeiture",
        "forfeit"
      ]
    },
    "end_wsp": {
      "name": "forfeit.n.1",
      "definition": "a penalty for a fault or mistake that involves losing or giving up something",
      "onyms": [
        "penalty",
        "forfeiture",
        "forfeit"
      ]
    }
  },
  "average_vector": {
    "score": 1.0,
    "time": 10.787446737289429,
    "start_wsp": {
      "name": "forfeiture.n.0",
      "definition": "something that is lost or surrendered as a penalty",
      "onyms": [
        "loss",
        "forfeiture",
        "forfeit"
      ]
    },
    "end_wsp": {
      "name": "forfeit.n.0",
      "definition": "something that is lost or surrendered as a penalty",
      "onyms": [
        "loss",
        "forfeiture",
        "forfeit"
      ]
    }
  },
  "complete_link": {
    "score": 0.25649839639663696,
    "time": 0.00019288063049316406,
    "start_wsp": {
      "name": "forfeiture.n.1",
      "definition": "a penalty for a fault or mistake that involves losing or giving up something",
      "onyms": [
        "penalty",
        "forfeiture",
        "forfeit"
      ]
    },
    "end_wsp": {
      "name": "forfeit.n.1",
      "definition": "a penalty for a fault or mistake that involves losing or giving up something",
      "onyms": [
        "penalty",
        "forfeiture",
        "forfeit"
      ]
    }
  },
  "single_link": {
    "score": 1.0,
    "time": 0.00018739700317382812,
    "start_wsp": {
      "name": "forfeiture.n.0",
      "definition": "something that is lost or surrendered as a penalty",
      "onyms": [
        "loss",
        "forfeiture",
        "forfeit"
      ]
    },
    "end_wsp": {
      "name": "forfeit.n.0",
      "definition": "something that is lost or surrendered as a penalty",
      "onyms": [
        "loss",
        "forfeiture",
        "forfeit"
      ]
    }
  },
  "total_vector": {
    "score": 1.0,
    "time": 9.765485763549805,
    "start_wsp": {
      "name": "forfeiture.n.0",
      "definition": "something that is lost or surrendered as a penalty",
      "onyms": [
        "loss",
        "forfeiture",
        "forfeit"
      ]
    },
    "end_wsp": {
      "name": "forfeit.n.0",
      "definition": "something that is lost or surrendered as a penalty",
      "onyms": [
        "loss",
        "forfeiture",
        "forfeit"
      ]
    }
  }
}