{
  "average_link": {
    "score": 0.430250757932663,
    "time": 3.123283386230469e-05,
    "start_wsp": {
      "name": "fortissimo.s.1",
      "definition": "chiefly a direction or description in music",
      "onyms": [
        "fortissimo"
      ]
    },
    "end_wsp": {
      "name": "forte.n.1",
      "definition": "(music) loud",
      "onyms": [
        "forte",
        "volume",
        "intensity",
        "fortissimo",
        "loudness"
      ]
    }
  },
  "average_vector": {
    "score": 1.0,
    "time": 11.018063068389893,
    "start_wsp": {
      "name": "fortissimo.n.0",
      "definition": "(music) loud",
      "onyms": [
        "forte",
        "volume",
        "intensity",
        "fortissimo",
        "loudness"
      ]
    },
    "end_wsp": {
      "name": "forte.n.1",
      "definition": "(music) loud",
      "onyms": [
        "forte",
        "volume",
        "intensity",
        "fortissimo",
        "loudness"
      ]
    }
  },
  "complete_link": {
    "score": 0.17003312706947327,
    "time": 3.075599670410156e-05,
    "start_wsp": {
      "name": "fortissimo.s.1",
      "definition": "chiefly a direction or description in music",
      "onyms": [
        "fortissimo"
      ]
    },
    "end_wsp": {
      "name": "forte.n.1",
      "definition": "(music) loud",
      "onyms": [
        "forte",
        "volume",
        "intensity",
        "fortissimo",
        "loudness"
      ]
    }
  },
  "single_link": {
    "score": 1.0,
    "time": 2.956390380859375e-05,
    "start_wsp": {
      "name": "fortissimo.n.0",
      "definition": "(music) loud",
      "onyms": [
        "forte",
        "volume",
        "intensity",
        "fortissimo",
        "loudness"
      ]
    },
    "end_wsp": {
      "name": "forte.n.1",
      "definition": "(music) loud",
      "onyms": [
        "forte",
        "volume",
        "intensity",
        "fortissimo",
        "loudness"
      ]
    }
  },
  "total_vector": {
    "score": 1.0,
    "time": 12.838562726974487,
    "start_wsp": {
      "name": "fortissimo.n.0",
      "definition": "(music) loud",
      "onyms": [
        "forte",
        "volume",
        "intensity",
        "fortissimo",
        "loudness"
      ]
    },
    "end_wsp": {
      "name": "forte.n.1",
      "definition": "(music) loud",
      "onyms": [
        "forte",
        "volume",
        "intensity",
        "fortissimo",
        "loudness"
      ]
    }
  }
}