{
  "average_link": {
    "score": 0.062456882456317545,
    "time": 0.0002620220184326172,
    "start_wsp": {
      "name": "forwarding.n.0",
      "definition": "the act of sending on to another destination",
      "onyms": [
        "transmission",
        "transmittal",
        "transmitting",
        "referral",
        "forwarding"
      ]
    },
    "end_wsp": {
      "name": "transmission.n.0",
      "definition": "the act of sending a message; causing a message to be transmitted",
      "onyms": [
        "telephotography",
        "sending",
        "posting",
        "transmission",
        "transmittal",
        "transmitting",
        "mailing",
        "forwarding"
      ]
    }
  },
  "average_vector": {
    "score": 0.8797788619995117,
    "time": 1.3461980819702148,
    "start_wsp": {
      "name": "forwarding.n.0",
      "definition": "the act of sending on to another destination",
      "onyms": [
        "transmission",
        "transmittal",
        "transmitting",
        "referral",
        "forwarding"
      ]
    },
    "end_wsp": {
      "name": "transmission.n.0",
      "definition": "the act of sending a message; causing a message to be transmitted",
      "onyms": [
        "telephotography",
        "sending",
        "posting",
        "transmission",
        "transmittal",
        "transmitting",
        "mailing",
        "forwarding"
      ]
    }
  },
  "complete_link": {
    "score": 0.026467405259609222,
    "time": 0.00030922889709472656,
    "start_wsp": {
      "name": "forwarding.n.0",
      "definition": "the act of sending on to another destination",
      "onyms": [
        "transmission",
        "transmittal",
        "transmitting",
        "referral",
        "forwarding"
      ]
    },
    "end_wsp": {
      "name": "transmission.n.3",
      "definition": "an incident in which an infectious disease is transmitted",
      "onyms": [
        "incident",
        "transmission",
        "infection",
        "contagion"
      ]
    }
  },
  "single_link": {
    "score": 1.0,
    "time": 0.0002982616424560547,
    "start_wsp": {
      "name": "forwarding.n.0",
      "definition": "the act of sending on to another destination",
      "onyms": [
        "transmission",
        "transmittal",
        "transmitting",
        "referral",
        "forwarding"
      ]
    },
    "end_wsp": {
      "name": "transmission.n.0",
      "definition": "the act of sending a message; causing a message to be transmitted",
      "onyms": [
        "telephotography",
        "sending",
        "posting",
        "transmission",
        "transmittal",
        "transmitting",
        "mailing",
        "forwarding"
      ]
    }
  },
  "total_vector": {
    "score": 0.8797788619995117,
    "time": 1.3570482730865479,
    "start_wsp": {
      "name": "forwarding.n.0",
      "definition": "the act of sending on to another destination",
      "onyms": [
        "transmission",
        "transmittal",
        "transmitting",
        "referral",
        "forwarding"
      ]
    },
    "end_wsp": {
      "name": "transmission.n.0",
      "definition": "the act of sending a message; causing a message to be transmitted",
      "onyms": [
        "telephotography",
        "sending",
        "posting",
        "transmission",
        "transmittal",
        "transmitting",
        "mailing",
        "forwarding"
      ]
    }
  }
}