{
  "average_link": {
    "score": 0.165859089021317,
    "time": 0.0003790855407714844,
    "start_wsp": {
      "name": "fourth.n.2",
      "definition": "the musical interval between one note and another four notes away from it",
      "onyms": [
        "interval",
        "fourth",
        "musical_interval"
      ]
    },
    "end_wsp": {
      "name": "interval.n.3",
      "definition": "the difference in pitch between two notes",
      "onyms": [
        "half_step",
        "seventh",
        "quarter_tone",
        "tone",
        "third",
        "fifth",
        "whole_tone",
        "quarter-tone",
        "musical_octave",
        "step",
        "octave",
        "musical_interval",
        "whole_step",
        "interval",
        "fourth",
        "musical_notation",
        "sixth",
        "semitone"
      ]
    }
  },
  "average_vector": {
    "score": 0.7694520950317383,
    "time": 2.6635961532592773,
    "start_wsp": {
      "name": "fourth.n.2",
      "definition": "the musical interval between one note and another four notes away from it",
      "onyms": [
        "interval",
        "fourth",
        "musical_interval"
      ]
    },
    "end_wsp": {
      "name": "interval.n.1",
      "definition": "a set containing all points (or all real numbers) between two given endpoints",
      "onyms": [
        "open_interval",
        "sub-interval",
        "closed_interval",
        "unbounded_interval",
        "set",
        "interval",
        "bounded_interval"
      ]
    }
  },
  "complete_link": {
    "score": 0.11089575290679932,
    "time": 0.00030684471130371094,
    "start_wsp": {
      "name": "fourth.n.1",
      "definition": "one of four equal parts",
      "onyms": [
        "twenty-five_percent",
        "quartern",
        "one-quarter",
        "fourth_part",
        "quarter",
        "one-fourth",
        "fourth",
        "common_fraction",
        "simple_fraction"
      ]
    },
    "end_wsp": {
      "name": "interval.n.1",
      "definition": "a set containing all points (or all real numbers) between two given endpoints",
      "onyms": [
        "open_interval",
        "sub-interval",
        "closed_interval",
        "unbounded_interval",
        "set",
        "interval",
        "bounded_interval"
      ]
    }
  },
  "single_link": {
    "score": 1.0,
    "time": 0.0003101825714111328,
    "start_wsp": {
      "name": "fourth.n.0",
      "definition": "following the third position; number four in a countable series",
      "onyms": [
        "fourth",
        "rank"
      ]
    },
    "end_wsp": {
      "name": "interval.n.3",
      "definition": "the difference in pitch between two notes",
      "onyms": [
        "half_step",
        "seventh",
        "quarter_tone",
        "tone",
        "third",
        "fifth",
        "whole_tone",
        "quarter-tone",
        "musical_octave",
        "step",
        "octave",
        "musical_interval",
        "whole_step",
        "interval",
        "fourth",
        "musical_notation",
        "sixth",
        "semitone"
      ]
    }
  },
  "total_vector": {
    "score": 0.7694520950317383,
    "time": 2.811619520187378,
    "start_wsp": {
      "name": "fourth.n.2",
      "definition": "the musical interval between one note and another four notes away from it",
      "onyms": [
        "interval",
        "fourth",
        "musical_interval"
      ]
    },
    "end_wsp": {
      "name": "interval.n.1",
      "definition": "a set containing all points (or all real numbers) between two given endpoints",
      "onyms": [
        "open_interval",
        "sub-interval",
        "closed_interval",
        "unbounded_interval",
        "set",
        "interval",
        "bounded_interval"
      ]
    }
  }
}