{
  "average_link": {
    "score": 0.5328019261360168,
    "time": 5.078315734863281e-05,
    "start_wsp": {
      "name": "fucking.r.3",
      "definition": "intensifier, very colloquial",
      "onyms": [
        "fucking"
      ]
    },
    "end_wsp": {
      "name": "bloody.r.3",
      "definition": "extremely",
      "onyms": [
        "all-fired",
        "damn",
        "bloody"
      ]
    }
  },
  "average_vector": {
    "score": 1.0,
    "time": 1.2947614192962646,
    "start_wsp": {
      "name": "fucking.s.2",
      "definition": "informal intensifiers",
      "onyms": [
        "bally",
        "flaming",
        "bloody",
        "fucking",
        "crashing",
        "blinking",
        "blooming"
      ]
    },
    "end_wsp": {
      "name": "bloody.s.2",
      "definition": "informal intensifiers",
      "onyms": [
        "bally",
        "flaming",
        "bloody",
        "fucking",
        "crashing",
        "blinking",
        "blooming"
      ]
    }
  },
  "complete_link": {
    "score": 0.35308200120925903,
    "time": 2.765655517578125e-05,
    "start_wsp": {
      "name": "fucking.r.3",
      "definition": "intensifier, very colloquial",
      "onyms": [
        "fucking"
      ]
    },
    "end_wsp": {
      "name": "bloody.a.1",
      "definition": "having or covered with or accompanied by blood",
      "onyms": [
        "bloody"
      ]
    }
  },
  "single_link": {
    "score": 1.0,
    "time": 2.765655517578125e-05,
    "start_wsp": {
      "name": "fucking.n.0",
      "definition": "slang for sexual intercourse",
      "onyms": [
        "copulation",
        "piece_of_ass",
        "ass",
        "intercourse",
        "congress",
        "coition",
        "carnal_knowledge",
        "screw",
        "relation",
        "nooky",
        "sexual_intercourse",
        "roll_in_the_hay",
        "nookie",
        "coitus",
        "fuck",
        "sexual_relation",
        "shtup",
        "sex_act",
        "sexual_congress",
        "fucking",
        "shag",
        "piece_of_tail",
        "screwing"
      ]
    },
    "end_wsp": {
      "name": "bloody.s.2",
      "definition": "informal intensifiers",
      "onyms": [
        "bally",
        "flaming",
        "bloody",
        "fucking",
        "crashing",
        "blinking",
        "blooming"
      ]
    }
  },
  "total_vector": {
    "score": 1.0,
    "time": 1.2927756309509277,
    "start_wsp": {
      "name": "fucking.s.2",
      "definition": "informal intensifiers",
      "onyms": [
        "bally",
        "flaming",
        "bloody",
        "fucking",
        "crashing",
        "blinking",
        "blooming"
      ]
    },
    "end_wsp": {
      "name": "bloody.s.2",
      "definition": "informal intensifiers",
      "onyms": [
        "bally",
        "flaming",
        "bloody",
        "fucking",
        "crashing",
        "blinking",
        "blooming"
      ]
    }
  }
}