{
  "average_link": {
    "score": 0.36033808439970016,
    "time": 5.8650970458984375e-05,
    "start_wsp": {
      "name": "fueled.v.2",
      "definition": "take in fuel, as of a ship",
      "onyms": [
        "refuel",
        "fuel",
        "take_in",
        "take_up"
      ]
    },
    "end_wsp": {
      "name": "fuel.v.3",
      "definition": "take in fuel, as of a ship",
      "onyms": [
        "refuel",
        "fuel",
        "take_in",
        "take_up"
      ]
    }
  },
  "average_vector": {
    "score": 1.0,
    "time": 5.245939016342163,
    "start_wsp": {
      "name": "fueled.v.0",
      "definition": "provide with a combustible substance that provides energy",
      "onyms": [
        "render",
        "provide",
        "furnish",
        "refuel",
        "bunker",
        "fuel",
        "gas_up",
        "supply"
      ]
    },
    "end_wsp": {
      "name": "fuel.v.1",
      "definition": "provide with a combustible substance that provides energy",
      "onyms": [
        "render",
        "provide",
        "furnish",
        "refuel",
        "bunker",
        "fuel",
        "gas_up",
        "supply"
      ]
    }
  },
  "complete_link": {
    "score": 0.44135236740112305,
    "time": 5.626678466796875e-05,
    "start_wsp": {
      "name": "fueled.v.2",
      "definition": "take in fuel, as of a ship",
      "onyms": [
        "refuel",
        "fuel",
        "take_in",
        "take_up"
      ]
    },
    "end_wsp": {
      "name": "fuel.v.3",
      "definition": "take in fuel, as of a ship",
      "onyms": [
        "refuel",
        "fuel",
        "take_in",
        "take_up"
      ]
    }
  },
  "single_link": {
    "score": 1.0000001192092896,
    "time": 5.340576171875e-05,
    "start_wsp": {
      "name": "fueled.v.0",
      "definition": "provide with a combustible substance that provides energy",
      "onyms": [
        "render",
        "provide",
        "furnish",
        "refuel",
        "bunker",
        "fuel",
        "gas_up",
        "supply"
      ]
    },
    "end_wsp": {
      "name": "fuel.v.1",
      "definition": "provide with a combustible substance that provides energy",
      "onyms": [
        "render",
        "provide",
        "furnish",
        "refuel",
        "bunker",
        "fuel",
        "gas_up",
        "supply"
      ]
    }
  },
  "total_vector": {
    "score": 1.0,
    "time": 5.189240217208862,
    "start_wsp": {
      "name": "fueled.v.0",
      "definition": "provide with a combustible substance that provides energy",
      "onyms": [
        "render",
        "provide",
        "furnish",
        "refuel",
        "bunker",
        "fuel",
        "gas_up",
        "supply"
      ]
    },
    "end_wsp": {
      "name": "fuel.v.1",
      "definition": "provide with a combustible substance that provides energy",
      "onyms": [
        "render",
        "provide",
        "furnish",
        "refuel",
        "bunker",
        "fuel",
        "gas_up",
        "supply"
      ]
    }
  }
}