{
  "average_link": {
    "score": 0.15551601957391809,
    "time": 7.724761962890625e-05,
    "start_wsp": {
      "name": "galled.v.1",
      "definition": "irritate or vex",
      "onyms": [
        "irk",
        "gall",
        "anger"
      ]
    },
    "end_wsp": {
      "name": "gall.v.7",
      "definition": "irritate or vex",
      "onyms": [
        "irk",
        "gall",
        "anger"
      ]
    }
  },
  "average_vector": {
    "score": 1.0,
    "time": 1.3349034786224365,
    "start_wsp": {
      "name": "galled.v.0",
      "definition": "become or make sore by or as if by rubbing",
      "onyms": [
        "chafe",
        "fret",
        "gall",
        "irritate"
      ]
    },
    "end_wsp": {
      "name": "gall.v.6",
      "definition": "become or make sore by or as if by rubbing",
      "onyms": [
        "chafe",
        "fret",
        "gall",
        "irritate"
      ]
    }
  },
  "complete_link": {
    "score": 0.21161292493343353,
    "time": 7.82012939453125e-05,
    "start_wsp": {
      "name": "galled.s.2",
      "definition": "painful from having the skin abraded",
      "onyms": [
        "galled",
        "chafed"
      ]
    },
    "end_wsp": {
      "name": "gall.n.0",
      "definition": "an open sore on the back of a horse caused by ill-fitting or badly adjusted saddle",
      "onyms": [
        "gall",
        "animal_disease",
        "saddle_sore"
      ]
    }
  },
  "single_link": {
    "score": 1.0,
    "time": 7.462501525878906e-05,
    "start_wsp": {
      "name": "galled.v.0",
      "definition": "become or make sore by or as if by rubbing",
      "onyms": [
        "chafe",
        "fret",
        "gall",
        "irritate"
      ]
    },
    "end_wsp": {
      "name": "gall.n.0",
      "definition": "an open sore on the back of a horse caused by ill-fitting or badly adjusted saddle",
      "onyms": [
        "gall",
        "animal_disease",
        "saddle_sore"
      ]
    }
  },
  "total_vector": {
    "score": 1.0,
    "time": 1.3221945762634277,
    "start_wsp": {
      "name": "galled.v.0",
      "definition": "become or make sore by or as if by rubbing",
      "onyms": [
        "chafe",
        "fret",
        "gall",
        "irritate"
      ]
    },
    "end_wsp": {
      "name": "gall.v.6",
      "definition": "become or make sore by or as if by rubbing",
      "onyms": [
        "chafe",
        "fret",
        "gall",
        "irritate"
      ]
    }
  }
}