{
  "average_link": {
    "score": 0.09682148505770971,
    "time": 0.0005435943603515625,
    "start_wsp": {
      "name": "gamey.s.1",
      "definition": "(used of the smell of meat) smelling spoiled or tainted",
      "onyms": [
        "high",
        "gamy",
        "gamey"
      ]
    },
    "end_wsp": {
      "name": "game.s.13",
      "definition": "willing to face danger",
      "onyms": [
        "game",
        "gamy",
        "gamey",
        "spunky",
        "spirited",
        "mettlesome",
        "gritty"
      ]
    }
  },
  "average_vector": {
    "score": 1.0,
    "time": 1.3212928771972656,
    "start_wsp": {
      "name": "gamey.s.2",
      "definition": "willing to face danger",
      "onyms": [
        "game",
        "gamy",
        "gamey",
        "spunky",
        "spirited",
        "mettlesome",
        "gritty"
      ]
    },
    "end_wsp": {
      "name": "game.s.13",
      "definition": "willing to face danger",
      "onyms": [
        "game",
        "gamy",
        "gamey",
        "spunky",
        "spirited",
        "mettlesome",
        "gritty"
      ]
    }
  },
  "complete_link": {
    "score": 0.05526269972324371,
    "time": 0.0005271434783935547,
    "start_wsp": {
      "name": "gamey.s.2",
      "definition": "willing to face danger",
      "onyms": [
        "game",
        "gamy",
        "gamey",
        "spunky",
        "spirited",
        "mettlesome",
        "gritty"
      ]
    },
    "end_wsp": {
      "name": "game.s.13",
      "definition": "willing to face danger",
      "onyms": [
        "game",
        "gamy",
        "gamey",
        "spunky",
        "spirited",
        "mettlesome",
        "gritty"
      ]
    }
  },
  "single_link": {
    "score": 1.0,
    "time": 0.00048089027404785156,
    "start_wsp": {
      "name": "gamey.s.0",
      "definition": "suggestive of sexual impropriety",
      "onyms": [
        "gamy",
        "naughty",
        "spicy",
        "gamey",
        "racy",
        "juicy",
        "risque",
        "blue"
      ]
    },
    "end_wsp": {
      "name": "game.s.13",
      "definition": "willing to face danger",
      "onyms": [
        "game",
        "gamy",
        "gamey",
        "spunky",
        "spirited",
        "mettlesome",
        "gritty"
      ]
    }
  },
  "total_vector": {
    "score": 1.0,
    "time": 1.3448913097381592,
    "start_wsp": {
      "name": "gamey.s.2",
      "definition": "willing to face danger",
      "onyms": [
        "game",
        "gamy",
        "gamey",
        "spunky",
        "spirited",
        "mettlesome",
        "gritty"
      ]
    },
    "end_wsp": {
      "name": "game.s.13",
      "definition": "willing to face danger",
      "onyms": [
        "game",
        "gamy",
        "gamey",
        "spunky",
        "spirited",
        "mettlesome",
        "gritty"
      ]
    }
  }
}