{
  "average_link": {
    "score": 0.044134230564602396,
    "time": 0.00034880638122558594,
    "start_wsp": {
      "name": "garden.v.3",
      "definition": "work in the garden",
      "onyms": [
        "landscape",
        "tend",
        "garden"
      ]
    },
    "end_wsp": {
      "name": "area.n.5",
      "definition": "the extent of a 2-dimensional surface enclosed within a boundary",
      "onyms": [
        "baulk",
        "land_area",
        "plane_section",
        "blank_space",
        "section",
        "surface_area",
        "area",
        "balk",
        "footprint",
        "place",
        "erasure",
        "space",
        "extent",
        "expanse",
        "acreage"
      ]
    }
  },
  "average_vector": {
    "score": 0.6998524069786072,
    "time": 1.303795576095581,
    "start_wsp": {
      "name": "garden.n.2",
      "definition": "a yard or lawn adjoining a house",
      "onyms": [
        "yard",
        "terrace",
        "grounds",
        "curtilage",
        "patio",
        "garden"
      ]
    },
    "end_wsp": {
      "name": "area.n.4",
      "definition": "a part of a structure having some specific characteristic or function",
      "onyms": [
        "pull-off",
        "bema",
        "nave",
        "lay-by",
        "quad",
        "upper_balcony",
        "pit",
        "aisle",
        "panopticon",
        "threshing_floor",
        "peanut_gallery",
        "breakfast_nook",
        "turnaround",
        "structure",
        "bullpen",
        "enclosure",
        "patio",
        "quadrangle",
        "baggage_claim",
        "family_circle",
        "choir",
        "chancel",
        "nook",
        "breakfast_area",
        "goalmouth",
        "area",
        "sanctuary",
        "layby",
        "dining_area",
        "box",
        "rest_stop",
        "second_balcony",
        "terrace",
        "rest_area",
        "court",
        "dead-air_space",
        "hideaway",
        "retreat",
        "orchestra_pit",
        "auditorium",
        "press_gallery",
        "construction",
        "corner",
        "room",
        "storage_space",
        "courtyard"
      ]
    }
  },
  "complete_link": {
    "score": 0.018701933324337006,
    "time": 0.0003800392150878906,
    "start_wsp": {
      "name": "garden.n.1",
      "definition": "the flowers or vegetables or fruits or herbs that are cultivated in a garden",
      "onyms": [
        "flora",
        "botany",
        "garden",
        "vegetation"
      ]
    },
    "end_wsp": {
      "name": "area.n.1",
      "definition": "a subject of study",
      "onyms": [
        "topic",
        "grey_area",
        "subject",
        "gray_area",
        "territory",
        "area",
        "issue",
        "matter"
      ]
    }
  },
  "single_link": {
    "score": 1.0,
    "time": 0.0003333091735839844,
    "start_wsp": {
      "name": "garden.n.2",
      "definition": "a yard or lawn adjoining a house",
      "onyms": [
        "yard",
        "terrace",
        "grounds",
        "curtilage",
        "patio",
        "garden"
      ]
    },
    "end_wsp": {
      "name": "area.n.4",
      "definition": "a part of a structure having some specific characteristic or function",
      "onyms": [
        "pull-off",
        "bema",
        "nave",
        "lay-by",
        "quad",
        "upper_balcony",
        "pit",
        "aisle",
        "panopticon",
        "threshing_floor",
        "peanut_gallery",
        "breakfast_nook",
        "turnaround",
        "structure",
        "bullpen",
        "enclosure",
        "patio",
        "quadrangle",
        "baggage_claim",
        "family_circle",
        "choir",
        "chancel",
        "nook",
        "breakfast_area",
        "goalmouth",
        "area",
        "sanctuary",
        "layby",
        "dining_area",
        "box",
        "rest_stop",
        "second_balcony",
        "terrace",
        "rest_area",
        "court",
        "dead-air_space",
        "hideaway",
        "retreat",
        "orchestra_pit",
        "auditorium",
        "press_gallery",
        "construction",
        "corner",
        "room",
        "storage_space",
        "courtyard"
      ]
    }
  },
  "total_vector": {
    "score": 0.6998523473739624,
    "time": 1.3254189491271973,
    "start_wsp": {
      "name": "garden.n.2",
      "definition": "a yard or lawn adjoining a house",
      "onyms": [
        "yard",
        "terrace",
        "grounds",
        "curtilage",
        "patio",
        "garden"
      ]
    },
    "end_wsp": {
      "name": "area.n.4",
      "definition": "a part of a structure having some specific characteristic or function",
      "onyms": [
        "pull-off",
        "bema",
        "nave",
        "lay-by",
        "quad",
        "upper_balcony",
        "pit",
        "aisle",
        "panopticon",
        "threshing_floor",
        "peanut_gallery",
        "breakfast_nook",
        "turnaround",
        "structure",
        "bullpen",
        "enclosure",
        "patio",
        "quadrangle",
        "baggage_claim",
        "family_circle",
        "choir",
        "chancel",
        "nook",
        "breakfast_area",
        "goalmouth",
        "area",
        "sanctuary",
        "layby",
        "dining_area",
        "box",
        "rest_stop",
        "second_balcony",
        "terrace",
        "rest_area",
        "court",
        "dead-air_space",
        "hideaway",
        "retreat",
        "orchestra_pit",
        "auditorium",
        "press_gallery",
        "construction",
        "corner",
        "room",
        "storage_space",
        "courtyard"
      ]
    }
  }
}