{
  "average_link": {
    "score": 0.03960857931007114,
    "time": 0.0003199577331542969,
    "start_wsp": {
      "name": "generator.n.0",
      "definition": "an apparatus that produces a vapor or gas",
      "onyms": [
        "setup",
        "generator",
        "apparatus"
      ]
    },
    "end_wsp": {
      "name": "generate.v.2",
      "definition": "produce (energy)",
      "onyms": [
        "produce",
        "make",
        "generate",
        "create"
      ]
    }
  },
  "average_vector": {
    "score": 0.2592450678348541,
    "time": 1.3276622295379639,
    "start_wsp": {
      "name": "generator.n.2",
      "definition": "someone who originates or causes or initiates something",
      "onyms": [
        "author",
        "generator",
        "coiner",
        "maker",
        "shaper",
        "source"
      ]
    },
    "end_wsp": {
      "name": "generate.v.3",
      "definition": "make children",
      "onyms": [
        "engender",
        "create",
        "sire",
        "bring_forth",
        "father",
        "get",
        "mother",
        "beget",
        "make",
        "generate"
      ]
    }
  },
  "complete_link": {
    "score": -0.005775541998445988,
    "time": 0.0003058910369873047,
    "start_wsp": {
      "name": "generator.n.0",
      "definition": "an apparatus that produces a vapor or gas",
      "onyms": [
        "setup",
        "generator",
        "apparatus"
      ]
    },
    "end_wsp": {
      "name": "generate.v.2",
      "definition": "produce (energy)",
      "onyms": [
        "produce",
        "make",
        "generate",
        "create"
      ]
    }
  },
  "single_link": {
    "score": 0.33103787899017334,
    "time": 0.00029969215393066406,
    "start_wsp": {
      "name": "generator.n.0",
      "definition": "an apparatus that produces a vapor or gas",
      "onyms": [
        "setup",
        "generator",
        "apparatus"
      ]
    },
    "end_wsp": {
      "name": "generate.v.0",
      "definition": "bring into existence",
      "onyms": [
        "free",
        "bring_on",
        "develop",
        "induce",
        "release",
        "liberate",
        "create",
        "bring_forth",
        "make",
        "come_up",
        "generate"
      ]
    }
  },
  "total_vector": {
    "score": 0.2592450678348541,
    "time": 1.3247442245483398,
    "start_wsp": {
      "name": "generator.n.2",
      "definition": "someone who originates or causes or initiates something",
      "onyms": [
        "author",
        "generator",
        "coiner",
        "maker",
        "shaper",
        "source"
      ]
    },
    "end_wsp": {
      "name": "generate.v.3",
      "definition": "make children",
      "onyms": [
        "engender",
        "create",
        "sire",
        "bring_forth",
        "father",
        "get",
        "mother",
        "beget",
        "make",
        "generate"
      ]
    }
  }
}