{
  "average_link": {
    "score": 0.07246791245415807,
    "time": 0.00055694580078125,
    "start_wsp": {
      "name": "georgia.n.1",
      "definition": "one of the British colonies that formed the United States",
      "onyms": [
        "Georgia",
        "Colony"
      ]
    },
    "end_wsp": {
      "name": "state.n.5",
      "definition": "a state of depression or agitation",
      "onyms": [
        "spirit",
        "state",
        "emotional_state"
      ]
    }
  },
  "average_vector": {
    "score": 0.5368136167526245,
    "time": 1.3735296726226807,
    "start_wsp": {
      "name": "georgia.n.2",
      "definition": "a republic in Asia Minor on the Black Sea separated from Russia by the Caucasus mountains; formerly an Asian soviet but became independent in 1991",
      "onyms": [
        "Tbilisi",
        "Abkhaz",
        "Georgia",
        "Sakartvelo",
        "capital_of_Georgia",
        "Adzharia",
        "Tiflis",
        "Transcaucasia",
        "Commonwealth_of_Independent_States",
        "Abkhazia",
        "CIS",
        "Adzhar",
        "Georgian",
        "Asian_nation",
        "Asian_country"
      ]
    },
    "end_wsp": {
      "name": "state.n.6",
      "definition": "the territory occupied by a nation",
      "onyms": [
        "Solomon_Islands",
        "New_Hebrides",
        "Israel",
        "Tuvalu",
        "Turkmenia",
        "African_nation",
        "country_of_origin",
        "European_country",
        "Asian_nation",
        "Asian_country",
        "Republic_of_Seychelles",
        "Republic_of_Cape_Verde",
        "Cape_Verde",
        "Turkmenistan",
        "Bahamas",
        "Seychelles",
        "country",
        "Republic_of_Cuba",
        "Haiti",
        "Friendly_Islands",
        "Republic_of_the_Marshall_Islands",
        "Etruria",
        "Republic_of_Turkey",
        "St._Kitts_and_Nevis",
        "Republic_of_Haiti",
        "Dutch_East_Indies",
        "St._Christopher-Nevis",
        "Indonesia",
        "Vanuatu",
        "Republic_of_Fiji",
        "USSR",
        "Republic_of_Cyprus",
        "Turkmen",
        "territorial_division",
        "demesne",
        "province",
        "Samoa_i_Sisifo",
        "Papua_New_Guinea",
        "buffer_country",
        "Federal_Islamic_Republic_of_the_Comoros",
        "kingdom",
        "Republic_of_Malta",
        "Union_of_Soviet_Socialist_Republics",
        "African_country",
        "Samoa",
        "mother_country",
        "State_of_Israel",
        "motherland",
        "Republic_of_the_Philippines",
        "South_American_nation",
        "Democratic_Republic_of_Sao_Tome_and_Principe",
        "domain",
        "Zion",
        "Republic_of_Palau",
        "Turkey",
        "Cuba",
        "Philippines",
        "Yisrael",
        "Russia",
        "Republic_of_Maldives",
        "Commonwealth_of_Australia",
        "East_Timor",
        "Jamaica",
        "Sion",
        "Mauritius",
        "Tonga",
        "homeland",
        "Republic_of_Indonesia",
        "Federation_of_Saint_Kitts_and_Nevis",
        "Bahama_Islands",
        "North_American_country",
        "Saint_Kitts_and_Nevis",
        "Marshall_Islands",
        "Antigua_and_Barbuda",
        "Australia",
        "Republic_of_Kiribati",
        "Turkomen",
        "Saint_Christopher-Nevis",
        "Trinidad_and_Tobago",
        "Independent_State_of_Samoa",
        "Kiribati",
        "Sao_Thome_e_Principe",
        "Independent_State_of_Papua_New_Guinea",
        "Russian_Federation",
        "Western_Samoa",
        "Palau",
        "Democratic_Socialist_Republic_of_Sri_Lanka",
        "administrative_district",
        "buffer_state",
        "New_Zealand",
        "Sao_Tome_e_Principe",
        "Dominican_Republic",
        "European_nation",
        "Federated_States_of_Micronesia",
        "land",
        "Upper_Volta",
        "Sri_Lanka",
        "Sao_Tome_and_Principe",
        "banana_republic",
        "Ceylon",
        "department",
        "Fiji",
        "fatherland",
        "administrative_division",
        "Soviet_Union",
        "Malta",
        "Cyprus",
        "Saint_Vincent_and_the_Grenadines",
        "Maldives",
        "Republic_of_Nauru",
        "native_land",
        "Republic_of_Trinidad_and_Tobago",
        "Kingdom_of_Tonga",
        "South_American_country",
        "Barbados",
        "Nauru",
        "Republic_of_Vanuatu",
        "Rus",
        "Saint_Lucia",
        "TT",
        "Ukraine",
        "midland",
        "Ukrayina",
        "Commonwealth_of_the_Bahamas",
        "St._Vincent_and_the_Grenadines",
        "St._Thomas_and_Principe",
        "Micronesia",
        "Republic_of_Mauritius",
        "Commonwealth_of_Dominica",
        "Burkina_Faso",
        "state",
        "tax_haven",
        "Dominica",
        "St._Lucia",
        "Grenada",
        "North_American_nation",
        "Comoros",
        "sultanate"
      ]
    }
  },
  "complete_link": {
    "score": 0.04326608404517174,
    "time": 0.0005583763122558594,
    "start_wsp": {
      "name": "georgia.n.1",
      "definition": "one of the British colonies that formed the United States",
      "onyms": [
        "Georgia",
        "Colony"
      ]
    },
    "end_wsp": {
      "name": "state.n.5",
      "definition": "a state of depression or agitation",
      "onyms": [
        "spirit",
        "state",
        "emotional_state"
      ]
    }
  },
  "single_link": {
    "score": 1.0,
    "time": 0.0005500316619873047,
    "start_wsp": {
      "name": "georgia.n.2",
      "definition": "a republic in Asia Minor on the Black Sea separated from Russia by the Caucasus mountains; formerly an Asian soviet but became independent in 1991",
      "onyms": [
        "Tbilisi",
        "Abkhaz",
        "Georgia",
        "Sakartvelo",
        "capital_of_Georgia",
        "Adzharia",
        "Tiflis",
        "Transcaucasia",
        "Commonwealth_of_Independent_States",
        "Abkhazia",
        "CIS",
        "Adzhar",
        "Georgian",
        "Asian_nation",
        "Asian_country"
      ]
    },
    "end_wsp": {
      "name": "state.n.0",
      "definition": "the territory occupied by one of the constituent administrative districts of a nation",
      "onyms": [
        "eparchy",
        "Xinjiang_Uighur_Autonomous_Region",
        "Lower_Saxony",
        "Abkhazia",
        "Cape_of_Good_Hope",
        "Manipur",
        "Xinjiang",
        "Assam",
        "Uttar_Pradesh",
        "Tamil_Nadu",
        "Adzhar",
        "Adzharia",
        "Kwangtung",
        "Sichuan",
        "country",
        "Guangdong_province",
        "Kosovo",
        "Campeche",
        "Hebei",
        "Bihar",
        "Abkhaz",
        "Hebei_province",
        "Australian_state",
        "commonwealth",
        "Guangdong",
        "Orissa",
        "province",
        "territorial_division",
        "Chihuahua",
        "Bosnia",
        "Gujerat",
        "Yucatan",
        "Kalimantan",
        "Quintana_Roo",
        "Cape_Colony",
        "Coahuila",
        "Hunan_province",
        "Yunnan_province",
        "Karnataka",
        "Italian_region",
        "Soviet_Socialist_Republic",
        "Hopeh",
        "Kansu",
        "Canadian_province",
        "Szechwan",
        "West_Bengal",
        "Buganda",
        "Szechuan",
        "Tyrol",
        "Orange_Free_State",
        "Gansu",
        "Andhra_Pradesh",
        "Transvaal",
        "Cape_of_Good_Hope_Province",
        "Sinkiang",
        "Bavaria",
        "administrative_district",
        "Madras",
        "land",
        "administrative_division",
        "Mysore",
        "Gansu_province",
        "Gujarat",
        "Friesland",
        "Tabasco",
        "Nei_Monggol",
        "Goa",
        "Free_State",
        "Tirol",
        "Szechwan_province",
        "Hopei",
        "Hunan",
        "Cape_Province",
        "state",
        "Inner_Mongolia",
        "Yunnan",
        "American_state",
        "Indonesian_Borneo"
      ]
    }
  },
  "total_vector": {
    "score": 0.5368136167526245,
    "time": 1.3775882720947266,
    "start_wsp": {
      "name": "georgia.n.2",
      "definition": "a republic in Asia Minor on the Black Sea separated from Russia by the Caucasus mountains; formerly an Asian soviet but became independent in 1991",
      "onyms": [
        "Tbilisi",
        "Abkhaz",
        "Georgia",
        "Sakartvelo",
        "capital_of_Georgia",
        "Adzharia",
        "Tiflis",
        "Transcaucasia",
        "Commonwealth_of_Independent_States",
        "Abkhazia",
        "CIS",
        "Adzhar",
        "Georgian",
        "Asian_nation",
        "Asian_country"
      ]
    },
    "end_wsp": {
      "name": "state.n.6",
      "definition": "the territory occupied by a nation",
      "onyms": [
        "Solomon_Islands",
        "New_Hebrides",
        "Israel",
        "Tuvalu",
        "Turkmenia",
        "African_nation",
        "country_of_origin",
        "European_country",
        "Asian_nation",
        "Asian_country",
        "Republic_of_Seychelles",
        "Republic_of_Cape_Verde",
        "Cape_Verde",
        "Turkmenistan",
        "Bahamas",
        "Seychelles",
        "country",
        "Republic_of_Cuba",
        "Haiti",
        "Friendly_Islands",
        "Republic_of_the_Marshall_Islands",
        "Etruria",
        "Republic_of_Turkey",
        "St._Kitts_and_Nevis",
        "Republic_of_Haiti",
        "Dutch_East_Indies",
        "St._Christopher-Nevis",
        "Indonesia",
        "Vanuatu",
        "Republic_of_Fiji",
        "USSR",
        "Republic_of_Cyprus",
        "Turkmen",
        "territorial_division",
        "demesne",
        "province",
        "Samoa_i_Sisifo",
        "Papua_New_Guinea",
        "buffer_country",
        "Federal_Islamic_Republic_of_the_Comoros",
        "kingdom",
        "Republic_of_Malta",
        "Union_of_Soviet_Socialist_Republics",
        "African_country",
        "Samoa",
        "mother_country",
        "State_of_Israel",
        "motherland",
        "Republic_of_the_Philippines",
        "South_American_nation",
        "Democratic_Republic_of_Sao_Tome_and_Principe",
        "domain",
        "Zion",
        "Republic_of_Palau",
        "Turkey",
        "Cuba",
        "Philippines",
        "Yisrael",
        "Russia",
        "Republic_of_Maldives",
        "Commonwealth_of_Australia",
        "East_Timor",
        "Jamaica",
        "Sion",
        "Mauritius",
        "Tonga",
        "homeland",
        "Republic_of_Indonesia",
        "Federation_of_Saint_Kitts_and_Nevis",
        "Bahama_Islands",
        "North_American_country",
        "Saint_Kitts_and_Nevis",
        "Marshall_Islands",
        "Antigua_and_Barbuda",
        "Australia",
        "Republic_of_Kiribati",
        "Turkomen",
        "Saint_Christopher-Nevis",
        "Trinidad_and_Tobago",
        "Independent_State_of_Samoa",
        "Kiribati",
        "Sao_Thome_e_Principe",
        "Independent_State_of_Papua_New_Guinea",
        "Russian_Federation",
        "Western_Samoa",
        "Palau",
        "Democratic_Socialist_Republic_of_Sri_Lanka",
        "administrative_district",
        "buffer_state",
        "New_Zealand",
        "Sao_Tome_e_Principe",
        "Dominican_Republic",
        "European_nation",
        "Federated_States_of_Micronesia",
        "land",
        "Upper_Volta",
        "Sri_Lanka",
        "Sao_Tome_and_Principe",
        "banana_republic",
        "Ceylon",
        "department",
        "Fiji",
        "fatherland",
        "administrative_division",
        "Soviet_Union",
        "Malta",
        "Cyprus",
        "Saint_Vincent_and_the_Grenadines",
        "Maldives",
        "Republic_of_Nauru",
        "native_land",
        "Republic_of_Trinidad_and_Tobago",
        "Kingdom_of_Tonga",
        "South_American_country",
        "Barbados",
        "Nauru",
        "Republic_of_Vanuatu",
        "Rus",
        "Saint_Lucia",
        "TT",
        "Ukraine",
        "midland",
        "Ukrayina",
        "Commonwealth_of_the_Bahamas",
        "St._Vincent_and_the_Grenadines",
        "St._Thomas_and_Principe",
        "Micronesia",
        "Republic_of_Mauritius",
        "Commonwealth_of_Dominica",
        "Burkina_Faso",
        "state",
        "tax_haven",
        "Dominica",
        "St._Lucia",
        "Grenada",
        "North_American_nation",
        "Comoros",
        "sultanate"
      ]
    }
  }
}