{
  "average_link": {
    "score": 0.1078037298284471,
    "time": 0.0005822181701660156,
    "start_wsp": {
      "name": "glossed.v.2",
      "definition": "provide an interlinear translation of a word or phrase",
      "onyms": [
        "interpret",
        "render",
        "translate",
        "gloss"
      ]
    },
    "end_wsp": {
      "name": "gloss.v.6",
      "definition": "provide an interlinear translation of a word or phrase",
      "onyms": [
        "interpret",
        "render",
        "translate",
        "gloss"
      ]
    }
  },
  "average_vector": {
    "score": 1.0,
    "time": 15.956707954406738,
    "start_wsp": {
      "name": "glossed.v.0",
      "definition": "give a shine or gloss to, usually by rubbing",
      "onyms": [
        "shine",
        "gloss",
        "smoothen",
        "smooth",
        "polish"
      ]
    },
    "end_wsp": {
      "name": "gloss.v.4",
      "definition": "give a shine or gloss to, usually by rubbing",
      "onyms": [
        "shine",
        "gloss",
        "smoothen",
        "smooth",
        "polish"
      ]
    }
  },
  "complete_link": {
    "score": 0.1510188728570938,
    "time": 0.0008187294006347656,
    "start_wsp": {
      "name": "glossed.v.0",
      "definition": "give a shine or gloss to, usually by rubbing",
      "onyms": [
        "shine",
        "gloss",
        "smoothen",
        "smooth",
        "polish"
      ]
    },
    "end_wsp": {
      "name": "gloss.v.4",
      "definition": "give a shine or gloss to, usually by rubbing",
      "onyms": [
        "shine",
        "gloss",
        "smoothen",
        "smooth",
        "polish"
      ]
    }
  },
  "single_link": {
    "score": 1.0,
    "time": 0.0008742809295654297,
    "start_wsp": {
      "name": "glossed.v.0",
      "definition": "give a shine or gloss to, usually by rubbing",
      "onyms": [
        "shine",
        "gloss",
        "smoothen",
        "smooth",
        "polish"
      ]
    },
    "end_wsp": {
      "name": "gloss.n.0",
      "definition": "an explanation or definition of an obscure word in a text",
      "onyms": [
        "explanation",
        "account",
        "rubric",
        "gloss"
      ]
    }
  },
  "total_vector": {
    "score": 1.0,
    "time": 14.781691312789917,
    "start_wsp": {
      "name": "glossed.v.0",
      "definition": "give a shine or gloss to, usually by rubbing",
      "onyms": [
        "shine",
        "gloss",
        "smoothen",
        "smooth",
        "polish"
      ]
    },
    "end_wsp": {
      "name": "gloss.v.4",
      "definition": "give a shine or gloss to, usually by rubbing",
      "onyms": [
        "shine",
        "gloss",
        "smoothen",
        "smooth",
        "polish"
      ]
    }
  }
}