{
  "average_link": {
    "score": 0.03699500558403447,
    "time": 0.0006985664367675781,
    "start_wsp": {
      "name": "glut.v.1",
      "definition": "overeat or eat immodestly; make a pig of oneself",
      "onyms": [
        "binge",
        "gourmandize",
        "pig_out",
        "eat",
        "ingurgitate",
        "scarf_out",
        "glut",
        "gormandize",
        "gorge",
        "overgorge",
        "overindulge",
        "englut",
        "stuff",
        "satiate",
        "overeat",
        "gormandise",
        "engorge"
      ]
    },
    "end_wsp": {
      "name": "gorge.v.3",
      "definition": "overeat or eat immodestly; make a pig of oneself",
      "onyms": [
        "binge",
        "gourmandize",
        "pig_out",
        "eat",
        "ingurgitate",
        "scarf_out",
        "glut",
        "gormandize",
        "gorge",
        "overgorge",
        "overindulge",
        "englut",
        "stuff",
        "satiate",
        "overeat",
        "gormandise",
        "engorge"
      ]
    }
  },
  "average_vector": {
    "score": 0.9999998807907104,
    "time": 1.3046486377716064,
    "start_wsp": {
      "name": "glut.v.1",
      "definition": "overeat or eat immodestly; make a pig of oneself",
      "onyms": [
        "binge",
        "gourmandize",
        "pig_out",
        "eat",
        "ingurgitate",
        "scarf_out",
        "glut",
        "gormandize",
        "gorge",
        "overgorge",
        "overindulge",
        "englut",
        "stuff",
        "satiate",
        "overeat",
        "gormandise",
        "engorge"
      ]
    },
    "end_wsp": {
      "name": "gorge.v.3",
      "definition": "overeat or eat immodestly; make a pig of oneself",
      "onyms": [
        "binge",
        "gourmandize",
        "pig_out",
        "eat",
        "ingurgitate",
        "scarf_out",
        "glut",
        "gormandize",
        "gorge",
        "overgorge",
        "overindulge",
        "englut",
        "stuff",
        "satiate",
        "overeat",
        "gormandise",
        "engorge"
      ]
    }
  },
  "complete_link": {
    "score": 0.022805172950029373,
    "time": 0.0007045269012451172,
    "start_wsp": {
      "name": "glut.n.0",
      "definition": "the quality of being so overabundant that prices fall",
      "onyms": [
        "overmuch",
        "glut",
        "superabundance",
        "overmuchness",
        "surfeit",
        "overabundance",
        "oversupply"
      ]
    },
    "end_wsp": {
      "name": "gorge.v.3",
      "definition": "overeat or eat immodestly; make a pig of oneself",
      "onyms": [
        "binge",
        "gourmandize",
        "pig_out",
        "eat",
        "ingurgitate",
        "scarf_out",
        "glut",
        "gormandize",
        "gorge",
        "overgorge",
        "overindulge",
        "englut",
        "stuff",
        "satiate",
        "overeat",
        "gormandise",
        "engorge"
      ]
    }
  },
  "single_link": {
    "score": 1.0,
    "time": 0.0006663799285888672,
    "start_wsp": {
      "name": "glut.n.0",
      "definition": "the quality of being so overabundant that prices fall",
      "onyms": [
        "overmuch",
        "glut",
        "superabundance",
        "overmuchness",
        "surfeit",
        "overabundance",
        "oversupply"
      ]
    },
    "end_wsp": {
      "name": "gorge.v.3",
      "definition": "overeat or eat immodestly; make a pig of oneself",
      "onyms": [
        "binge",
        "gourmandize",
        "pig_out",
        "eat",
        "ingurgitate",
        "scarf_out",
        "glut",
        "gormandize",
        "gorge",
        "overgorge",
        "overindulge",
        "englut",
        "stuff",
        "satiate",
        "overeat",
        "gormandise",
        "engorge"
      ]
    }
  },
  "total_vector": {
    "score": 0.9999998807907104,
    "time": 1.293593168258667,
    "start_wsp": {
      "name": "glut.v.1",
      "definition": "overeat or eat immodestly; make a pig of oneself",
      "onyms": [
        "binge",
        "gourmandize",
        "pig_out",
        "eat",
        "ingurgitate",
        "scarf_out",
        "glut",
        "gormandize",
        "gorge",
        "overgorge",
        "overindulge",
        "englut",
        "stuff",
        "satiate",
        "overeat",
        "gormandise",
        "engorge"
      ]
    },
    "end_wsp": {
      "name": "gorge.v.3",
      "definition": "overeat or eat immodestly; make a pig of oneself",
      "onyms": [
        "binge",
        "gourmandize",
        "pig_out",
        "eat",
        "ingurgitate",
        "scarf_out",
        "glut",
        "gormandize",
        "gorge",
        "overgorge",
        "overindulge",
        "englut",
        "stuff",
        "satiate",
        "overeat",
        "gormandise",
        "engorge"
      ]
    }
  }
}