{
  "average_link": {
    "score": 0.15505221486091614,
    "time": 6.222724914550781e-05,
    "start_wsp": {
      "name": "gold.n.2",
      "definition": "a soft yellow malleable ductile (trivalent and univalent) metallic element; occurs mainly as nuggets in rocks and alluvial deposits; does not react with most chemicals but is attacked by chlorine and aqua regia",
      "onyms": [
        "gold",
        "graphic_tellurium",
        "atomic_number_79",
        "noble_metal",
        "Au",
        "gold_foil",
        "gold_leaf",
        "24-karat_gold",
        "gold_dust",
        "dental_gold",
        "sylvanite",
        "pure_gold",
        "guinea_gold",
        "green_gold"
      ]
    },
    "end_wsp": {
      "name": "mined.a.2",
      "definition": "extracted from a source of supply as of minerals from the earth",
      "onyms": [
        "mined"
      ]
    }
  },
  "average_vector": {
    "score": 0.40639016032218933,
    "time": 3.2063679695129395,
    "start_wsp": {
      "name": "gold.n.0",
      "definition": "coins made of gold",
      "onyms": [
        "atomic_number_79",
        "Au",
        "gold",
        "precious_metal"
      ]
    },
    "end_wsp": {
      "name": "mined.a.2",
      "definition": "extracted from a source of supply as of minerals from the earth",
      "onyms": [
        "mined"
      ]
    }
  },
  "complete_link": {
    "score": 0.23811966180801392,
    "time": 0.00010180473327636719,
    "start_wsp": {
      "name": "gold.n.0",
      "definition": "coins made of gold",
      "onyms": [
        "atomic_number_79",
        "Au",
        "gold",
        "precious_metal"
      ]
    },
    "end_wsp": {
      "name": "mined.a.2",
      "definition": "extracted from a source of supply as of minerals from the earth",
      "onyms": [
        "mined"
      ]
    }
  },
  "single_link": {
    "score": 0.4249180853366852,
    "time": 9.298324584960938e-05,
    "start_wsp": {
      "name": "gold.n.0",
      "definition": "coins made of gold",
      "onyms": [
        "atomic_number_79",
        "Au",
        "gold",
        "precious_metal"
      ]
    },
    "end_wsp": {
      "name": "mined.v.0",
      "definition": "get from the earth by excavation",
      "onyms": [
        "surface-mine",
        "exploit",
        "surface_mine",
        "tap",
        "mine",
        "strip_mine"
      ]
    }
  },
  "total_vector": {
    "score": 0.40639016032218933,
    "time": 3.322956085205078,
    "start_wsp": {
      "name": "gold.n.0",
      "definition": "coins made of gold",
      "onyms": [
        "atomic_number_79",
        "Au",
        "gold",
        "precious_metal"
      ]
    },
    "end_wsp": {
      "name": "mined.a.2",
      "definition": "extracted from a source of supply as of minerals from the earth",
      "onyms": [
        "mined"
      ]
    }
  }
}