{
  "average_link": {
    "score": 0.44037265703082085,
    "time": 0.00023031234741210938,
    "start_wsp": {
      "name": "gondola.n.0",
      "definition": "a low flat-bottomed freight car with fixed sides but no roof",
      "onyms": [
        "freight_car",
        "gondola_car",
        "gondola"
      ]
    },
    "end_wsp": {
      "name": "car.n.4",
      "definition": "a conveyance for passengers or freight on a cable railway",
      "onyms": [
        "car",
        "compartment",
        "funicular",
        "cable_car",
        "funicular_railway",
        "cable_railway"
      ]
    }
  },
  "average_vector": {
    "score": 1.0,
    "time": 1.3470094203948975,
    "start_wsp": {
      "name": "gondola.n.2",
      "definition": "the compartment that is suspended from an airship and that carries personnel and the cargo and the power plant",
      "onyms": [
        "car",
        "airship",
        "compartment",
        "gondola",
        "dirigible"
      ]
    },
    "end_wsp": {
      "name": "car.n.2",
      "definition": "the compartment that is suspended from an airship and that carries personnel and the cargo and the power plant",
      "onyms": [
        "car",
        "airship",
        "compartment",
        "gondola",
        "dirigible"
      ]
    }
  },
  "complete_link": {
    "score": 0.21302349865436554,
    "time": 0.00023746490478515625,
    "start_wsp": {
      "name": "gondola.n.0",
      "definition": "a low flat-bottomed freight car with fixed sides but no roof",
      "onyms": [
        "freight_car",
        "gondola_car",
        "gondola"
      ]
    },
    "end_wsp": {
      "name": "car.n.2",
      "definition": "the compartment that is suspended from an airship and that carries personnel and the cargo and the power plant",
      "onyms": [
        "car",
        "airship",
        "compartment",
        "gondola",
        "dirigible"
      ]
    }
  },
  "single_link": {
    "score": 1.0,
    "time": 0.0002334117889404297,
    "start_wsp": {
      "name": "gondola.n.2",
      "definition": "the compartment that is suspended from an airship and that carries personnel and the cargo and the power plant",
      "onyms": [
        "car",
        "airship",
        "compartment",
        "gondola",
        "dirigible"
      ]
    },
    "end_wsp": {
      "name": "car.n.0",
      "definition": "a motor vehicle with four wheels; usually propelled by an internal combustion engine",
      "onyms": [
        "grille",
        "tail_fin",
        "reverse",
        "cruiser",
        "glove_compartment",
        "car_mirror",
        "cowl",
        "automobile_horn",
        "electric_automobile",
        "car_seat",
        "prowl_car",
        "gas_guzzler",
        "wing",
        "automotive_vehicle",
        "car_door",
        "electric_car",
        "car_horn",
        "third",
        "sedan",
        "hack",
        "minicar",
        "sport_utility",
        "S.U.V.",
        "cab",
        "horn",
        "secondhand_car",
        "third_gear",
        "wagon",
        "loaner",
        "subcompact",
        "first_gear",
        "Model_T",
        "first",
        "saloon",
        "ambulance",
        "motor_vehicle",
        "anti-sway_bar",
        "automobile_engine",
        "cowling",
        "low_gear",
        "heap",
        "estate_car",
        "tourer",
        "sunshine-roof",
        "sport_utility_vehicle",
        "motor_horn",
        "convertible",
        "hardtop",
        "roof",
        "floorboard",
        "hood",
        "bus",
        "automobile",
        "accelerator",
        "waggon",
        "runabout",
        "subcompact_car",
        "SUV",
        "landrover",
        "used-car",
        "auto_accessory",
        "electric",
        "luggage_compartment",
        "fin",
        "police_cruiser",
        "radiator_grille",
        "hooter",
        "accelerator_pedal",
        "low",
        "trunk",
        "hot_rod",
        "gasoline_engine",
        "taxicab",
        "sports_car",
        "phaeton",
        "buffer",
        "tailfin",
        "petrol_engine",
        "fender",
        "police_car",
        "bumper",
        "window",
        "compact_car",
        "gas",
        "running_board",
        "rear_window",
        "high_gear",
        "stabilizer_bar",
        "sunroof",
        "throttle",
        "high",
        "bonnet",
        "patrol_car",
        "car",
        "reverse_gear",
        "race_car",
        "gas_pedal",
        "taxi",
        "Stanley_Steamer",
        "station_wagon",
        "auto",
        "beach_waggon",
        "horseless_carriage",
        "racer",
        "roadster",
        "coupe",
        "car_window",
        "pace_car",
        "station_waggon",
        "sport_car",
        "racing_car",
        "motorcar",
        "jalopy",
        "machine",
        "hatchback",
        "beach_wagon",
        "squad_car",
        "limousine",
        "jeep",
        "gun",
        "minivan",
        "automobile_trunk",
        "touring_car",
        "two-seater",
        "limo",
        "stock_car",
        "compact",
        "air_bag",
        "hot-rod"
      ]
    }
  },
  "total_vector": {
    "score": 0.9999999403953552,
    "time": 1.3330104351043701,
    "start_wsp": {
      "name": "gondola.n.2",
      "definition": "the compartment that is suspended from an airship and that carries personnel and the cargo and the power plant",
      "onyms": [
        "car",
        "airship",
        "compartment",
        "gondola",
        "dirigible"
      ]
    },
    "end_wsp": {
      "name": "car.n.2",
      "definition": "the compartment that is suspended from an airship and that carries personnel and the cargo and the power plant",
      "onyms": [
        "car",
        "airship",
        "compartment",
        "gondola",
        "dirigible"
      ]
    }
  }
}