{
  "average_link": {
    "score": 0.298780657351017,
    "time": 0.00018596649169921875,
    "start_wsp": {
      "name": "goodwill.n.2",
      "definition": "a disposition to kindness and compassion",
      "onyms": [
        "grace",
        "good_nature",
        "goodwill",
        "good_will"
      ]
    },
    "end_wsp": {
      "name": "grace.n.3",
      "definition": "a disposition to kindness and compassion",
      "onyms": [
        "grace",
        "good_nature",
        "goodwill",
        "good_will"
      ]
    }
  },
  "average_vector": {
    "score": 1.0,
    "time": 1.375788927078247,
    "start_wsp": {
      "name": "goodwill.n.2",
      "definition": "a disposition to kindness and compassion",
      "onyms": [
        "grace",
        "good_nature",
        "goodwill",
        "good_will"
      ]
    },
    "end_wsp": {
      "name": "grace.n.3",
      "definition": "a disposition to kindness and compassion",
      "onyms": [
        "grace",
        "good_nature",
        "goodwill",
        "good_will"
      ]
    }
  },
  "complete_link": {
    "score": 0.195122629404068,
    "time": 0.0001842975616455078,
    "start_wsp": {
      "name": "goodwill.n.1",
      "definition": "the friendly hope that something will succeed",
      "onyms": [
        "friendliness",
        "goodwill",
        "good_will"
      ]
    },
    "end_wsp": {
      "name": "grace.n.3",
      "definition": "a disposition to kindness and compassion",
      "onyms": [
        "grace",
        "good_nature",
        "goodwill",
        "good_will"
      ]
    }
  },
  "single_link": {
    "score": 1.0,
    "time": 0.00017833709716796875,
    "start_wsp": {
      "name": "goodwill.n.0",
      "definition": "(accounting) an intangible asset valued according to the advantage or reputation a business has acquired (over and above its tangible assets)",
      "onyms": [
        "intangible",
        "goodwill",
        "good_will",
        "intangible_asset"
      ]
    },
    "end_wsp": {
      "name": "grace.n.3",
      "definition": "a disposition to kindness and compassion",
      "onyms": [
        "grace",
        "good_nature",
        "goodwill",
        "good_will"
      ]
    }
  },
  "total_vector": {
    "score": 1.0,
    "time": 1.385721206665039,
    "start_wsp": {
      "name": "goodwill.n.2",
      "definition": "a disposition to kindness and compassion",
      "onyms": [
        "grace",
        "good_nature",
        "goodwill",
        "good_will"
      ]
    },
    "end_wsp": {
      "name": "grace.n.3",
      "definition": "a disposition to kindness and compassion",
      "onyms": [
        "grace",
        "good_nature",
        "goodwill",
        "good_will"
      ]
    }
  }
}