{
  "average_link": {
    "score": 0.026878705111647087,
    "time": 0.0002422332763671875,
    "start_wsp": {
      "name": "grafting.n.0",
      "definition": "the act of grafting something onto something else",
      "onyms": [
        "graft",
        "attachment",
        "affixation",
        "grafting"
      ]
    },
    "end_wsp": {
      "name": "rope.n.0",
      "definition": "a strong line",
      "onyms": [
        "hangman's_halter",
        "halyard",
        "rope",
        "hawser",
        "harpoon_line",
        "skipping_rope",
        "hangman's_rope",
        "small_stuff",
        "line",
        "hempen_necktie",
        "jute",
        "lariat",
        "brail",
        "cordage",
        "cable",
        "halter",
        "riata",
        "tightrope",
        "lashing",
        "brace",
        "hemp",
        "bungee",
        "sisal_hemp",
        "halliard",
        "lasso",
        "jump_rope",
        "prolonge",
        "guide_rope",
        "bungee_cord",
        "skip_rope",
        "bight",
        "reata",
        "bola",
        "sisal",
        "trip_line",
        "tier"
      ]
    }
  },
  "average_vector": {
    "score": 0.34040921926498413,
    "time": 1.3087120056152344,
    "start_wsp": {
      "name": "grafting.n.0",
      "definition": "the act of grafting something onto something else",
      "onyms": [
        "graft",
        "attachment",
        "affixation",
        "grafting"
      ]
    },
    "end_wsp": {
      "name": "rope.n.0",
      "definition": "a strong line",
      "onyms": [
        "hangman's_halter",
        "halyard",
        "rope",
        "hawser",
        "harpoon_line",
        "skipping_rope",
        "hangman's_rope",
        "small_stuff",
        "line",
        "hempen_necktie",
        "jute",
        "lariat",
        "brail",
        "cordage",
        "cable",
        "halter",
        "riata",
        "tightrope",
        "lashing",
        "brace",
        "hemp",
        "bungee",
        "sisal_hemp",
        "halliard",
        "lasso",
        "jump_rope",
        "prolonge",
        "guide_rope",
        "bungee_cord",
        "skip_rope",
        "bight",
        "reata",
        "bola",
        "sisal",
        "trip_line",
        "tier"
      ]
    }
  },
  "complete_link": {
    "score": 0.00705527001991868,
    "time": 0.00024390220642089844,
    "start_wsp": {
      "name": "grafting.v.2",
      "definition": "place the organ of a donor into the body of a recipient",
      "onyms": [
        "transplant",
        "infix",
        "introduce",
        "insert",
        "enter",
        "graft"
      ]
    },
    "end_wsp": {
      "name": "rope.v.2",
      "definition": "catch with a lasso",
      "onyms": [
        "rope",
        "lasso",
        "capture",
        "get",
        "catch"
      ]
    }
  },
  "single_link": {
    "score": 0.35885924100875854,
    "time": 0.0002276897430419922,
    "start_wsp": {
      "name": "grafting.v.2",
      "definition": "place the organ of a donor into the body of a recipient",
      "onyms": [
        "transplant",
        "infix",
        "introduce",
        "insert",
        "enter",
        "graft"
      ]
    },
    "end_wsp": {
      "name": "rope.v.2",
      "definition": "catch with a lasso",
      "onyms": [
        "rope",
        "lasso",
        "capture",
        "get",
        "catch"
      ]
    }
  },
  "total_vector": {
    "score": 0.34040921926498413,
    "time": 1.3010210990905762,
    "start_wsp": {
      "name": "grafting.n.0",
      "definition": "the act of grafting something onto something else",
      "onyms": [
        "graft",
        "attachment",
        "affixation",
        "grafting"
      ]
    },
    "end_wsp": {
      "name": "rope.n.0",
      "definition": "a strong line",
      "onyms": [
        "hangman's_halter",
        "halyard",
        "rope",
        "hawser",
        "harpoon_line",
        "skipping_rope",
        "hangman's_rope",
        "small_stuff",
        "line",
        "hempen_necktie",
        "jute",
        "lariat",
        "brail",
        "cordage",
        "cable",
        "halter",
        "riata",
        "tightrope",
        "lashing",
        "brace",
        "hemp",
        "bungee",
        "sisal_hemp",
        "halliard",
        "lasso",
        "jump_rope",
        "prolonge",
        "guide_rope",
        "bungee_cord",
        "skip_rope",
        "bight",
        "reata",
        "bola",
        "sisal",
        "trip_line",
        "tier"
      ]
    }
  }
}