{
  "average_link": {
    "score": 0.5954903364181519,
    "time": 5.412101745605469e-05,
    "start_wsp": {
      "name": "graphically.r.0",
      "definition": "in a diagrammatic manner",
      "onyms": [
        "graphically",
        "diagrammatically"
      ]
    },
    "end_wsp": {
      "name": "graphic.s.2",
      "definition": "describing nudity or sexual activity in graphic detail",
      "onyms": [
        "graphic"
      ]
    }
  },
  "average_vector": {
    "score": 0.647612988948822,
    "time": 1.3073127269744873,
    "start_wsp": {
      "name": "graphically.r.0",
      "definition": "in a diagrammatic manner",
      "onyms": [
        "graphically",
        "diagrammatically"
      ]
    },
    "end_wsp": {
      "name": "graphic.s.1",
      "definition": "written or drawn or engraved",
      "onyms": [
        "graphic",
        "in_writing",
        "graphical"
      ]
    }
  },
  "complete_link": {
    "score": 0.5954903364181519,
    "time": 5.1021575927734375e-05,
    "start_wsp": {
      "name": "graphically.r.0",
      "definition": "in a diagrammatic manner",
      "onyms": [
        "graphically",
        "diagrammatically"
      ]
    },
    "end_wsp": {
      "name": "graphic.s.2",
      "definition": "describing nudity or sexual activity in graphic detail",
      "onyms": [
        "graphic"
      ]
    }
  },
  "single_link": {
    "score": 0.5954903364181519,
    "time": 4.9114227294921875e-05,
    "start_wsp": {
      "name": "graphically.r.0",
      "definition": "in a diagrammatic manner",
      "onyms": [
        "graphically",
        "diagrammatically"
      ]
    },
    "end_wsp": {
      "name": "graphic.n.0",
      "definition": "an image that is generated by a computer",
      "onyms": [
        "computer_graphic",
        "picture",
        "icon",
        "graphic",
        "ikon",
        "image"
      ]
    }
  },
  "total_vector": {
    "score": 0.647612988948822,
    "time": 1.3065919876098633,
    "start_wsp": {
      "name": "graphically.r.0",
      "definition": "in a diagrammatic manner",
      "onyms": [
        "graphically",
        "diagrammatically"
      ]
    },
    "end_wsp": {
      "name": "graphic.s.1",
      "definition": "written or drawn or engraved",
      "onyms": [
        "graphic",
        "in_writing",
        "graphical"
      ]
    }
  }
}