{
  "average_link": {
    "score": 0.11258757044561207,
    "time": 0.00019359588623046875,
    "start_wsp": {
      "name": "grave.n.2",
      "definition": "a mark (`) placed above a vowel to indicate pronunciation",
      "onyms": [
        "grave",
        "accent",
        "accent_mark",
        "grave_accent"
      ]
    },
    "end_wsp": {
      "name": "sedate.s.2",
      "definition": "dignified and somber in manner or character and committed to keeping promises",
      "onyms": [
        "grave",
        "sober",
        "solemn",
        "sedate"
      ]
    }
  },
  "average_vector": {
    "score": 1.0,
    "time": 5.738164663314819,
    "start_wsp": {
      "name": "grave.s.5",
      "definition": "dignified and somber in manner or character and committed to keeping promises",
      "onyms": [
        "grave",
        "sober",
        "solemn",
        "sedate"
      ]
    },
    "end_wsp": {
      "name": "sedate.s.2",
      "definition": "dignified and somber in manner or character and committed to keeping promises",
      "onyms": [
        "grave",
        "sober",
        "solemn",
        "sedate"
      ]
    }
  },
  "complete_link": {
    "score": 0.020343676209449768,
    "time": 0.0001785755157470703,
    "start_wsp": {
      "name": "grave.n.2",
      "definition": "a mark (`) placed above a vowel to indicate pronunciation",
      "onyms": [
        "grave",
        "accent",
        "accent_mark",
        "grave_accent"
      ]
    },
    "end_wsp": {
      "name": "sedate.s.2",
      "definition": "dignified and somber in manner or character and committed to keeping promises",
      "onyms": [
        "grave",
        "sober",
        "solemn",
        "sedate"
      ]
    }
  },
  "single_link": {
    "score": 1.0,
    "time": 0.00019097328186035156,
    "start_wsp": {
      "name": "grave.n.0",
      "definition": "death of a person",
      "onyms": [
        "grave",
        "demise",
        "dying",
        "death"
      ]
    },
    "end_wsp": {
      "name": "sedate.s.2",
      "definition": "dignified and somber in manner or character and committed to keeping promises",
      "onyms": [
        "grave",
        "sober",
        "solemn",
        "sedate"
      ]
    }
  },
  "total_vector": {
    "score": 1.0,
    "time": 5.244189262390137,
    "start_wsp": {
      "name": "grave.s.5",
      "definition": "dignified and somber in manner or character and committed to keeping promises",
      "onyms": [
        "grave",
        "sober",
        "solemn",
        "sedate"
      ]
    },
    "end_wsp": {
      "name": "sedate.s.2",
      "definition": "dignified and somber in manner or character and committed to keeping promises",
      "onyms": [
        "grave",
        "sober",
        "solemn",
        "sedate"
      ]
    }
  }
}