{
  "average_link": {
    "score": 0.08675648338560547,
    "time": 0.0005829334259033203,
    "start_wsp": {
      "name": "gravy.n.0",
      "definition": "a sauce made by adding stock, flour, or other ingredients to the juice and fat that drips from cooking meats",
      "onyms": [
        "sauce",
        "gravy"
      ]
    },
    "end_wsp": {
      "name": "boom.n.2",
      "definition": "a sudden happening that brings good fortune (as a sudden opportunity to make money)",
      "onyms": [
        "manna_from_heaven",
        "happening",
        "godsend",
        "gravy",
        "natural_event",
        "bunce",
        "occurrence",
        "boom",
        "bonanza",
        "occurrent",
        "windfall",
        "gold_rush"
      ]
    }
  },
  "average_vector": {
    "score": 1.0,
    "time": 1.3379604816436768,
    "start_wsp": {
      "name": "gravy.n.2",
      "definition": "a sudden happening that brings good fortune (as a sudden opportunity to make money)",
      "onyms": [
        "manna_from_heaven",
        "happening",
        "godsend",
        "gravy",
        "natural_event",
        "bunce",
        "occurrence",
        "boom",
        "bonanza",
        "occurrent",
        "windfall",
        "gold_rush"
      ]
    },
    "end_wsp": {
      "name": "boom.n.2",
      "definition": "a sudden happening that brings good fortune (as a sudden opportunity to make money)",
      "onyms": [
        "manna_from_heaven",
        "happening",
        "godsend",
        "gravy",
        "natural_event",
        "bunce",
        "occurrence",
        "boom",
        "bonanza",
        "occurrent",
        "windfall",
        "gold_rush"
      ]
    }
  },
  "complete_link": {
    "score": 0.049839261919260025,
    "time": 0.0005681514739990234,
    "start_wsp": {
      "name": "gravy.n.0",
      "definition": "a sauce made by adding stock, flour, or other ingredients to the juice and fat that drips from cooking meats",
      "onyms": [
        "sauce",
        "gravy"
      ]
    },
    "end_wsp": {
      "name": "boom.n.0",
      "definition": "a deep prolonged loud noise",
      "onyms": [
        "noise",
        "roar",
        "thunder",
        "boom",
        "roaring"
      ]
    }
  },
  "single_link": {
    "score": 1.0,
    "time": 0.0005352497100830078,
    "start_wsp": {
      "name": "gravy.n.0",
      "definition": "a sauce made by adding stock, flour, or other ingredients to the juice and fat that drips from cooking meats",
      "onyms": [
        "sauce",
        "gravy"
      ]
    },
    "end_wsp": {
      "name": "boom.n.2",
      "definition": "a sudden happening that brings good fortune (as a sudden opportunity to make money)",
      "onyms": [
        "manna_from_heaven",
        "happening",
        "godsend",
        "gravy",
        "natural_event",
        "bunce",
        "occurrence",
        "boom",
        "bonanza",
        "occurrent",
        "windfall",
        "gold_rush"
      ]
    }
  },
  "total_vector": {
    "score": 1.0,
    "time": 1.3431761264801025,
    "start_wsp": {
      "name": "gravy.n.2",
      "definition": "a sudden happening that brings good fortune (as a sudden opportunity to make money)",
      "onyms": [
        "manna_from_heaven",
        "happening",
        "godsend",
        "gravy",
        "natural_event",
        "bunce",
        "occurrence",
        "boom",
        "bonanza",
        "occurrent",
        "windfall",
        "gold_rush"
      ]
    },
    "end_wsp": {
      "name": "boom.n.2",
      "definition": "a sudden happening that brings good fortune (as a sudden opportunity to make money)",
      "onyms": [
        "manna_from_heaven",
        "happening",
        "godsend",
        "gravy",
        "natural_event",
        "bunce",
        "occurrence",
        "boom",
        "bonanza",
        "occurrent",
        "windfall",
        "gold_rush"
      ]
    }
  }
}