{
  "average_link": {
    "score": 0.05680078495707777,
    "time": 0.00014352798461914062,
    "start_wsp": {
      "name": "grope.v.3",
      "definition": "fondle for sexual pleasure",
      "onyms": [
        "grope",
        "fondle",
        "caress"
      ]
    },
    "end_wsp": {
      "name": "try.v.9",
      "definition": "put on a garment in order to see whether it fits and looks nice",
      "onyms": [
        "don",
        "try",
        "wear",
        "get_into",
        "assume",
        "put_on",
        "try_on"
      ]
    }
  },
  "average_vector": {
    "score": 0.7904421091079712,
    "time": 1.295105218887329,
    "start_wsp": {
      "name": "grope.v.2",
      "definition": "search blindly or uncertainly",
      "onyms": [
        "essay",
        "try",
        "assay",
        "grope",
        "attempt",
        "seek"
      ]
    },
    "end_wsp": {
      "name": "try.v.1",
      "definition": "make an effort or attempt",
      "onyms": [
        "take_chances",
        "take_a_dare",
        "seek",
        "gamble",
        "assay",
        "lay_on_the_line",
        "chance",
        "have_a_go",
        "run_a_risk",
        "struggle",
        "pick_up_the_gauntlet",
        "give_it_a_try",
        "essay",
        "act",
        "take_a_chance",
        "adventure",
        "attempt",
        "risk",
        "endeavour",
        "put_on_the_line",
        "hazard",
        "endeavor",
        "strive",
        "try",
        "grope",
        "give_it_a_whirl",
        "fight",
        "move"
      ]
    }
  },
  "complete_link": {
    "score": 0.0812758058309555,
    "time": 0.00014495849609375,
    "start_wsp": {
      "name": "grope.n.0",
      "definition": "the act of groping; and instance of groping",
      "onyms": [
        "grope",
        "touching",
        "touch"
      ]
    },
    "end_wsp": {
      "name": "try.v.6",
      "definition": "give pain or trouble to",
      "onyms": [
        "anguish",
        "try",
        "pain",
        "hurt"
      ]
    }
  },
  "single_link": {
    "score": 1.0,
    "time": 0.00012731552124023438,
    "start_wsp": {
      "name": "grope.n.0",
      "definition": "the act of groping; and instance of groping",
      "onyms": [
        "grope",
        "touching",
        "touch"
      ]
    },
    "end_wsp": {
      "name": "try.v.1",
      "definition": "make an effort or attempt",
      "onyms": [
        "take_chances",
        "take_a_dare",
        "seek",
        "gamble",
        "assay",
        "lay_on_the_line",
        "chance",
        "have_a_go",
        "run_a_risk",
        "struggle",
        "pick_up_the_gauntlet",
        "give_it_a_try",
        "essay",
        "act",
        "take_a_chance",
        "adventure",
        "attempt",
        "risk",
        "endeavour",
        "put_on_the_line",
        "hazard",
        "endeavor",
        "strive",
        "try",
        "grope",
        "give_it_a_whirl",
        "fight",
        "move"
      ]
    }
  },
  "total_vector": {
    "score": 0.7904421091079712,
    "time": 1.2888898849487305,
    "start_wsp": {
      "name": "grope.v.2",
      "definition": "search blindly or uncertainly",
      "onyms": [
        "essay",
        "try",
        "assay",
        "grope",
        "attempt",
        "seek"
      ]
    },
    "end_wsp": {
      "name": "try.v.1",
      "definition": "make an effort or attempt",
      "onyms": [
        "take_chances",
        "take_a_dare",
        "seek",
        "gamble",
        "assay",
        "lay_on_the_line",
        "chance",
        "have_a_go",
        "run_a_risk",
        "struggle",
        "pick_up_the_gauntlet",
        "give_it_a_try",
        "essay",
        "act",
        "take_a_chance",
        "adventure",
        "attempt",
        "risk",
        "endeavour",
        "put_on_the_line",
        "hazard",
        "endeavor",
        "strive",
        "try",
        "grope",
        "give_it_a_whirl",
        "fight",
        "move"
      ]
    }
  }
}