{
  "average_link": {
    "score": 0.10410713025235704,
    "time": 0.0001773834228515625,
    "start_wsp": {
      "name": "guard.n.1",
      "definition": "the person who plays that position on a football team",
      "onyms": [
        "lineman",
        "guard"
      ]
    },
    "end_wsp": {
      "name": "precaution.n.0",
      "definition": "a precautionary measure warding off impending danger or damage or injury etc.",
      "onyms": [
        "security_measures",
        "safeguard",
        "guard",
        "measure",
        "security",
        "step",
        "precaution",
        "backstop"
      ]
    }
  },
  "average_vector": {
    "score": 1.0,
    "time": 15.251621723175049,
    "start_wsp": {
      "name": "guard.n.6",
      "definition": "a precautionary measure warding off impending danger or damage or injury etc.",
      "onyms": [
        "security_measures",
        "safeguard",
        "guard",
        "measure",
        "security",
        "step",
        "precaution",
        "backstop"
      ]
    },
    "end_wsp": {
      "name": "precaution.n.0",
      "definition": "a precautionary measure warding off impending danger or damage or injury etc.",
      "onyms": [
        "security_measures",
        "safeguard",
        "guard",
        "measure",
        "security",
        "step",
        "precaution",
        "backstop"
      ]
    }
  },
  "complete_link": {
    "score": 0.02719690091907978,
    "time": 0.00017023086547851562,
    "start_wsp": {
      "name": "guard.n.6",
      "definition": "a precautionary measure warding off impending danger or damage or injury etc.",
      "onyms": [
        "security_measures",
        "safeguard",
        "guard",
        "measure",
        "security",
        "step",
        "precaution",
        "backstop"
      ]
    },
    "end_wsp": {
      "name": "precaution.n.0",
      "definition": "a precautionary measure warding off impending danger or damage or injury etc.",
      "onyms": [
        "security_measures",
        "safeguard",
        "guard",
        "measure",
        "security",
        "step",
        "precaution",
        "backstop"
      ]
    }
  },
  "single_link": {
    "score": 1.0,
    "time": 0.000156402587890625,
    "start_wsp": {
      "name": "guard.n.0",
      "definition": "a person who keeps watch over something or someone",
      "onyms": [
        "porter",
        "hall_porter",
        "watchman",
        "screener",
        "guard",
        "halberdier",
        "ostiary",
        "guardian",
        "chucker-out",
        "security_guard",
        "watcher",
        "bouncer",
        "defender",
        "doorman",
        "gatekeeper",
        "shielder",
        "protector",
        "doorkeeper",
        "door_guard"
      ]
    },
    "end_wsp": {
      "name": "precaution.n.0",
      "definition": "a precautionary measure warding off impending danger or damage or injury etc.",
      "onyms": [
        "security_measures",
        "safeguard",
        "guard",
        "measure",
        "security",
        "step",
        "precaution",
        "backstop"
      ]
    }
  },
  "total_vector": {
    "score": 1.0,
    "time": 15.081732273101807,
    "start_wsp": {
      "name": "guard.n.6",
      "definition": "a precautionary measure warding off impending danger or damage or injury etc.",
      "onyms": [
        "security_measures",
        "safeguard",
        "guard",
        "measure",
        "security",
        "step",
        "precaution",
        "backstop"
      ]
    },
    "end_wsp": {
      "name": "precaution.n.0",
      "definition": "a precautionary measure warding off impending danger or damage or injury etc.",
      "onyms": [
        "security_measures",
        "safeguard",
        "guard",
        "measure",
        "security",
        "step",
        "precaution",
        "backstop"
      ]
    }
  }
}