{
  "average_link": {
    "score": 0.2767792691787084,
    "time": 4.291534423828125e-05,
    "start_wsp": {
      "name": "halcyon.n.2",
      "definition": "a mythical bird said to breed at the time of the winter solstice in a nest floating on the sea and to have the power of calming the winds and waves",
      "onyms": [
        "mythical_being",
        "halcyon"
      ]
    },
    "end_wsp": {
      "name": "calm.s.6",
      "definition": "not agitated; without losing self-possession",
      "onyms": [
        "tranquil",
        "serene",
        "unagitated",
        "calm"
      ]
    }
  },
  "average_vector": {
    "score": 0.36914610862731934,
    "time": 11.627784729003906,
    "start_wsp": {
      "name": "halcyon.s.4",
      "definition": "marked by peace and prosperity",
      "onyms": [
        "prosperous",
        "golden",
        "halcyon"
      ]
    },
    "end_wsp": {
      "name": "calm.s.6",
      "definition": "not agitated; without losing self-possession",
      "onyms": [
        "tranquil",
        "serene",
        "unagitated",
        "calm"
      ]
    }
  },
  "complete_link": {
    "score": 0.1850348263978958,
    "time": 4.4345855712890625e-05,
    "start_wsp": {
      "name": "halcyon.n.2",
      "definition": "a mythical bird said to breed at the time of the winter solstice in a nest floating on the sea and to have the power of calming the winds and waves",
      "onyms": [
        "mythical_being",
        "halcyon"
      ]
    },
    "end_wsp": {
      "name": "calm.s.6",
      "definition": "not agitated; without losing self-possession",
      "onyms": [
        "tranquil",
        "serene",
        "unagitated",
        "calm"
      ]
    }
  },
  "single_link": {
    "score": 0.39338430762290955,
    "time": 4.7206878662109375e-05,
    "start_wsp": {
      "name": "halcyon.s.4",
      "definition": "marked by peace and prosperity",
      "onyms": [
        "prosperous",
        "golden",
        "halcyon"
      ]
    },
    "end_wsp": {
      "name": "calm.s.6",
      "definition": "not agitated; without losing self-possession",
      "onyms": [
        "tranquil",
        "serene",
        "unagitated",
        "calm"
      ]
    }
  },
  "total_vector": {
    "score": 0.36914610862731934,
    "time": 9.60898470878601,
    "start_wsp": {
      "name": "halcyon.s.4",
      "definition": "marked by peace and prosperity",
      "onyms": [
        "prosperous",
        "golden",
        "halcyon"
      ]
    },
    "end_wsp": {
      "name": "calm.s.6",
      "definition": "not agitated; without losing self-possession",
      "onyms": [
        "tranquil",
        "serene",
        "unagitated",
        "calm"
      ]
    }
  }
}