{
  "average_link": {
    "score": 0.2598901893943548,
    "time": 5.173683166503906e-05,
    "start_wsp": {
      "name": "hawked.v.2",
      "definition": "clear mucus or food from one's throat",
      "onyms": [
        "clear_the_throat",
        "cough",
        "hawk"
      ]
    },
    "end_wsp": {
      "name": "hawk.v.5",
      "definition": "clear mucus or food from one's throat",
      "onyms": [
        "clear_the_throat",
        "cough",
        "hawk"
      ]
    }
  },
  "average_vector": {
    "score": 1.0,
    "time": 1.2659947872161865,
    "start_wsp": {
      "name": "hawked.v.0",
      "definition": "sell or offer for sale from place to place",
      "onyms": [
        "huckster",
        "monger",
        "peddle",
        "hawk",
        "trade",
        "sell",
        "vend",
        "deal",
        "pitch"
      ]
    },
    "end_wsp": {
      "name": "hawk.v.3",
      "definition": "sell or offer for sale from place to place",
      "onyms": [
        "huckster",
        "monger",
        "peddle",
        "hawk",
        "trade",
        "sell",
        "vend",
        "deal",
        "pitch"
      ]
    }
  },
  "complete_link": {
    "score": 0.07397585362195969,
    "time": 5.2928924560546875e-05,
    "start_wsp": {
      "name": "hawked.v.1",
      "definition": "hunt with hawks",
      "onyms": [
        "track_down",
        "hawk",
        "run",
        "hunt",
        "hunt_down"
      ]
    },
    "end_wsp": {
      "name": "hawk.v.4",
      "definition": "hunt with hawks",
      "onyms": [
        "track_down",
        "hawk",
        "run",
        "hunt",
        "hunt_down"
      ]
    }
  },
  "single_link": {
    "score": 1.0,
    "time": 4.8160552978515625e-05,
    "start_wsp": {
      "name": "hawked.v.0",
      "definition": "sell or offer for sale from place to place",
      "onyms": [
        "huckster",
        "monger",
        "peddle",
        "hawk",
        "trade",
        "sell",
        "vend",
        "deal",
        "pitch"
      ]
    },
    "end_wsp": {
      "name": "hawk.n.0",
      "definition": "diurnal bird of prey typically having short rounded wings and a long tail",
      "onyms": [
        "raptor",
        "Accipiter_gentilis",
        "hen_hawk",
        "osprey",
        "tercel",
        "fish_hawk",
        "roughleg",
        "Buteo_lagopus",
        "tercelet",
        "fish_eagle",
        "buzzard",
        "sparrow_hawk",
        "red-tailed_hawk",
        "eyas",
        "hawk",
        "buteonine",
        "Buteo_buteo",
        "goshawk",
        "red-shouldered_hawk",
        "falcon",
        "Cooper's_hawk",
        "redtail",
        "harrier_eagle",
        "tiercel",
        "raptorial_bird",
        "Accipitridae",
        "Pandion_haliaetus",
        "bird_of_prey",
        "blue_darter",
        "rough-legged_hawk",
        "honey_buzzard",
        "Accipiter_cooperii",
        "chicken_hawk",
        "Buteo_lineatus",
        "Accipiter_nisus",
        "short-toed_eagle",
        "kite",
        "harrier",
        "Pernis_apivorus",
        "family_Accipitridae",
        "sea_eagle",
        "Buteo_jamaicensis"
      ]
    }
  },
  "total_vector": {
    "score": 1.0,
    "time": 1.294393539428711,
    "start_wsp": {
      "name": "hawked.v.0",
      "definition": "sell or offer for sale from place to place",
      "onyms": [
        "huckster",
        "monger",
        "peddle",
        "hawk",
        "trade",
        "sell",
        "vend",
        "deal",
        "pitch"
      ]
    },
    "end_wsp": {
      "name": "hawk.v.3",
      "definition": "sell or offer for sale from place to place",
      "onyms": [
        "huckster",
        "monger",
        "peddle",
        "hawk",
        "trade",
        "sell",
        "vend",
        "deal",
        "pitch"
      ]
    }
  }
}