{
  "average_link": {
    "score": 0.09646670016701575,
    "time": 7.414817810058594e-05,
    "start_wsp": {
      "name": "haying.n.0",
      "definition": "the harvesting of hay",
      "onyms": [
        "harvesting",
        "harvest",
        "harvest_home",
        "haying"
      ]
    },
    "end_wsp": {
      "name": "gather.n.1",
      "definition": "the act of gathering something",
      "onyms": [
        "gathering",
        "harvest",
        "collecting",
        "centralization",
        "harvesting",
        "aggregation",
        "assembling",
        "centralisation",
        "collection",
        "harvest_home",
        "gather"
      ]
    }
  },
  "average_vector": {
    "score": 0.6244401335716248,
    "time": 1.4150450229644775,
    "start_wsp": {
      "name": "haying.n.0",
      "definition": "the harvesting of hay",
      "onyms": [
        "harvesting",
        "harvest",
        "harvest_home",
        "haying"
      ]
    },
    "end_wsp": {
      "name": "gather.n.1",
      "definition": "the act of gathering something",
      "onyms": [
        "gathering",
        "harvest",
        "collecting",
        "centralization",
        "harvesting",
        "aggregation",
        "assembling",
        "centralisation",
        "collection",
        "harvest_home",
        "gather"
      ]
    }
  },
  "complete_link": {
    "score": 0.0934247225522995,
    "time": 9.34600830078125e-05,
    "start_wsp": {
      "name": "haying.n.0",
      "definition": "the harvesting of hay",
      "onyms": [
        "harvesting",
        "harvest",
        "harvest_home",
        "haying"
      ]
    },
    "end_wsp": {
      "name": "gather.n.0",
      "definition": "sewing consisting of small folds or puckers made by pulling tight a thread in a line of stitching",
      "onyms": [
        "gathering",
        "gather",
        "stitchery",
        "sewing"
      ]
    }
  },
  "single_link": {
    "score": 1.0,
    "time": 7.748603820800781e-05,
    "start_wsp": {
      "name": "haying.n.0",
      "definition": "the harvesting of hay",
      "onyms": [
        "harvesting",
        "harvest",
        "harvest_home",
        "haying"
      ]
    },
    "end_wsp": {
      "name": "gather.n.1",
      "definition": "the act of gathering something",
      "onyms": [
        "gathering",
        "harvest",
        "collecting",
        "centralization",
        "harvesting",
        "aggregation",
        "assembling",
        "centralisation",
        "collection",
        "harvest_home",
        "gather"
      ]
    }
  },
  "total_vector": {
    "score": 0.6244401335716248,
    "time": 1.3993425369262695,
    "start_wsp": {
      "name": "haying.n.0",
      "definition": "the harvesting of hay",
      "onyms": [
        "harvesting",
        "harvest",
        "harvest_home",
        "haying"
      ]
    },
    "end_wsp": {
      "name": "gather.n.1",
      "definition": "the act of gathering something",
      "onyms": [
        "gathering",
        "harvest",
        "collecting",
        "centralization",
        "harvesting",
        "aggregation",
        "assembling",
        "centralisation",
        "collection",
        "harvest_home",
        "gather"
      ]
    }
  }
}