{
  "average_link": {
    "score": 0.05130907165369502,
    "time": 0.0010716915130615234,
    "start_wsp": {
      "name": "hazarded.v.1",
      "definition": "put at risk",
      "onyms": [
        "stake",
        "venture",
        "adventure",
        "jeopardize",
        "risk",
        "lay_on_the_line",
        "put_on_the_line",
        "hazard"
      ]
    },
    "end_wsp": {
      "name": "hazard.v.4",
      "definition": "put at risk",
      "onyms": [
        "stake",
        "venture",
        "adventure",
        "jeopardize",
        "risk",
        "lay_on_the_line",
        "put_on_the_line",
        "hazard"
      ]
    }
  },
  "average_vector": {
    "score": 1.0,
    "time": 1.3098652362823486,
    "start_wsp": {
      "name": "hazarded.v.0",
      "definition": "put forward, of a guess, in spite of possible refutation",
      "onyms": [
        "guess",
        "venture",
        "predict",
        "surmise",
        "anticipate",
        "promise",
        "call",
        "forebode",
        "suspect",
        "foretell",
        "pretend",
        "speculate",
        "hazard",
        "prognosticate"
      ]
    },
    "end_wsp": {
      "name": "hazard.v.3",
      "definition": "put forward, of a guess, in spite of possible refutation",
      "onyms": [
        "guess",
        "venture",
        "predict",
        "surmise",
        "anticipate",
        "promise",
        "call",
        "forebode",
        "suspect",
        "foretell",
        "pretend",
        "speculate",
        "hazard",
        "prognosticate"
      ]
    }
  },
  "complete_link": {
    "score": 0.045677777379751205,
    "time": 0.0010869503021240234,
    "start_wsp": {
      "name": "hazarded.v.1",
      "definition": "put at risk",
      "onyms": [
        "stake",
        "venture",
        "adventure",
        "jeopardize",
        "risk",
        "lay_on_the_line",
        "put_on_the_line",
        "hazard"
      ]
    },
    "end_wsp": {
      "name": "hazard.v.4",
      "definition": "put at risk",
      "onyms": [
        "stake",
        "venture",
        "adventure",
        "jeopardize",
        "risk",
        "lay_on_the_line",
        "put_on_the_line",
        "hazard"
      ]
    }
  },
  "single_link": {
    "score": 1.0,
    "time": 0.00103759765625,
    "start_wsp": {
      "name": "hazarded.v.0",
      "definition": "put forward, of a guess, in spite of possible refutation",
      "onyms": [
        "guess",
        "venture",
        "predict",
        "surmise",
        "anticipate",
        "promise",
        "call",
        "forebode",
        "suspect",
        "foretell",
        "pretend",
        "speculate",
        "hazard",
        "prognosticate"
      ]
    },
    "end_wsp": {
      "name": "hazard.v.3",
      "definition": "put forward, of a guess, in spite of possible refutation",
      "onyms": [
        "guess",
        "venture",
        "predict",
        "surmise",
        "anticipate",
        "promise",
        "call",
        "forebode",
        "suspect",
        "foretell",
        "pretend",
        "speculate",
        "hazard",
        "prognosticate"
      ]
    }
  },
  "total_vector": {
    "score": 1.0,
    "time": 1.305361270904541,
    "start_wsp": {
      "name": "hazarded.v.1",
      "definition": "put at risk",
      "onyms": [
        "stake",
        "venture",
        "adventure",
        "jeopardize",
        "risk",
        "lay_on_the_line",
        "put_on_the_line",
        "hazard"
      ]
    },
    "end_wsp": {
      "name": "hazard.v.4",
      "definition": "put at risk",
      "onyms": [
        "stake",
        "venture",
        "adventure",
        "jeopardize",
        "risk",
        "lay_on_the_line",
        "put_on_the_line",
        "hazard"
      ]
    }
  }
}