{
  "average_link": {
    "score": 0.15536289215863994,
    "time": 0.0005342960357666016,
    "start_wsp": {
      "name": "haze.n.0",
      "definition": "atmospheric moisture or dust or smoke that causes reduced visibility",
      "onyms": [
        "haze",
        "aerosol"
      ]
    },
    "end_wsp": {
      "name": "daze.n.1",
      "definition": "confusion characterized by lack of clarity",
      "onyms": [
        "haze",
        "confusion",
        "daze",
        "mental_confusion",
        "fog",
        "muddiness",
        "disarray",
        "confusedness"
      ]
    }
  },
  "average_vector": {
    "score": 0.9999999403953552,
    "time": 7.385786294937134,
    "start_wsp": {
      "name": "haze.n.1",
      "definition": "confusion characterized by lack of clarity",
      "onyms": [
        "haze",
        "confusion",
        "daze",
        "mental_confusion",
        "fog",
        "muddiness",
        "disarray",
        "confusedness"
      ]
    },
    "end_wsp": {
      "name": "daze.n.1",
      "definition": "confusion characterized by lack of clarity",
      "onyms": [
        "haze",
        "confusion",
        "daze",
        "mental_confusion",
        "fog",
        "muddiness",
        "disarray",
        "confusedness"
      ]
    }
  },
  "complete_link": {
    "score": 0.07227730005979538,
    "time": 0.0004987716674804688,
    "start_wsp": {
      "name": "haze.n.0",
      "definition": "atmospheric moisture or dust or smoke that causes reduced visibility",
      "onyms": [
        "haze",
        "aerosol"
      ]
    },
    "end_wsp": {
      "name": "daze.v.3",
      "definition": "overcome as with astonishment or disbelief",
      "onyms": [
        "bedaze",
        "daze",
        "desensitize",
        "stun",
        "desensitise"
      ]
    }
  },
  "single_link": {
    "score": 1.0000001192092896,
    "time": 0.0004813671112060547,
    "start_wsp": {
      "name": "haze.n.1",
      "definition": "confusion characterized by lack of clarity",
      "onyms": [
        "haze",
        "confusion",
        "daze",
        "mental_confusion",
        "fog",
        "muddiness",
        "disarray",
        "confusedness"
      ]
    },
    "end_wsp": {
      "name": "daze.n.0",
      "definition": "the feeling of distress and disbelief that you have when something bad happens accidentally",
      "onyms": [
        "daze",
        "stupefaction",
        "stupor",
        "shock"
      ]
    }
  },
  "total_vector": {
    "score": 0.9999999403953552,
    "time": 8.096806764602661,
    "start_wsp": {
      "name": "haze.n.1",
      "definition": "confusion characterized by lack of clarity",
      "onyms": [
        "haze",
        "confusion",
        "daze",
        "mental_confusion",
        "fog",
        "muddiness",
        "disarray",
        "confusedness"
      ]
    },
    "end_wsp": {
      "name": "daze.n.1",
      "definition": "confusion characterized by lack of clarity",
      "onyms": [
        "haze",
        "confusion",
        "daze",
        "mental_confusion",
        "fog",
        "muddiness",
        "disarray",
        "confusedness"
      ]
    }
  }
}