{
  "average_link": {
    "score": 0.5281671384970347,
    "time": 7.05718994140625e-05,
    "start_wsp": {
      "name": "heavy.a.2",
      "definition": "of comparatively great physical weight or density",
      "onyms": [
        "heavy"
      ]
    },
    "end_wsp": {
      "name": "lumbering.s.3",
      "definition": "slow and laborious because of weight",
      "onyms": [
        "ponderous",
        "heavy",
        "lumbering"
      ]
    }
  },
  "average_vector": {
    "score": 1.0,
    "time": 1.2912261486053467,
    "start_wsp": {
      "name": "heavy.s.19",
      "definition": "slow and laborious because of weight",
      "onyms": [
        "ponderous",
        "heavy",
        "lumbering"
      ]
    },
    "end_wsp": {
      "name": "lumbering.s.3",
      "definition": "slow and laborious because of weight",
      "onyms": [
        "ponderous",
        "heavy",
        "lumbering"
      ]
    }
  },
  "complete_link": {
    "score": 0.2920478582382202,
    "time": 6.961822509765625e-05,
    "start_wsp": {
      "name": "heavy.a.2",
      "definition": "of comparatively great physical weight or density",
      "onyms": [
        "heavy"
      ]
    },
    "end_wsp": {
      "name": "lumbering.s.3",
      "definition": "slow and laborious because of weight",
      "onyms": [
        "ponderous",
        "heavy",
        "lumbering"
      ]
    }
  },
  "single_link": {
    "score": 1.0,
    "time": 6.318092346191406e-05,
    "start_wsp": {
      "name": "heavy.s.19",
      "definition": "slow and laborious because of weight",
      "onyms": [
        "ponderous",
        "heavy",
        "lumbering"
      ]
    },
    "end_wsp": {
      "name": "lumbering.n.0",
      "definition": "the trade of cutting or preparing or selling timber",
      "onyms": [
        "trade",
        "craft",
        "lumbering"
      ]
    }
  },
  "total_vector": {
    "score": 1.0,
    "time": 1.2937190532684326,
    "start_wsp": {
      "name": "heavy.s.19",
      "definition": "slow and laborious because of weight",
      "onyms": [
        "ponderous",
        "heavy",
        "lumbering"
      ]
    },
    "end_wsp": {
      "name": "lumbering.s.3",
      "definition": "slow and laborious because of weight",
      "onyms": [
        "ponderous",
        "heavy",
        "lumbering"
      ]
    }
  }
}