{
  "average_link": {
    "score": 0.030676740563164155,
    "time": 0.0004177093505859375,
    "start_wsp": {
      "name": "hiking.v.1",
      "definition": "increase",
      "onyms": [
        "get_up",
        "hike",
        "lift",
        "bring_up",
        "hike_up",
        "boost",
        "raise",
        "elevate"
      ]
    },
    "end_wsp": {
      "name": "exercise.v.5",
      "definition": "put to use",
      "onyms": [
        "apply",
        "use",
        "exercise",
        "exert",
        "utilise",
        "utilize",
        "employ"
      ]
    }
  },
  "average_vector": {
    "score": 0.45641452074050903,
    "time": 1.4224658012390137,
    "start_wsp": {
      "name": "hiking.v.1",
      "definition": "increase",
      "onyms": [
        "get_up",
        "hike",
        "lift",
        "bring_up",
        "hike_up",
        "boost",
        "raise",
        "elevate"
      ]
    },
    "end_wsp": {
      "name": "exercise.v.8",
      "definition": "do physical exercise",
      "onyms": [
        "tone_up",
        "work_out",
        "loosen_up",
        "weightlift",
        "limber_up",
        "train",
        "weight-lift",
        "exercise",
        "warm_up",
        "tumble",
        "press",
        "tone",
        "strengthen"
      ]
    }
  },
  "complete_link": {
    "score": 0.024271797388792038,
    "time": 0.00042319297790527344,
    "start_wsp": {
      "name": "hiking.v.1",
      "definition": "increase",
      "onyms": [
        "get_up",
        "hike",
        "lift",
        "bring_up",
        "hike_up",
        "boost",
        "raise",
        "elevate"
      ]
    },
    "end_wsp": {
      "name": "exercise.n.3",
      "definition": "a task performed or problem solved in order to develop skill or understanding",
      "onyms": [
        "example",
        "exercise",
        "lesson"
      ]
    }
  },
  "single_link": {
    "score": 0.546215832233429,
    "time": 0.0003771781921386719,
    "start_wsp": {
      "name": "hiking.v.1",
      "definition": "increase",
      "onyms": [
        "get_up",
        "hike",
        "lift",
        "bring_up",
        "hike_up",
        "boost",
        "raise",
        "elevate"
      ]
    },
    "end_wsp": {
      "name": "exercise.v.8",
      "definition": "do physical exercise",
      "onyms": [
        "tone_up",
        "work_out",
        "loosen_up",
        "weightlift",
        "limber_up",
        "train",
        "weight-lift",
        "exercise",
        "warm_up",
        "tumble",
        "press",
        "tone",
        "strengthen"
      ]
    }
  },
  "total_vector": {
    "score": 0.4564145505428314,
    "time": 1.4033191204071045,
    "start_wsp": {
      "name": "hiking.v.1",
      "definition": "increase",
      "onyms": [
        "get_up",
        "hike",
        "lift",
        "bring_up",
        "hike_up",
        "boost",
        "raise",
        "elevate"
      ]
    },
    "end_wsp": {
      "name": "exercise.v.8",
      "definition": "do physical exercise",
      "onyms": [
        "tone_up",
        "work_out",
        "loosen_up",
        "weightlift",
        "limber_up",
        "train",
        "weight-lift",
        "exercise",
        "warm_up",
        "tumble",
        "press",
        "tone",
        "strengthen"
      ]
    }
  }
}