{
  "average_link": {
    "score": 0.1344435065984726,
    "time": 1.5735626220703125e-05,
    "start_wsp": {
      "name": "homespun.s.3",
      "definition": "made of cloth spun or woven in the home",
      "onyms": [
        "homespun"
      ]
    },
    "end_wsp": {
      "name": "home.a.11",
      "definition": "used of your own ground",
      "onyms": [
        "home"
      ]
    }
  },
  "average_vector": {
    "score": 0.32259634137153625,
    "time": 11.008217096328735,
    "start_wsp": {
      "name": "homespun.n.0",
      "definition": "a rough loosely woven fabric originally made with yarn that was spun at home",
      "onyms": [
        "homespun",
        "textile",
        "cloth",
        "russet",
        "material",
        "fabric"
      ]
    },
    "end_wsp": {
      "name": "home.n.1",
      "definition": "housing that someone is living in",
      "onyms": [
        "condominium",
        "lake_dwelling",
        "bathroom",
        "bedchamber",
        "sitting_room",
        "domicile",
        "dining-room",
        "den",
        "condo",
        "living-room",
        "lodge",
        "family_room",
        "cliff_dwelling",
        "sleeping_room",
        "dining_room",
        "vacation_home",
        "semi-detached_house",
        "bedroom",
        "housing",
        "kitchen",
        "indian_lodge",
        "dwelling",
        "hermitage",
        "fixer-upper",
        "abode",
        "pile_dwelling",
        "hearth",
        "lodging",
        "sleeping_accommodation",
        "fireside",
        "living_room",
        "habitation",
        "homestead",
        "messuage",
        "dinette",
        "yurt",
        "living_accommodations",
        "house",
        "front_room",
        "parlor",
        "home",
        "bath",
        "parlour",
        "chamber",
        "dressing_room",
        "dwelling_house"
      ]
    }
  },
  "complete_link": {
    "score": 0.1344435065984726,
    "time": 1.5735626220703125e-05,
    "start_wsp": {
      "name": "homespun.s.3",
      "definition": "made of cloth spun or woven in the home",
      "onyms": [
        "homespun"
      ]
    },
    "end_wsp": {
      "name": "home.a.11",
      "definition": "used of your own ground",
      "onyms": [
        "home"
      ]
    }
  },
  "single_link": {
    "score": 0.3484989106655121,
    "time": 1.4781951904296875e-05,
    "start_wsp": {
      "name": "homespun.n.0",
      "definition": "a rough loosely woven fabric originally made with yarn that was spun at home",
      "onyms": [
        "homespun",
        "textile",
        "cloth",
        "russet",
        "material",
        "fabric"
      ]
    },
    "end_wsp": {
      "name": "home.n.3",
      "definition": "(baseball) base consisting of a rubber slab where the batter stands; it must be touched by a base runner in order to score",
      "onyms": [
        "home_plate",
        "home_base",
        "bag",
        "home",
        "plate",
        "base"
      ]
    }
  },
  "total_vector": {
    "score": 0.32259634137153625,
    "time": 9.606679916381836,
    "start_wsp": {
      "name": "homespun.n.0",
      "definition": "a rough loosely woven fabric originally made with yarn that was spun at home",
      "onyms": [
        "homespun",
        "textile",
        "cloth",
        "russet",
        "material",
        "fabric"
      ]
    },
    "end_wsp": {
      "name": "home.n.1",
      "definition": "housing that someone is living in",
      "onyms": [
        "condominium",
        "lake_dwelling",
        "bathroom",
        "bedchamber",
        "sitting_room",
        "domicile",
        "dining-room",
        "den",
        "condo",
        "living-room",
        "lodge",
        "family_room",
        "cliff_dwelling",
        "sleeping_room",
        "dining_room",
        "vacation_home",
        "semi-detached_house",
        "bedroom",
        "housing",
        "kitchen",
        "indian_lodge",
        "dwelling",
        "hermitage",
        "fixer-upper",
        "abode",
        "pile_dwelling",
        "hearth",
        "lodging",
        "sleeping_accommodation",
        "fireside",
        "living_room",
        "habitation",
        "homestead",
        "messuage",
        "dinette",
        "yurt",
        "living_accommodations",
        "house",
        "front_room",
        "parlor",
        "home",
        "bath",
        "parlour",
        "chamber",
        "dressing_room",
        "dwelling_house"
      ]
    }
  }
}