{
  "average_link": {
    "score": 0.43631553947925567,
    "time": 5.3882598876953125e-05,
    "start_wsp": {
      "name": "honey.s.3",
      "definition": "of something having the color of honey",
      "onyms": [
        "honey"
      ]
    },
    "end_wsp": {
      "name": "sweetening.n.0",
      "definition": "something added to foods to make them taste sweeter",
      "onyms": [
        "sweetener",
        "saccharin",
        "syrup",
        "flavourer",
        "flavoring",
        "flavouring",
        "flavorer",
        "honey",
        "refined_sugar",
        "aspartame",
        "sugar",
        "sirup",
        "sweetening",
        "seasoner",
        "seasoning"
      ]
    }
  },
  "average_vector": {
    "score": 0.79128098487854,
    "time": 1.3038675785064697,
    "start_wsp": {
      "name": "honey.n.0",
      "definition": "a sweet yellow liquid produced by bees",
      "onyms": [
        "sweetener",
        "honey",
        "oenomel",
        "sweetening",
        "mead"
      ]
    },
    "end_wsp": {
      "name": "sweetening.n.0",
      "definition": "something added to foods to make them taste sweeter",
      "onyms": [
        "sweetener",
        "saccharin",
        "syrup",
        "flavourer",
        "flavoring",
        "flavouring",
        "flavorer",
        "honey",
        "refined_sugar",
        "aspartame",
        "sugar",
        "sirup",
        "sweetening",
        "seasoner",
        "seasoning"
      ]
    }
  },
  "complete_link": {
    "score": 0.25843656063079834,
    "time": 4.935264587402344e-05,
    "start_wsp": {
      "name": "honey.s.3",
      "definition": "of something having the color of honey",
      "onyms": [
        "honey"
      ]
    },
    "end_wsp": {
      "name": "sweetening.n.2",
      "definition": "the act of adding a sweetener to food",
      "onyms": [
        "sweetening",
        "seasoning"
      ]
    }
  },
  "single_link": {
    "score": 1.0,
    "time": 4.792213439941406e-05,
    "start_wsp": {
      "name": "honey.n.0",
      "definition": "a sweet yellow liquid produced by bees",
      "onyms": [
        "sweetener",
        "honey",
        "oenomel",
        "sweetening",
        "mead"
      ]
    },
    "end_wsp": {
      "name": "sweetening.n.0",
      "definition": "something added to foods to make them taste sweeter",
      "onyms": [
        "sweetener",
        "saccharin",
        "syrup",
        "flavourer",
        "flavoring",
        "flavouring",
        "flavorer",
        "honey",
        "refined_sugar",
        "aspartame",
        "sugar",
        "sirup",
        "sweetening",
        "seasoner",
        "seasoning"
      ]
    }
  },
  "total_vector": {
    "score": 0.79128098487854,
    "time": 1.3215124607086182,
    "start_wsp": {
      "name": "honey.n.0",
      "definition": "a sweet yellow liquid produced by bees",
      "onyms": [
        "sweetener",
        "honey",
        "oenomel",
        "sweetening",
        "mead"
      ]
    },
    "end_wsp": {
      "name": "sweetening.n.0",
      "definition": "something added to foods to make them taste sweeter",
      "onyms": [
        "sweetener",
        "saccharin",
        "syrup",
        "flavourer",
        "flavoring",
        "flavouring",
        "flavorer",
        "honey",
        "refined_sugar",
        "aspartame",
        "sugar",
        "sirup",
        "sweetening",
        "seasoner",
        "seasoning"
      ]
    }
  }
}