{
  "average_link": {
    "score": 0.12094399250305161,
    "time": 0.0012881755828857422,
    "start_wsp": {
      "name": "howler.n.1",
      "definition": "monkey of tropical South American forests having a loud howling cry",
      "onyms": [
        "platyrrhinian",
        "platyrrhine",
        "Alouatta",
        "New_World_monkey",
        "howler",
        "howler_monkey",
        "genus_Alouatta"
      ]
    },
    "end_wsp": {
      "name": "blunder.n.0",
      "definition": "an embarrassing mistake",
      "onyms": [
        "trip-up",
        "stumble",
        "clanger",
        "fluff",
        "trip",
        "error",
        "snafu",
        "howler",
        "flub",
        "botch",
        "boo-boo",
        "foul-up",
        "fuckup",
        "slip",
        "blunder",
        "fumble",
        "pratfall",
        "fault",
        "bobble",
        "faux_pas",
        "muff",
        "bull",
        "spectacle",
        "bloomer",
        "bungle",
        "solecism",
        "gaffe",
        "boner",
        "misstep",
        "mistake",
        "blooper",
        "gaucherie"
      ]
    }
  },
  "average_vector": {
    "score": 0.9514022469520569,
    "time": 1.4081783294677734,
    "start_wsp": {
      "name": "howler.n.2",
      "definition": "a glaring blunder",
      "onyms": [
        "boo-boo",
        "foul-up",
        "fuckup",
        "boner",
        "blunder",
        "pratfall",
        "blooper",
        "howler",
        "bloomer",
        "bungle",
        "flub",
        "botch"
      ]
    },
    "end_wsp": {
      "name": "blunder.n.0",
      "definition": "an embarrassing mistake",
      "onyms": [
        "trip-up",
        "stumble",
        "clanger",
        "fluff",
        "trip",
        "error",
        "snafu",
        "howler",
        "flub",
        "botch",
        "boo-boo",
        "foul-up",
        "fuckup",
        "slip",
        "blunder",
        "fumble",
        "pratfall",
        "fault",
        "bobble",
        "faux_pas",
        "muff",
        "bull",
        "spectacle",
        "bloomer",
        "bungle",
        "solecism",
        "gaffe",
        "boner",
        "misstep",
        "mistake",
        "blooper",
        "gaucherie"
      ]
    }
  },
  "complete_link": {
    "score": 0.04739978536963463,
    "time": 0.0010173320770263672,
    "start_wsp": {
      "name": "howler.n.0",
      "definition": "a joke that seems extremely funny",
      "onyms": [
        "riot",
        "belly_laugh",
        "thigh-slapper",
        "joke",
        "sidesplitter",
        "jape",
        "wow",
        "laugh",
        "gag",
        "scream",
        "howler",
        "jest"
      ]
    },
    "end_wsp": {
      "name": "blunder.v.2",
      "definition": "make one's way clumsily or blindly",
      "onyms": [
        "fumble",
        "blunder",
        "go_through",
        "go_across",
        "pass"
      ]
    }
  },
  "single_link": {
    "score": 1.0,
    "time": 0.0009350776672363281,
    "start_wsp": {
      "name": "howler.n.2",
      "definition": "a glaring blunder",
      "onyms": [
        "boo-boo",
        "foul-up",
        "fuckup",
        "boner",
        "blunder",
        "pratfall",
        "blooper",
        "howler",
        "bloomer",
        "bungle",
        "flub",
        "botch"
      ]
    },
    "end_wsp": {
      "name": "blunder.n.0",
      "definition": "an embarrassing mistake",
      "onyms": [
        "trip-up",
        "stumble",
        "clanger",
        "fluff",
        "trip",
        "error",
        "snafu",
        "howler",
        "flub",
        "botch",
        "boo-boo",
        "foul-up",
        "fuckup",
        "slip",
        "blunder",
        "fumble",
        "pratfall",
        "fault",
        "bobble",
        "faux_pas",
        "muff",
        "bull",
        "spectacle",
        "bloomer",
        "bungle",
        "solecism",
        "gaffe",
        "boner",
        "misstep",
        "mistake",
        "blooper",
        "gaucherie"
      ]
    }
  },
  "total_vector": {
    "score": 0.9514022469520569,
    "time": 1.3992815017700195,
    "start_wsp": {
      "name": "howler.n.2",
      "definition": "a glaring blunder",
      "onyms": [
        "boo-boo",
        "foul-up",
        "fuckup",
        "boner",
        "blunder",
        "pratfall",
        "blooper",
        "howler",
        "bloomer",
        "bungle",
        "flub",
        "botch"
      ]
    },
    "end_wsp": {
      "name": "blunder.n.0",
      "definition": "an embarrassing mistake",
      "onyms": [
        "trip-up",
        "stumble",
        "clanger",
        "fluff",
        "trip",
        "error",
        "snafu",
        "howler",
        "flub",
        "botch",
        "boo-boo",
        "foul-up",
        "fuckup",
        "slip",
        "blunder",
        "fumble",
        "pratfall",
        "fault",
        "bobble",
        "faux_pas",
        "muff",
        "bull",
        "spectacle",
        "bloomer",
        "bungle",
        "solecism",
        "gaffe",
        "boner",
        "misstep",
        "mistake",
        "blooper",
        "gaucherie"
      ]
    }
  }
}