{
  "average_link": {
    "score": 0.31609462946653366,
    "time": 0.0001323223114013672,
    "start_wsp": {
      "name": "implanted.v.1",
      "definition": "become attached to and embedded in the uterus",
      "onyms": [
        "attach",
        "implant"
      ]
    },
    "end_wsp": {
      "name": "implant.v.2",
      "definition": "become attached to and embedded in the uterus",
      "onyms": [
        "attach",
        "implant"
      ]
    }
  },
  "average_vector": {
    "score": 1.0,
    "time": 5.752334833145142,
    "start_wsp": {
      "name": "implanted.v.1",
      "definition": "become attached to and embedded in the uterus",
      "onyms": [
        "attach",
        "implant"
      ]
    },
    "end_wsp": {
      "name": "implant.v.2",
      "definition": "become attached to and embedded in the uterus",
      "onyms": [
        "attach",
        "implant"
      ]
    }
  },
  "complete_link": {
    "score": 0.26437851786613464,
    "time": 0.00016117095947265625,
    "start_wsp": {
      "name": "implanted.v.1",
      "definition": "become attached to and embedded in the uterus",
      "onyms": [
        "attach",
        "implant"
      ]
    },
    "end_wsp": {
      "name": "implant.v.2",
      "definition": "become attached to and embedded in the uterus",
      "onyms": [
        "attach",
        "implant"
      ]
    }
  },
  "single_link": {
    "score": 1.0000001192092896,
    "time": 0.00013780593872070312,
    "start_wsp": {
      "name": "implanted.v.0",
      "definition": "fix or set securely or deeply",
      "onyms": [
        "embed",
        "imbed",
        "nest",
        "infix",
        "introduce",
        "insert",
        "implant",
        "engraft",
        "bury",
        "enter",
        "sink",
        "pot",
        "plant"
      ]
    },
    "end_wsp": {
      "name": "implant.v.1",
      "definition": "fix or set securely or deeply",
      "onyms": [
        "embed",
        "imbed",
        "nest",
        "infix",
        "introduce",
        "insert",
        "implant",
        "engraft",
        "bury",
        "enter",
        "sink",
        "pot",
        "plant"
      ]
    }
  },
  "total_vector": {
    "score": 1.0,
    "time": 5.667094469070435,
    "start_wsp": {
      "name": "implanted.v.1",
      "definition": "become attached to and embedded in the uterus",
      "onyms": [
        "attach",
        "implant"
      ]
    },
    "end_wsp": {
      "name": "implant.v.2",
      "definition": "become attached to and embedded in the uterus",
      "onyms": [
        "attach",
        "implant"
      ]
    }
  }
}