{
  "average_link": {
    "score": 0.6169068217277527,
    "time": 1.5497207641601562e-05,
    "start_wsp": {
      "name": "improved.a.2",
      "definition": "made more desirable or valuable or profitable; especially made ready for use or marketing",
      "onyms": [
        "improved"
      ]
    },
    "end_wsp": {
      "name": "enhanced.s.2",
      "definition": "increased or intensified in value or beauty or quality",
      "onyms": [
        "enhanced"
      ]
    }
  },
  "average_vector": {
    "score": 0.8374397158622742,
    "time": 1.3723118305206299,
    "start_wsp": {
      "name": "improved.v.0",
      "definition": "to make better",
      "onyms": [
        "relieve",
        "alter",
        "help",
        "lift",
        "embellish",
        "turn_around",
        "ameliorate",
        "reform",
        "educate",
        "put_right",
        "build_up",
        "regenerate",
        "fancify",
        "iron_out",
        "alleviate",
        "furbish_up",
        "restore",
        "fructify",
        "amend",
        "palliate",
        "condition",
        "mend",
        "distill",
        "repair",
        "advance",
        "bushel",
        "touch_on",
        "improve",
        "change",
        "upgrade",
        "enhance",
        "hone",
        "revitalize",
        "sublimate",
        "make_pure",
        "assuage",
        "better",
        "fix",
        "emend",
        "purify",
        "aid",
        "polish",
        "raise",
        "doctor",
        "beautify",
        "down",
        "straighten_out",
        "build",
        "meliorate",
        "develop",
        "refine",
        "prettify",
        "perfect",
        "enrich",
        "modify",
        "fine-tune"
      ]
    },
    "end_wsp": {
      "name": "enhanced.v.1",
      "definition": "make better or more attractive",
      "onyms": [
        "touch_up",
        "amend",
        "retouch",
        "follow_up",
        "meliorate",
        "better",
        "ameliorate",
        "improve",
        "enhance"
      ]
    }
  },
  "complete_link": {
    "score": 0.6169068217277527,
    "time": 1.5735626220703125e-05,
    "start_wsp": {
      "name": "improved.a.2",
      "definition": "made more desirable or valuable or profitable; especially made ready for use or marketing",
      "onyms": [
        "improved"
      ]
    },
    "end_wsp": {
      "name": "enhanced.s.2",
      "definition": "increased or intensified in value or beauty or quality",
      "onyms": [
        "enhanced"
      ]
    }
  },
  "single_link": {
    "score": 1.0,
    "time": 1.5020370483398438e-05,
    "start_wsp": {
      "name": "improved.v.0",
      "definition": "to make better",
      "onyms": [
        "relieve",
        "alter",
        "help",
        "lift",
        "embellish",
        "turn_around",
        "ameliorate",
        "reform",
        "educate",
        "put_right",
        "build_up",
        "regenerate",
        "fancify",
        "iron_out",
        "alleviate",
        "furbish_up",
        "restore",
        "fructify",
        "amend",
        "palliate",
        "condition",
        "mend",
        "distill",
        "repair",
        "advance",
        "bushel",
        "touch_on",
        "improve",
        "change",
        "upgrade",
        "enhance",
        "hone",
        "revitalize",
        "sublimate",
        "make_pure",
        "assuage",
        "better",
        "fix",
        "emend",
        "purify",
        "aid",
        "polish",
        "raise",
        "doctor",
        "beautify",
        "down",
        "straighten_out",
        "build",
        "meliorate",
        "develop",
        "refine",
        "prettify",
        "perfect",
        "enrich",
        "modify",
        "fine-tune"
      ]
    },
    "end_wsp": {
      "name": "enhanced.v.0",
      "definition": "increase",
      "onyms": [
        "deepen",
        "heighten",
        "potentiate",
        "intensify",
        "compound",
        "enhance",
        "raise"
      ]
    }
  },
  "total_vector": {
    "score": 0.8374397158622742,
    "time": 1.3659448623657227,
    "start_wsp": {
      "name": "improved.v.0",
      "definition": "to make better",
      "onyms": [
        "relieve",
        "alter",
        "help",
        "lift",
        "embellish",
        "turn_around",
        "ameliorate",
        "reform",
        "educate",
        "put_right",
        "build_up",
        "regenerate",
        "fancify",
        "iron_out",
        "alleviate",
        "furbish_up",
        "restore",
        "fructify",
        "amend",
        "palliate",
        "condition",
        "mend",
        "distill",
        "repair",
        "advance",
        "bushel",
        "touch_on",
        "improve",
        "change",
        "upgrade",
        "enhance",
        "hone",
        "revitalize",
        "sublimate",
        "make_pure",
        "assuage",
        "better",
        "fix",
        "emend",
        "purify",
        "aid",
        "polish",
        "raise",
        "doctor",
        "beautify",
        "down",
        "straighten_out",
        "build",
        "meliorate",
        "develop",
        "refine",
        "prettify",
        "perfect",
        "enrich",
        "modify",
        "fine-tune"
      ]
    },
    "end_wsp": {
      "name": "enhanced.v.1",
      "definition": "make better or more attractive",
      "onyms": [
        "touch_up",
        "amend",
        "retouch",
        "follow_up",
        "meliorate",
        "better",
        "ameliorate",
        "improve",
        "enhance"
      ]
    }
  }
}