{
  "average_link": {
    "score": 0.5128872990608215,
    "time": 8.034706115722656e-05,
    "start_wsp": {
      "name": "incorrect.s.2",
      "definition": "(of a word or expression) not agreeing with grammatical principles",
      "onyms": [
        "incorrect"
      ]
    },
    "end_wsp": {
      "name": "mistaken.s.3",
      "definition": "arising from error",
      "onyms": [
        "mistaken",
        "false"
      ]
    }
  },
  "average_vector": {
    "score": 0.6481132507324219,
    "time": 1.3484711647033691,
    "start_wsp": {
      "name": "incorrect.s.3",
      "definition": "characterized by errors; not agreeing with a model or not following established rules; ; ; the wrong side of the road\"",
      "onyms": [
        "incorrect",
        "wrong",
        "faulty"
      ]
    },
    "end_wsp": {
      "name": "mistaken.s.3",
      "definition": "arising from error",
      "onyms": [
        "mistaken",
        "false"
      ]
    }
  },
  "complete_link": {
    "score": 0.4874972701072693,
    "time": 7.963180541992188e-05,
    "start_wsp": {
      "name": "incorrect.s.2",
      "definition": "(of a word or expression) not agreeing with grammatical principles",
      "onyms": [
        "incorrect"
      ]
    },
    "end_wsp": {
      "name": "mistaken.s.3",
      "definition": "arising from error",
      "onyms": [
        "mistaken",
        "false"
      ]
    }
  },
  "single_link": {
    "score": 0.5382773280143738,
    "time": 7.963180541992188e-05,
    "start_wsp": {
      "name": "incorrect.a.0",
      "definition": "not correct; not in conformity with fact or truth",
      "onyms": [
        "incorrect",
        "wrong"
      ]
    },
    "end_wsp": {
      "name": "mistaken.s.3",
      "definition": "arising from error",
      "onyms": [
        "mistaken",
        "false"
      ]
    }
  },
  "total_vector": {
    "score": 0.6481131911277771,
    "time": 1.3382658958435059,
    "start_wsp": {
      "name": "incorrect.s.3",
      "definition": "characterized by errors; not agreeing with a model or not following established rules; ; ; the wrong side of the road\"",
      "onyms": [
        "incorrect",
        "wrong",
        "faulty"
      ]
    },
    "end_wsp": {
      "name": "mistaken.s.3",
      "definition": "arising from error",
      "onyms": [
        "mistaken",
        "false"
      ]
    }
  }
}