{
  "average_link": {
    "score": 0.09425664693117142,
    "time": 0.0005240440368652344,
    "start_wsp": {
      "name": "indulgence.n.0",
      "definition": "an inability to resist the gratification of whims and desires",
      "onyms": [
        "indiscipline",
        "self-indulgence",
        "luxury",
        "undiscipline",
        "indulgence"
      ]
    },
    "end_wsp": {
      "name": "indulge.v.0",
      "definition": "give free rein to",
      "onyms": [
        "wallow",
        "indulge"
      ]
    }
  },
  "average_vector": {
    "score": 0.6285306215286255,
    "time": 13.451402425765991,
    "start_wsp": {
      "name": "indulgence.n.2",
      "definition": "the act of indulging or gratifying a desire",
      "onyms": [
        "pampering",
        "gratification",
        "binge",
        "indulging",
        "overindulgence",
        "splurge",
        "humoring",
        "orgy",
        "self-indulgence",
        "intemperateness",
        "intemperance",
        "excess",
        "indulgence"
      ]
    },
    "end_wsp": {
      "name": "indulge.v.0",
      "definition": "give free rein to",
      "onyms": [
        "wallow",
        "indulge"
      ]
    }
  },
  "complete_link": {
    "score": 0.1932738870382309,
    "time": 0.0005462169647216797,
    "start_wsp": {
      "name": "indulgence.n.2",
      "definition": "the act of indulging or gratifying a desire",
      "onyms": [
        "pampering",
        "gratification",
        "binge",
        "indulging",
        "overindulgence",
        "splurge",
        "humoring",
        "orgy",
        "self-indulgence",
        "intemperateness",
        "intemperance",
        "excess",
        "indulgence"
      ]
    },
    "end_wsp": {
      "name": "indulge.v.0",
      "definition": "give free rein to",
      "onyms": [
        "wallow",
        "indulge"
      ]
    }
  },
  "single_link": {
    "score": 0.7474067211151123,
    "time": 0.0004961490631103516,
    "start_wsp": {
      "name": "indulgence.n.2",
      "definition": "the act of indulging or gratifying a desire",
      "onyms": [
        "pampering",
        "gratification",
        "binge",
        "indulging",
        "overindulgence",
        "splurge",
        "humoring",
        "orgy",
        "self-indulgence",
        "intemperateness",
        "intemperance",
        "excess",
        "indulgence"
      ]
    },
    "end_wsp": {
      "name": "indulge.v.0",
      "definition": "give free rein to",
      "onyms": [
        "wallow",
        "indulge"
      ]
    }
  },
  "total_vector": {
    "score": 0.6285306215286255,
    "time": 12.093997716903687,
    "start_wsp": {
      "name": "indulgence.n.2",
      "definition": "the act of indulging or gratifying a desire",
      "onyms": [
        "pampering",
        "gratification",
        "binge",
        "indulging",
        "overindulgence",
        "splurge",
        "humoring",
        "orgy",
        "self-indulgence",
        "intemperateness",
        "intemperance",
        "excess",
        "indulgence"
      ]
    },
    "end_wsp": {
      "name": "indulge.v.0",
      "definition": "give free rein to",
      "onyms": [
        "wallow",
        "indulge"
      ]
    }
  }
}