{
  "average_link": {
    "score": 0.15891000151168555,
    "time": 7.009506225585938e-05,
    "start_wsp": {
      "name": "inside.a.2",
      "definition": "relating to or being on the side closer to the center or within a defined space",
      "onyms": [
        "inside"
      ]
    },
    "end_wsp": {
      "name": "region.n.0",
      "definition": "the extended spatial location of something",
      "onyms": [
        "Witwatersrand",
        "E_layer",
        "promised_land",
        "layer",
        "maria",
        "part",
        "Doris",
        "top",
        "Appleton_layer",
        "interior",
        "vacuity",
        "inside",
        "Edgeworth-Kuiper_belt",
        "sign_of_the_zodiac",
        "star_sign",
        "distance",
        "mansion",
        "the_pits",
        "exterior",
        "interstellar_space",
        "side",
        "Heaviside_layer",
        "hell",
        "D-layer",
        "inferno",
        "Shangri-la",
        "paradise",
        "county",
        "radius",
        "nirvana",
        "location",
        "ionosphere",
        "region",
        "Papua",
        "Rand",
        "outside",
        "aerospace",
        "Eden",
        "hell_on_earth",
        "Transylvania",
        "biosphere",
        "E_region",
        "snake_pit",
        "Sind",
        "interplanetary_space",
        "heaven",
        "Achaea",
        "heliosphere",
        "planetary_house",
        "zodiac",
        "sign",
        "hellhole",
        "extremity",
        "intergalactic_space",
        "house",
        "Kuiper_belt",
        "vacuum",
        "F_region",
        "bottom",
        "belt",
        "zone",
        "depth",
        "Cynoscephalae",
        "mare",
        "Kennelly-Heaviside_layer",
        "Reef",
        "D_region",
        "atmosphere",
        "air",
        "F_layer",
        "black_hole",
        "deep_space"
      ]
    }
  },
  "average_vector": {
    "score": 0.6219123005867004,
    "time": 11.684003591537476,
    "start_wsp": {
      "name": "inside.n.0",
      "definition": "the region that is inside of something",
      "onyms": [
        "midland",
        "part",
        "interior",
        "inside",
        "penetralia",
        "midst",
        "thick",
        "region"
      ]
    },
    "end_wsp": {
      "name": "region.n.0",
      "definition": "the extended spatial location of something",
      "onyms": [
        "Witwatersrand",
        "E_layer",
        "promised_land",
        "layer",
        "maria",
        "part",
        "Doris",
        "top",
        "Appleton_layer",
        "interior",
        "vacuity",
        "inside",
        "Edgeworth-Kuiper_belt",
        "sign_of_the_zodiac",
        "star_sign",
        "distance",
        "mansion",
        "the_pits",
        "exterior",
        "interstellar_space",
        "side",
        "Heaviside_layer",
        "hell",
        "D-layer",
        "inferno",
        "Shangri-la",
        "paradise",
        "county",
        "radius",
        "nirvana",
        "location",
        "ionosphere",
        "region",
        "Papua",
        "Rand",
        "outside",
        "aerospace",
        "Eden",
        "hell_on_earth",
        "Transylvania",
        "biosphere",
        "E_region",
        "snake_pit",
        "Sind",
        "interplanetary_space",
        "heaven",
        "Achaea",
        "heliosphere",
        "planetary_house",
        "zodiac",
        "sign",
        "hellhole",
        "extremity",
        "intergalactic_space",
        "house",
        "Kuiper_belt",
        "vacuum",
        "F_region",
        "bottom",
        "belt",
        "zone",
        "depth",
        "Cynoscephalae",
        "mare",
        "Kennelly-Heaviside_layer",
        "Reef",
        "D_region",
        "atmosphere",
        "air",
        "F_layer",
        "black_hole",
        "deep_space"
      ]
    }
  },
  "complete_link": {
    "score": 0.03743983432650566,
    "time": 4.6253204345703125e-05,
    "start_wsp": {
      "name": "inside.a.2",
      "definition": "relating to or being on the side closer to the center or within a defined space",
      "onyms": [
        "inside"
      ]
    },
    "end_wsp": {
      "name": "region.n.4",
      "definition": "a knowledge domain that you are interested in or are communicating about",
      "onyms": [
        "knowledge_base",
        "domain",
        "knowledge_domain",
        "realm",
        "region"
      ]
    }
  },
  "single_link": {
    "score": 1.0,
    "time": 3.4809112548828125e-05,
    "start_wsp": {
      "name": "inside.n.0",
      "definition": "the region that is inside of something",
      "onyms": [
        "midland",
        "part",
        "interior",
        "inside",
        "penetralia",
        "midst",
        "thick",
        "region"
      ]
    },
    "end_wsp": {
      "name": "region.n.0",
      "definition": "the extended spatial location of something",
      "onyms": [
        "Witwatersrand",
        "E_layer",
        "promised_land",
        "layer",
        "maria",
        "part",
        "Doris",
        "top",
        "Appleton_layer",
        "interior",
        "vacuity",
        "inside",
        "Edgeworth-Kuiper_belt",
        "sign_of_the_zodiac",
        "star_sign",
        "distance",
        "mansion",
        "the_pits",
        "exterior",
        "interstellar_space",
        "side",
        "Heaviside_layer",
        "hell",
        "D-layer",
        "inferno",
        "Shangri-la",
        "paradise",
        "county",
        "radius",
        "nirvana",
        "location",
        "ionosphere",
        "region",
        "Papua",
        "Rand",
        "outside",
        "aerospace",
        "Eden",
        "hell_on_earth",
        "Transylvania",
        "biosphere",
        "E_region",
        "snake_pit",
        "Sind",
        "interplanetary_space",
        "heaven",
        "Achaea",
        "heliosphere",
        "planetary_house",
        "zodiac",
        "sign",
        "hellhole",
        "extremity",
        "intergalactic_space",
        "house",
        "Kuiper_belt",
        "vacuum",
        "F_region",
        "bottom",
        "belt",
        "zone",
        "depth",
        "Cynoscephalae",
        "mare",
        "Kennelly-Heaviside_layer",
        "Reef",
        "D_region",
        "atmosphere",
        "air",
        "F_layer",
        "black_hole",
        "deep_space"
      ]
    }
  },
  "total_vector": {
    "score": 0.6219122409820557,
    "time": 12.735898971557617,
    "start_wsp": {
      "name": "inside.n.0",
      "definition": "the region that is inside of something",
      "onyms": [
        "midland",
        "part",
        "interior",
        "inside",
        "penetralia",
        "midst",
        "thick",
        "region"
      ]
    },
    "end_wsp": {
      "name": "region.n.0",
      "definition": "the extended spatial location of something",
      "onyms": [
        "Witwatersrand",
        "E_layer",
        "promised_land",
        "layer",
        "maria",
        "part",
        "Doris",
        "top",
        "Appleton_layer",
        "interior",
        "vacuity",
        "inside",
        "Edgeworth-Kuiper_belt",
        "sign_of_the_zodiac",
        "star_sign",
        "distance",
        "mansion",
        "the_pits",
        "exterior",
        "interstellar_space",
        "side",
        "Heaviside_layer",
        "hell",
        "D-layer",
        "inferno",
        "Shangri-la",
        "paradise",
        "county",
        "radius",
        "nirvana",
        "location",
        "ionosphere",
        "region",
        "Papua",
        "Rand",
        "outside",
        "aerospace",
        "Eden",
        "hell_on_earth",
        "Transylvania",
        "biosphere",
        "E_region",
        "snake_pit",
        "Sind",
        "interplanetary_space",
        "heaven",
        "Achaea",
        "heliosphere",
        "planetary_house",
        "zodiac",
        "sign",
        "hellhole",
        "extremity",
        "intergalactic_space",
        "house",
        "Kuiper_belt",
        "vacuum",
        "F_region",
        "bottom",
        "belt",
        "zone",
        "depth",
        "Cynoscephalae",
        "mare",
        "Kennelly-Heaviside_layer",
        "Reef",
        "D_region",
        "atmosphere",
        "air",
        "F_layer",
        "black_hole",
        "deep_space"
      ]
    }
  }
}