{
  "average_link": {
    "score": 0.3425395091374715,
    "time": 0.00093841552734375,
    "start_wsp": {
      "name": "intellectual.a.2",
      "definition": "appealing to or using the intellect",
      "onyms": [
        "intellectual"
      ]
    },
    "end_wsp": {
      "name": "intellect.n.0",
      "definition": "knowledge and intellectual ability",
      "onyms": [
        "intelligence",
        "mind",
        "intellect"
      ]
    }
  },
  "average_vector": {
    "score": 1.0,
    "time": 1.3328545093536377,
    "start_wsp": {
      "name": "intellectual.n.0",
      "definition": "a person who uses the mind creatively",
      "onyms": [
        "brain",
        "intellect",
        "expounder",
        "expositor",
        "highbrow",
        "visionary",
        "somebody",
        "mentor",
        "someone",
        "thinker",
        "aphorist",
        "bookman",
        "mind",
        "person",
        "genius",
        "synthesist",
        "illusionist",
        "seer",
        "soul",
        "scholar",
        "doubter",
        "wonderer",
        "brainiac",
        "intellectual",
        "egghead",
        "mortal",
        "scholarly_person",
        "specifier",
        "theorizer",
        "decoder",
        "decipherer",
        "student",
        "skeptic",
        "synthesiser",
        "exponent",
        "idealogue",
        "creative_thinker",
        "theoretician",
        "theoriser",
        "clever_Dick",
        "wise_man",
        "theorist",
        "alchemist",
        "synthesizer",
        "Einstein",
        "individual",
        "clever_clogs",
        "mastermind",
        "bel_esprit",
        "subjectivist",
        "anomalist",
        "sceptic"
      ]
    },
    "end_wsp": {
      "name": "intellect.n.2",
      "definition": "a person who uses the mind creatively",
      "onyms": [
        "brain",
        "intellect",
        "expounder",
        "expositor",
        "highbrow",
        "visionary",
        "somebody",
        "mentor",
        "someone",
        "thinker",
        "aphorist",
        "bookman",
        "mind",
        "person",
        "genius",
        "synthesist",
        "illusionist",
        "seer",
        "soul",
        "scholar",
        "doubter",
        "wonderer",
        "brainiac",
        "intellectual",
        "egghead",
        "mortal",
        "scholarly_person",
        "specifier",
        "theorizer",
        "decoder",
        "decipherer",
        "student",
        "skeptic",
        "synthesiser",
        "exponent",
        "idealogue",
        "creative_thinker",
        "theoretician",
        "theoriser",
        "clever_Dick",
        "wise_man",
        "theorist",
        "alchemist",
        "synthesizer",
        "Einstein",
        "individual",
        "clever_clogs",
        "mastermind",
        "bel_esprit",
        "subjectivist",
        "anomalist",
        "sceptic"
      ]
    }
  },
  "complete_link": {
    "score": 0.1570381075143814,
    "time": 0.0008122920989990234,
    "start_wsp": {
      "name": "intellectual.a.2",
      "definition": "appealing to or using the intellect",
      "onyms": [
        "intellectual"
      ]
    },
    "end_wsp": {
      "name": "intellect.n.0",
      "definition": "knowledge and intellectual ability",
      "onyms": [
        "intelligence",
        "mind",
        "intellect"
      ]
    }
  },
  "single_link": {
    "score": 1.0000001192092896,
    "time": 0.0007772445678710938,
    "start_wsp": {
      "name": "intellectual.n.0",
      "definition": "a person who uses the mind creatively",
      "onyms": [
        "brain",
        "intellect",
        "expounder",
        "expositor",
        "highbrow",
        "visionary",
        "somebody",
        "mentor",
        "someone",
        "thinker",
        "aphorist",
        "bookman",
        "mind",
        "person",
        "genius",
        "synthesist",
        "illusionist",
        "seer",
        "soul",
        "scholar",
        "doubter",
        "wonderer",
        "brainiac",
        "intellectual",
        "egghead",
        "mortal",
        "scholarly_person",
        "specifier",
        "theorizer",
        "decoder",
        "decipherer",
        "student",
        "skeptic",
        "synthesiser",
        "exponent",
        "idealogue",
        "creative_thinker",
        "theoretician",
        "theoriser",
        "clever_Dick",
        "wise_man",
        "theorist",
        "alchemist",
        "synthesizer",
        "Einstein",
        "individual",
        "clever_clogs",
        "mastermind",
        "bel_esprit",
        "subjectivist",
        "anomalist",
        "sceptic"
      ]
    },
    "end_wsp": {
      "name": "intellect.n.2",
      "definition": "a person who uses the mind creatively",
      "onyms": [
        "brain",
        "intellect",
        "expounder",
        "expositor",
        "highbrow",
        "visionary",
        "somebody",
        "mentor",
        "someone",
        "thinker",
        "aphorist",
        "bookman",
        "mind",
        "person",
        "genius",
        "synthesist",
        "illusionist",
        "seer",
        "soul",
        "scholar",
        "doubter",
        "wonderer",
        "brainiac",
        "intellectual",
        "egghead",
        "mortal",
        "scholarly_person",
        "specifier",
        "theorizer",
        "decoder",
        "decipherer",
        "student",
        "skeptic",
        "synthesiser",
        "exponent",
        "idealogue",
        "creative_thinker",
        "theoretician",
        "theoriser",
        "clever_Dick",
        "wise_man",
        "theorist",
        "alchemist",
        "synthesizer",
        "Einstein",
        "individual",
        "clever_clogs",
        "mastermind",
        "bel_esprit",
        "subjectivist",
        "anomalist",
        "sceptic"
      ]
    }
  },
  "total_vector": {
    "score": 1.0,
    "time": 1.3500893115997314,
    "start_wsp": {
      "name": "intellectual.n.0",
      "definition": "a person who uses the mind creatively",
      "onyms": [
        "brain",
        "intellect",
        "expounder",
        "expositor",
        "highbrow",
        "visionary",
        "somebody",
        "mentor",
        "someone",
        "thinker",
        "aphorist",
        "bookman",
        "mind",
        "person",
        "genius",
        "synthesist",
        "illusionist",
        "seer",
        "soul",
        "scholar",
        "doubter",
        "wonderer",
        "brainiac",
        "intellectual",
        "egghead",
        "mortal",
        "scholarly_person",
        "specifier",
        "theorizer",
        "decoder",
        "decipherer",
        "student",
        "skeptic",
        "synthesiser",
        "exponent",
        "idealogue",
        "creative_thinker",
        "theoretician",
        "theoriser",
        "clever_Dick",
        "wise_man",
        "theorist",
        "alchemist",
        "synthesizer",
        "Einstein",
        "individual",
        "clever_clogs",
        "mastermind",
        "bel_esprit",
        "subjectivist",
        "anomalist",
        "sceptic"
      ]
    },
    "end_wsp": {
      "name": "intellect.n.2",
      "definition": "a person who uses the mind creatively",
      "onyms": [
        "brain",
        "intellect",
        "expounder",
        "expositor",
        "highbrow",
        "visionary",
        "somebody",
        "mentor",
        "someone",
        "thinker",
        "aphorist",
        "bookman",
        "mind",
        "person",
        "genius",
        "synthesist",
        "illusionist",
        "seer",
        "soul",
        "scholar",
        "doubter",
        "wonderer",
        "brainiac",
        "intellectual",
        "egghead",
        "mortal",
        "scholarly_person",
        "specifier",
        "theorizer",
        "decoder",
        "decipherer",
        "student",
        "skeptic",
        "synthesiser",
        "exponent",
        "idealogue",
        "creative_thinker",
        "theoretician",
        "theoriser",
        "clever_Dick",
        "wise_man",
        "theorist",
        "alchemist",
        "synthesizer",
        "Einstein",
        "individual",
        "clever_clogs",
        "mastermind",
        "bel_esprit",
        "subjectivist",
        "anomalist",
        "sceptic"
      ]
    }
  }
}