{
  "average_link": {
    "score": 0.06004006275907159,
    "time": 0.0005710124969482422,
    "start_wsp": {
      "name": "intern.v.2",
      "definition": "work as an intern",
      "onyms": [
        "work",
        "intern"
      ]
    },
    "end_wsp": {
      "name": "doctor.n.2",
      "definition": "children take the roles of physician or patient or nurse and pretend they are at the physician's office",
      "onyms": [
        "child's_play",
        "doctor",
        "play"
      ]
    }
  },
  "average_vector": {
    "score": 0.8079361915588379,
    "time": 7.007774353027344,
    "start_wsp": {
      "name": "intern.n.0",
      "definition": "an advanced student or graduate in medicine gaining supervised practical experience (`houseman' is a British term)",
      "onyms": [
        "intern",
        "doc",
        "medico",
        "physician",
        "houseman",
        "interne",
        "MD",
        "Dr.",
        "doctor",
        "medical_intern"
      ]
    },
    "end_wsp": {
      "name": "doctor.n.0",
      "definition": "a licensed medical practitioner",
      "onyms": [
        "Friedrich_Anton_Mesmer",
        "Harry_Fitch_Kleinfelter",
        "Philippus_Aureolus_Paracelsus",
        "medical_man",
        "allergist",
        "Robert_Barany",
        "hakeem",
        "Bartholin",
        "resident",
        "Peter_Mark_Roget",
        "Huntington",
        "von_Willebrand",
        "medical_specialist",
        "Avicenna",
        "Clemence_Sophia_Harned_Lozier",
        "Gilbert",
        "Ross",
        "vet",
        "interne",
        "Abu_Ali_al-Husain_ibn_Abdallah_ibn_Sina",
        "Barany",
        "Etienne-Louis_Arthur_Fallot",
        "ibn-Roshd",
        "house_physician",
        "Schweitzer",
        "Burrill_Bernard_Crohn",
        "houseman",
        "primary_care_physician",
        "David_Bruce",
        "Sir_Patrick_Manson",
        "Paracelsus",
        "specialist",
        "Sir_Ronald_Ross",
        "Roget",
        "Erik_von_Willebrand",
        "Erik_Adolf_von_Willebrand",
        "Sir_David_Bruce",
        "Simpson",
        "English_Hippocrates",
        "George_Huntington",
        "Edward_Jenner",
        "Dr.",
        "Sydenham",
        "Shaw",
        "Eijkman",
        "Christiaan_Eijkman",
        "medical_extern",
        "resident_physician",
        "Sir_James_Young_Simpson",
        "Abul-Walid_Mohammed_ibn-Ahmad_Ibn-Mohammed_ibn-Roshd",
        "Rush",
        "Lozier",
        "Thomas_Sydenham",
        "Fallot",
        "Thomas_Hodgkin",
        "Bruce",
        "Willebrand",
        "Caspar_Bartholin",
        "intern",
        "physician",
        "veterinary_surgeon",
        "Franz_Anton_Mesmer",
        "E._A._von_Willebrand",
        "ibn-Sina",
        "Jacobs",
        "GP",
        "surgeon",
        "John_L._H._Down",
        "angiologist",
        "medical_intern",
        "Manson",
        "Jenner",
        "William_Harvey",
        "Averroes",
        "Mesmer",
        "medical_practitioner",
        "doctor-patient_relation",
        "Klinefelter",
        "operating_surgeon",
        "Theophrastus_Philippus_Aureolus_Bombastus_von_Hohenheim",
        "Down",
        "Albert_Schweitzer",
        "extern",
        "abortionist",
        "Anna_Howard_Shaw",
        "quack",
        "MD",
        "general_practitioner",
        "sawbones",
        "Aletta_Jacobs",
        "Hodgkin",
        "gastroenterologist",
        "doc",
        "veterinarian",
        "Benjamin_Rush",
        "Crohn",
        "William_Gilbert",
        "hakim",
        "Harry_F._Klinefelter",
        "medico",
        "doctor",
        "veterinary",
        "Harvey"
      ]
    }
  },
  "complete_link": {
    "score": 0.024068068712949753,
    "time": 0.0005347728729248047,
    "start_wsp": {
      "name": "intern.v.1",
      "definition": "deprive of freedom",
      "onyms": [
        "detain",
        "intern",
        "confine"
      ]
    },
    "end_wsp": {
      "name": "doctor.n.3",
      "definition": "a person who holds Ph.D. degree (or the equivalent) from an academic institution",
      "onyms": [
        "scholar",
        "scholarly_person",
        "Dr.",
        "bookman",
        "doctor",
        "student"
      ]
    }
  },
  "single_link": {
    "score": 1.0,
    "time": 0.0005056858062744141,
    "start_wsp": {
      "name": "intern.n.0",
      "definition": "an advanced student or graduate in medicine gaining supervised practical experience (`houseman' is a British term)",
      "onyms": [
        "intern",
        "doc",
        "medico",
        "physician",
        "houseman",
        "interne",
        "MD",
        "Dr.",
        "doctor",
        "medical_intern"
      ]
    },
    "end_wsp": {
      "name": "doctor.n.0",
      "definition": "a licensed medical practitioner",
      "onyms": [
        "Friedrich_Anton_Mesmer",
        "Harry_Fitch_Kleinfelter",
        "Philippus_Aureolus_Paracelsus",
        "medical_man",
        "allergist",
        "Robert_Barany",
        "hakeem",
        "Bartholin",
        "resident",
        "Peter_Mark_Roget",
        "Huntington",
        "von_Willebrand",
        "medical_specialist",
        "Avicenna",
        "Clemence_Sophia_Harned_Lozier",
        "Gilbert",
        "Ross",
        "vet",
        "interne",
        "Abu_Ali_al-Husain_ibn_Abdallah_ibn_Sina",
        "Barany",
        "Etienne-Louis_Arthur_Fallot",
        "ibn-Roshd",
        "house_physician",
        "Schweitzer",
        "Burrill_Bernard_Crohn",
        "houseman",
        "primary_care_physician",
        "David_Bruce",
        "Sir_Patrick_Manson",
        "Paracelsus",
        "specialist",
        "Sir_Ronald_Ross",
        "Roget",
        "Erik_von_Willebrand",
        "Erik_Adolf_von_Willebrand",
        "Sir_David_Bruce",
        "Simpson",
        "English_Hippocrates",
        "George_Huntington",
        "Edward_Jenner",
        "Dr.",
        "Sydenham",
        "Shaw",
        "Eijkman",
        "Christiaan_Eijkman",
        "medical_extern",
        "resident_physician",
        "Sir_James_Young_Simpson",
        "Abul-Walid_Mohammed_ibn-Ahmad_Ibn-Mohammed_ibn-Roshd",
        "Rush",
        "Lozier",
        "Thomas_Sydenham",
        "Fallot",
        "Thomas_Hodgkin",
        "Bruce",
        "Willebrand",
        "Caspar_Bartholin",
        "intern",
        "physician",
        "veterinary_surgeon",
        "Franz_Anton_Mesmer",
        "E._A._von_Willebrand",
        "ibn-Sina",
        "Jacobs",
        "GP",
        "surgeon",
        "John_L._H._Down",
        "angiologist",
        "medical_intern",
        "Manson",
        "Jenner",
        "William_Harvey",
        "Averroes",
        "Mesmer",
        "medical_practitioner",
        "doctor-patient_relation",
        "Klinefelter",
        "operating_surgeon",
        "Theophrastus_Philippus_Aureolus_Bombastus_von_Hohenheim",
        "Down",
        "Albert_Schweitzer",
        "extern",
        "abortionist",
        "Anna_Howard_Shaw",
        "quack",
        "MD",
        "general_practitioner",
        "sawbones",
        "Aletta_Jacobs",
        "Hodgkin",
        "gastroenterologist",
        "doc",
        "veterinarian",
        "Benjamin_Rush",
        "Crohn",
        "William_Gilbert",
        "hakim",
        "Harry_F._Klinefelter",
        "medico",
        "doctor",
        "veterinary",
        "Harvey"
      ]
    }
  },
  "total_vector": {
    "score": 0.8079361319541931,
    "time": 7.6937479972839355,
    "start_wsp": {
      "name": "intern.n.0",
      "definition": "an advanced student or graduate in medicine gaining supervised practical experience (`houseman' is a British term)",
      "onyms": [
        "intern",
        "doc",
        "medico",
        "physician",
        "houseman",
        "interne",
        "MD",
        "Dr.",
        "doctor",
        "medical_intern"
      ]
    },
    "end_wsp": {
      "name": "doctor.n.0",
      "definition": "a licensed medical practitioner",
      "onyms": [
        "Friedrich_Anton_Mesmer",
        "Harry_Fitch_Kleinfelter",
        "Philippus_Aureolus_Paracelsus",
        "medical_man",
        "allergist",
        "Robert_Barany",
        "hakeem",
        "Bartholin",
        "resident",
        "Peter_Mark_Roget",
        "Huntington",
        "von_Willebrand",
        "medical_specialist",
        "Avicenna",
        "Clemence_Sophia_Harned_Lozier",
        "Gilbert",
        "Ross",
        "vet",
        "interne",
        "Abu_Ali_al-Husain_ibn_Abdallah_ibn_Sina",
        "Barany",
        "Etienne-Louis_Arthur_Fallot",
        "ibn-Roshd",
        "house_physician",
        "Schweitzer",
        "Burrill_Bernard_Crohn",
        "houseman",
        "primary_care_physician",
        "David_Bruce",
        "Sir_Patrick_Manson",
        "Paracelsus",
        "specialist",
        "Sir_Ronald_Ross",
        "Roget",
        "Erik_von_Willebrand",
        "Erik_Adolf_von_Willebrand",
        "Sir_David_Bruce",
        "Simpson",
        "English_Hippocrates",
        "George_Huntington",
        "Edward_Jenner",
        "Dr.",
        "Sydenham",
        "Shaw",
        "Eijkman",
        "Christiaan_Eijkman",
        "medical_extern",
        "resident_physician",
        "Sir_James_Young_Simpson",
        "Abul-Walid_Mohammed_ibn-Ahmad_Ibn-Mohammed_ibn-Roshd",
        "Rush",
        "Lozier",
        "Thomas_Sydenham",
        "Fallot",
        "Thomas_Hodgkin",
        "Bruce",
        "Willebrand",
        "Caspar_Bartholin",
        "intern",
        "physician",
        "veterinary_surgeon",
        "Franz_Anton_Mesmer",
        "E._A._von_Willebrand",
        "ibn-Sina",
        "Jacobs",
        "GP",
        "surgeon",
        "John_L._H._Down",
        "angiologist",
        "medical_intern",
        "Manson",
        "Jenner",
        "William_Harvey",
        "Averroes",
        "Mesmer",
        "medical_practitioner",
        "doctor-patient_relation",
        "Klinefelter",
        "operating_surgeon",
        "Theophrastus_Philippus_Aureolus_Bombastus_von_Hohenheim",
        "Down",
        "Albert_Schweitzer",
        "extern",
        "abortionist",
        "Anna_Howard_Shaw",
        "quack",
        "MD",
        "general_practitioner",
        "sawbones",
        "Aletta_Jacobs",
        "Hodgkin",
        "gastroenterologist",
        "doc",
        "veterinarian",
        "Benjamin_Rush",
        "Crohn",
        "William_Gilbert",
        "hakim",
        "Harry_F._Klinefelter",
        "medico",
        "doctor",
        "veterinary",
        "Harvey"
      ]
    }
  }
}