{
  "average_link": {
    "score": 0.09585673306137324,
    "time": 0.002986431121826172,
    "start_wsp": {
      "name": "interference.n.0",
      "definition": "a policy of intervening in the affairs of other countries",
      "onyms": [
        "intervention",
        "interference",
        "foreign_policy"
      ]
    },
    "end_wsp": {
      "name": "noise.n.5",
      "definition": "the quality of lacking any predictable order or plan",
      "onyms": [
        "noise",
        "ergodicity",
        "unregularity",
        "irregularity",
        "randomness",
        "stochasticity",
        "haphazardness"
      ]
    }
  },
  "average_vector": {
    "score": 1.0,
    "time": 1.3709454536437988,
    "start_wsp": {
      "name": "interference.n.2",
      "definition": "electrical or acoustic activity that can disturb communication",
      "onyms": [
        "noise",
        "atmospheric_static",
        "fadeout",
        "interference",
        "XT",
        "jitter",
        "background_signal",
        "background",
        "atmospherics",
        "clutter",
        "trouble",
        "static",
        "crosstalk",
        "disturbance",
        "white_noise"
      ]
    },
    "end_wsp": {
      "name": "noise.n.2",
      "definition": "electrical or acoustic activity that can disturb communication",
      "onyms": [
        "noise",
        "atmospheric_static",
        "fadeout",
        "interference",
        "XT",
        "jitter",
        "background_signal",
        "background",
        "atmospherics",
        "clutter",
        "trouble",
        "static",
        "crosstalk",
        "disturbance",
        "white_noise"
      ]
    }
  },
  "complete_link": {
    "score": 0.029845664277672768,
    "time": 0.0029201507568359375,
    "start_wsp": {
      "name": "interference.n.2",
      "definition": "electrical or acoustic activity that can disturb communication",
      "onyms": [
        "noise",
        "atmospheric_static",
        "fadeout",
        "interference",
        "XT",
        "jitter",
        "background_signal",
        "background",
        "atmospherics",
        "clutter",
        "trouble",
        "static",
        "crosstalk",
        "disturbance",
        "white_noise"
      ]
    },
    "end_wsp": {
      "name": "noise.n.4",
      "definition": "incomprehensibility resulting from irrelevant information or meaningless facts or remarks",
      "onyms": [
        "noise",
        "incomprehensibility"
      ]
    }
  },
  "single_link": {
    "score": 1.0000001192092896,
    "time": 0.003119230270385742,
    "start_wsp": {
      "name": "interference.n.2",
      "definition": "electrical or acoustic activity that can disturb communication",
      "onyms": [
        "noise",
        "atmospheric_static",
        "fadeout",
        "interference",
        "XT",
        "jitter",
        "background_signal",
        "background",
        "atmospherics",
        "clutter",
        "trouble",
        "static",
        "crosstalk",
        "disturbance",
        "white_noise"
      ]
    },
    "end_wsp": {
      "name": "noise.n.2",
      "definition": "electrical or acoustic activity that can disturb communication",
      "onyms": [
        "noise",
        "atmospheric_static",
        "fadeout",
        "interference",
        "XT",
        "jitter",
        "background_signal",
        "background",
        "atmospherics",
        "clutter",
        "trouble",
        "static",
        "crosstalk",
        "disturbance",
        "white_noise"
      ]
    }
  },
  "total_vector": {
    "score": 0.9999999403953552,
    "time": 1.3483400344848633,
    "start_wsp": {
      "name": "interference.n.2",
      "definition": "electrical or acoustic activity that can disturb communication",
      "onyms": [
        "noise",
        "atmospheric_static",
        "fadeout",
        "interference",
        "XT",
        "jitter",
        "background_signal",
        "background",
        "atmospherics",
        "clutter",
        "trouble",
        "static",
        "crosstalk",
        "disturbance",
        "white_noise"
      ]
    },
    "end_wsp": {
      "name": "noise.n.2",
      "definition": "electrical or acoustic activity that can disturb communication",
      "onyms": [
        "noise",
        "atmospheric_static",
        "fadeout",
        "interference",
        "XT",
        "jitter",
        "background_signal",
        "background",
        "atmospherics",
        "clutter",
        "trouble",
        "static",
        "crosstalk",
        "disturbance",
        "white_noise"
      ]
    }
  }
}