{
  "average_link": {
    "score": 0.1954183727502823,
    "time": 8.678436279296875e-05,
    "start_wsp": {
      "name": "introductory.s.0",
      "definition": "serving to open or begin",
      "onyms": [
        "introductory"
      ]
    },
    "end_wsp": {
      "name": "preceding.a.5",
      "definition": "existing or coming before",
      "onyms": [
        "preceding"
      ]
    }
  },
  "average_vector": {
    "score": 0.38253676891326904,
    "time": 1.3824858665466309,
    "start_wsp": {
      "name": "introductory.s.2",
      "definition": "serving as an introduction or preface",
      "onyms": [
        "introductory",
        "prefatorial",
        "prefatory"
      ]
    },
    "end_wsp": {
      "name": "preceding.v.4",
      "definition": "furnish with a preface or introduction",
      "onyms": [
        "premise",
        "introduce",
        "say",
        "preface",
        "prologise",
        "preamble",
        "state",
        "prologuize",
        "tell",
        "prologize",
        "precede"
      ]
    }
  },
  "complete_link": {
    "score": 0.1954183727502823,
    "time": 8.654594421386719e-05,
    "start_wsp": {
      "name": "introductory.s.0",
      "definition": "serving to open or begin",
      "onyms": [
        "introductory"
      ]
    },
    "end_wsp": {
      "name": "preceding.a.5",
      "definition": "existing or coming before",
      "onyms": [
        "preceding"
      ]
    }
  },
  "single_link": {
    "score": 0.5186830163002014,
    "time": 7.557868957519531e-05,
    "start_wsp": {
      "name": "introductory.s.2",
      "definition": "serving as an introduction or preface",
      "onyms": [
        "introductory",
        "prefatorial",
        "prefatory"
      ]
    },
    "end_wsp": {
      "name": "preceding.v.4",
      "definition": "furnish with a preface or introduction",
      "onyms": [
        "premise",
        "introduce",
        "say",
        "preface",
        "prologise",
        "preamble",
        "state",
        "prologuize",
        "tell",
        "prologize",
        "precede"
      ]
    }
  },
  "total_vector": {
    "score": 0.38253676891326904,
    "time": 1.412736177444458,
    "start_wsp": {
      "name": "introductory.s.2",
      "definition": "serving as an introduction or preface",
      "onyms": [
        "introductory",
        "prefatorial",
        "prefatory"
      ]
    },
    "end_wsp": {
      "name": "preceding.v.4",
      "definition": "furnish with a preface or introduction",
      "onyms": [
        "premise",
        "introduce",
        "say",
        "preface",
        "prologise",
        "preamble",
        "state",
        "prologuize",
        "tell",
        "prologize",
        "precede"
      ]
    }
  }
}