{
  "average_link": {
    "score": 0.08167298531532288,
    "time": 0.0002734661102294922,
    "start_wsp": {
      "name": "invest.v.4",
      "definition": "place ceremoniously or formally in an office or position",
      "onyms": [
        "instal",
        "seat",
        "invest",
        "induct",
        "install"
      ]
    },
    "end_wsp": {
      "name": "induct.v.0",
      "definition": "place ceremoniously or formally in an office or position",
      "onyms": [
        "instal",
        "seat",
        "invest",
        "induct",
        "install"
      ]
    }
  },
  "average_vector": {
    "score": 1.0,
    "time": 1.4333415031433105,
    "start_wsp": {
      "name": "invest.v.4",
      "definition": "place ceremoniously or formally in an office or position",
      "onyms": [
        "instal",
        "seat",
        "invest",
        "induct",
        "install"
      ]
    },
    "end_wsp": {
      "name": "induct.v.0",
      "definition": "place ceremoniously or formally in an office or position",
      "onyms": [
        "instal",
        "seat",
        "invest",
        "induct",
        "install"
      ]
    }
  },
  "complete_link": {
    "score": 0.05648629367351532,
    "time": 0.00024700164794921875,
    "start_wsp": {
      "name": "invest.v.4",
      "definition": "place ceremoniously or formally in an office or position",
      "onyms": [
        "instal",
        "seat",
        "invest",
        "induct",
        "install"
      ]
    },
    "end_wsp": {
      "name": "induct.v.0",
      "definition": "place ceremoniously or formally in an office or position",
      "onyms": [
        "instal",
        "seat",
        "invest",
        "induct",
        "install"
      ]
    }
  },
  "single_link": {
    "score": 1.0,
    "time": 0.00021839141845703125,
    "start_wsp": {
      "name": "invest.v.0",
      "definition": "make an investment",
      "onyms": [
        "roll_over",
        "drop",
        "shelter",
        "put",
        "spend",
        "invest",
        "fund",
        "commit",
        "tie_up",
        "buy_into",
        "expend",
        "speculate",
        "job",
        "place"
      ]
    },
    "end_wsp": {
      "name": "induct.v.0",
      "definition": "place ceremoniously or formally in an office or position",
      "onyms": [
        "instal",
        "seat",
        "invest",
        "induct",
        "install"
      ]
    }
  },
  "total_vector": {
    "score": 1.0,
    "time": 1.4109916687011719,
    "start_wsp": {
      "name": "invest.v.4",
      "definition": "place ceremoniously or formally in an office or position",
      "onyms": [
        "instal",
        "seat",
        "invest",
        "induct",
        "install"
      ]
    },
    "end_wsp": {
      "name": "induct.v.0",
      "definition": "place ceremoniously or formally in an office or position",
      "onyms": [
        "instal",
        "seat",
        "invest",
        "induct",
        "install"
      ]
    }
  }
}