{
  "average_link": {
    "score": 0.10834316371215715,
    "time": 0.00025010108947753906,
    "start_wsp": {
      "name": "irregularity.n.2",
      "definition": "an irregular asymmetry in shape; an irregular spatial pattern",
      "onyms": [
        "asymmetry",
        "irregularity",
        "imbalance",
        "geometrical_irregularity",
        "dissymmetry"
      ]
    },
    "end_wsp": {
      "name": "abnormality.n.3",
      "definition": "behavior that breaches the rule or etiquette or custom or morality",
      "onyms": [
        "misdeed",
        "irregularity",
        "misbehaviour",
        "deviation",
        "misbehavior",
        "abnormality",
        "deviance"
      ]
    }
  },
  "average_vector": {
    "score": 1.0,
    "time": 1.297515869140625,
    "start_wsp": {
      "name": "irregularity.n.0",
      "definition": "behavior that breaches the rule or etiquette or custom or morality",
      "onyms": [
        "misdeed",
        "irregularity",
        "misbehaviour",
        "deviation",
        "misbehavior",
        "abnormality",
        "deviance"
      ]
    },
    "end_wsp": {
      "name": "abnormality.n.3",
      "definition": "behavior that breaches the rule or etiquette or custom or morality",
      "onyms": [
        "misdeed",
        "irregularity",
        "misbehaviour",
        "deviation",
        "misbehavior",
        "abnormality",
        "deviance"
      ]
    }
  },
  "complete_link": {
    "score": 0.19556924700737,
    "time": 0.0002586841583251953,
    "start_wsp": {
      "name": "irregularity.n.0",
      "definition": "behavior that breaches the rule or etiquette or custom or morality",
      "onyms": [
        "misdeed",
        "irregularity",
        "misbehaviour",
        "deviation",
        "misbehavior",
        "abnormality",
        "deviance"
      ]
    },
    "end_wsp": {
      "name": "abnormality.n.3",
      "definition": "behavior that breaches the rule or etiquette or custom or morality",
      "onyms": [
        "misdeed",
        "irregularity",
        "misbehaviour",
        "deviation",
        "misbehavior",
        "abnormality",
        "deviance"
      ]
    }
  },
  "single_link": {
    "score": 1.0000001192092896,
    "time": 0.00024008750915527344,
    "start_wsp": {
      "name": "irregularity.n.0",
      "definition": "behavior that breaches the rule or etiquette or custom or morality",
      "onyms": [
        "misdeed",
        "irregularity",
        "misbehaviour",
        "deviation",
        "misbehavior",
        "abnormality",
        "deviance"
      ]
    },
    "end_wsp": {
      "name": "abnormality.n.0",
      "definition": "an abnormal physical condition resulting from defective genes or developmental deficiencies",
      "onyms": [
        "anomaly",
        "macrencephaly",
        "phimosis",
        "wryneck",
        "aberrance",
        "pachycheilia",
        "acephaly",
        "hydrocephalus",
        "dysplasia",
        "spinal_curvature",
        "heterotaxy",
        "squint",
        "progeria",
        "foetal_distress",
        "physical_condition",
        "atypicality",
        "irritation",
        "varix",
        "untypicality",
        "hydrocephaly",
        "microbrachia",
        "pneumothorax",
        "lagophthalmos",
        "anomalousness",
        "cryptorchism",
        "infantilism",
        "anorchism",
        "palmature",
        "nanophthalmos",
        "physiological_condition",
        "hydatidiform_mole",
        "microcephalus",
        "microcephaly",
        "aberration",
        "megalocephaly",
        "subnormality",
        "hypospadias",
        "amastia",
        "acorea",
        "retroflexion",
        "fixation",
        "inversion",
        "acromikria",
        "nanocephaly",
        "megalohepatia",
        "acephalism",
        "obliquity",
        "abrachia",
        "atresia",
        "hydatid_mole",
        "hydramnios",
        "strabismus",
        "macrocephaly",
        "ectrodactyly",
        "regression",
        "deviance",
        "cryptorchidy",
        "mental_abnormality",
        "torticollis",
        "hypervitaminosis",
        "brachydactyly",
        "megacephaly",
        "deviated_septum",
        "abnormalcy",
        "cyclopia",
        "anorchidism",
        "asynclitism",
        "physiological_state",
        "sequela",
        "molar_pregnancy",
        "gynecomastia",
        "acardia",
        "dextrocardia",
        "infantile_fixation",
        "cryptorchidism",
        "aberrancy",
        "brachydactylia",
        "transposition",
        "abnormality",
        "acephalia",
        "aneuploidy",
        "hepatomegaly",
        "acromicria",
        "erethism",
        "fetal_distress",
        "anorchia",
        "acromphalus",
        "arrested_development",
        "retroflection",
        "retroversion"
      ]
    }
  },
  "total_vector": {
    "score": 1.0,
    "time": 1.3103687763214111,
    "start_wsp": {
      "name": "irregularity.n.0",
      "definition": "behavior that breaches the rule or etiquette or custom or morality",
      "onyms": [
        "misdeed",
        "irregularity",
        "misbehaviour",
        "deviation",
        "misbehavior",
        "abnormality",
        "deviance"
      ]
    },
    "end_wsp": {
      "name": "abnormality.n.3",
      "definition": "behavior that breaches the rule or etiquette or custom or morality",
      "onyms": [
        "misdeed",
        "irregularity",
        "misbehaviour",
        "deviation",
        "misbehavior",
        "abnormality",
        "deviance"
      ]
    }
  }
}