{
  "average_link": {
    "score": 0.26976429112255573,
    "time": 0.00010633468627929688,
    "start_wsp": {
      "name": "jagged.v.0",
      "definition": "cut teeth into; make a jagged cutting edge",
      "onyms": [
        "cut",
        "jag",
        "serrate"
      ]
    },
    "end_wsp": {
      "name": "jag.v.4",
      "definition": "cut teeth into; make a jagged cutting edge",
      "onyms": [
        "cut",
        "jag",
        "serrate"
      ]
    }
  },
  "average_vector": {
    "score": 1.0,
    "time": 1.296069622039795,
    "start_wsp": {
      "name": "jagged.v.0",
      "definition": "cut teeth into; make a jagged cutting edge",
      "onyms": [
        "cut",
        "jag",
        "serrate"
      ]
    },
    "end_wsp": {
      "name": "jag.v.4",
      "definition": "cut teeth into; make a jagged cutting edge",
      "onyms": [
        "cut",
        "jag",
        "serrate"
      ]
    }
  },
  "complete_link": {
    "score": 0.1430998295545578,
    "time": 0.00010275840759277344,
    "start_wsp": {
      "name": "jagged.s.1",
      "definition": "having a sharply uneven surface or outline",
      "onyms": [
        "jaggy",
        "scraggy",
        "jagged"
      ]
    },
    "end_wsp": {
      "name": "jag.n.3",
      "definition": "a bout of drinking or drug taking",
      "onyms": [
        "intemperateness",
        "intemperance",
        "jag",
        "self-indulgence"
      ]
    }
  },
  "single_link": {
    "score": 1.0,
    "time": 9.942054748535156e-05,
    "start_wsp": {
      "name": "jagged.v.0",
      "definition": "cut teeth into; make a jagged cutting edge",
      "onyms": [
        "cut",
        "jag",
        "serrate"
      ]
    },
    "end_wsp": {
      "name": "jag.v.4",
      "definition": "cut teeth into; make a jagged cutting edge",
      "onyms": [
        "cut",
        "jag",
        "serrate"
      ]
    }
  },
  "total_vector": {
    "score": 1.0,
    "time": 1.312448501586914,
    "start_wsp": {
      "name": "jagged.v.0",
      "definition": "cut teeth into; make a jagged cutting edge",
      "onyms": [
        "cut",
        "jag",
        "serrate"
      ]
    },
    "end_wsp": {
      "name": "jag.v.4",
      "definition": "cut teeth into; make a jagged cutting edge",
      "onyms": [
        "cut",
        "jag",
        "serrate"
      ]
    }
  }
}