{
  "average_link": {
    "score": 0.18314288184046745,
    "time": 2.9802322387695312e-05,
    "start_wsp": {
      "name": "jejune.s.0",
      "definition": "lacking in nutritive value",
      "onyms": [
        "insubstantial",
        "jejune"
      ]
    },
    "end_wsp": {
      "name": "empty.s.7",
      "definition": "devoid of significance or point",
      "onyms": [
        "empty",
        "vacuous",
        "hollow"
      ]
    }
  },
  "average_vector": {
    "score": 0.5622022151947021,
    "time": 1.3353338241577148,
    "start_wsp": {
      "name": "jejune.s.0",
      "definition": "lacking in nutritive value",
      "onyms": [
        "insubstantial",
        "jejune"
      ]
    },
    "end_wsp": {
      "name": "empty.s.7",
      "definition": "devoid of significance or point",
      "onyms": [
        "empty",
        "vacuous",
        "hollow"
      ]
    }
  },
  "complete_link": {
    "score": 0.13258199393749237,
    "time": 2.9802322387695312e-05,
    "start_wsp": {
      "name": "jejune.s.0",
      "definition": "lacking in nutritive value",
      "onyms": [
        "insubstantial",
        "jejune"
      ]
    },
    "end_wsp": {
      "name": "empty.a.6",
      "definition": "holding or containing nothing",
      "onyms": [
        "empty"
      ]
    }
  },
  "single_link": {
    "score": 0.632533073425293,
    "time": 2.765655517578125e-05,
    "start_wsp": {
      "name": "jejune.s.1",
      "definition": "displaying or suggesting a lack of maturity",
      "onyms": [
        "adolescent",
        "jejune",
        "juvenile",
        "puerile"
      ]
    },
    "end_wsp": {
      "name": "empty.s.7",
      "definition": "devoid of significance or point",
      "onyms": [
        "empty",
        "vacuous",
        "hollow"
      ]
    }
  },
  "total_vector": {
    "score": 0.5622022151947021,
    "time": 1.3471128940582275,
    "start_wsp": {
      "name": "jejune.s.0",
      "definition": "lacking in nutritive value",
      "onyms": [
        "insubstantial",
        "jejune"
      ]
    },
    "end_wsp": {
      "name": "empty.s.7",
      "definition": "devoid of significance or point",
      "onyms": [
        "empty",
        "vacuous",
        "hollow"
      ]
    }
  }
}