{
  "average_link": {
    "score": 0.043715227084855236,
    "time": 0.00064849853515625,
    "start_wsp": {
      "name": "kachina.n.1",
      "definition": "a deified spirit of the Pueblo people",
      "onyms": [
        "kachina",
        "disembodied_spirit",
        "spirit"
      ]
    },
    "end_wsp": {
      "name": "rain.n.1",
      "definition": "drops of fresh water that fall as precipitation from clouds",
      "onyms": [
        "rainwater",
        "fresh_water",
        "freshwater",
        "rain"
      ]
    }
  },
  "average_vector": {
    "score": 0.25015684962272644,
    "time": 13.267547845840454,
    "start_wsp": {
      "name": "kachina.n.2",
      "definition": "a carved doll wearing the costume of a particular Pueblo spirit; usually presented to a child as a gift",
      "onyms": [
        "kachina",
        "dolly",
        "doll"
      ]
    },
    "end_wsp": {
      "name": "rain.v.3",
      "definition": "precipitate as rain",
      "onyms": [
        "spit",
        "come_down",
        "patter",
        "pitter-patter",
        "rain_down",
        "precipitate",
        "rain_buckets",
        "pelt",
        "rain",
        "stream",
        "shower",
        "rain_cats_and_dogs",
        "drizzle",
        "mizzle",
        "shower_down",
        "sprinkle",
        "fall",
        "pour",
        "spatter"
      ]
    }
  },
  "complete_link": {
    "score": 0.034354738891124725,
    "time": 0.0006022453308105469,
    "start_wsp": {
      "name": "kachina.n.2",
      "definition": "a carved doll wearing the costume of a particular Pueblo spirit; usually presented to a child as a gift",
      "onyms": [
        "kachina",
        "dolly",
        "doll"
      ]
    },
    "end_wsp": {
      "name": "rain.n.2",
      "definition": "anything happening rapidly or in quick successive",
      "onyms": [
        "pelting",
        "succession",
        "rain",
        "chronological_succession",
        "chronological_sequence",
        "sequence",
        "successiveness"
      ]
    }
  },
  "single_link": {
    "score": 0.332531601190567,
    "time": 0.0010676383972167969,
    "start_wsp": {
      "name": "kachina.n.0",
      "definition": "a masked dancer during a Pueblo religious ceremony who is thought to embody some particular spirit",
      "onyms": [
        "kachina",
        "dancer",
        "professional_dancer",
        "terpsichorean"
      ]
    },
    "end_wsp": {
      "name": "rain.v.3",
      "definition": "precipitate as rain",
      "onyms": [
        "spit",
        "come_down",
        "patter",
        "pitter-patter",
        "rain_down",
        "precipitate",
        "rain_buckets",
        "pelt",
        "rain",
        "stream",
        "shower",
        "rain_cats_and_dogs",
        "drizzle",
        "mizzle",
        "shower_down",
        "sprinkle",
        "fall",
        "pour",
        "spatter"
      ]
    }
  },
  "total_vector": {
    "score": 0.25015687942504883,
    "time": 13.90531849861145,
    "start_wsp": {
      "name": "kachina.n.2",
      "definition": "a carved doll wearing the costume of a particular Pueblo spirit; usually presented to a child as a gift",
      "onyms": [
        "kachina",
        "dolly",
        "doll"
      ]
    },
    "end_wsp": {
      "name": "rain.v.3",
      "definition": "precipitate as rain",
      "onyms": [
        "spit",
        "come_down",
        "patter",
        "pitter-patter",
        "rain_down",
        "precipitate",
        "rain_buckets",
        "pelt",
        "rain",
        "stream",
        "shower",
        "rain_cats_and_dogs",
        "drizzle",
        "mizzle",
        "shower_down",
        "sprinkle",
        "fall",
        "pour",
        "spatter"
      ]
    }
  }
}