{
  "average_link": {
    "score": 0.06404788266946473,
    "time": 0.00267791748046875,
    "start_wsp": {
      "name": "kindness.n.1",
      "definition": "tendency to be kind and forgiving",
      "onyms": [
        "mercifulness",
        "mercy",
        "forgivingness",
        "kindness"
      ]
    },
    "end_wsp": {
      "name": "action.n.0",
      "definition": "something done (usually as opposed to something said)",
      "onyms": [
        "fetch",
        "aggression",
        "action",
        "play",
        "application",
        "interaction",
        "jumpstart",
        "performance",
        "achievement",
        "course",
        "consultation",
        "forbiddance",
        "bruxism",
        "opposition",
        "prohibition",
        "course_of_action",
        "benignity",
        "resistance",
        "accomplishment",
        "stupefaction",
        "saving",
        "engagement",
        "change",
        "carrying_out",
        "transfusion",
        "deed",
        "option",
        "employment",
        "accentuation",
        "pickings",
        "kindness",
        "act",
        "destabilisation",
        "economy",
        "playing",
        "alienation",
        "reverence",
        "pick",
        "choice",
        "taking",
        "thing",
        "transgression",
        "res_gestae",
        "inhibition",
        "carrying_into_action",
        "selection",
        "politeness",
        "vampirism",
        "execution",
        "emphasizing",
        "civility",
        "jump-start",
        "beatification",
        "arrival",
        "human_action",
        "hostility",
        "destabilization",
        "human_activity",
        "swordplay",
        "accenting",
        "reference"
      ]
    }
  },
  "average_vector": {
    "score": 0.6688228845596313,
    "time": 2.7323925495147705,
    "start_wsp": {
      "name": "kindness.n.2",
      "definition": "a kind act",
      "onyms": [
        "thoughtfulness",
        "favor",
        "endearment",
        "favour",
        "action",
        "benefaction",
        "benignity",
        "pardon",
        "forgiveness",
        "cupboard_love",
        "benevolence",
        "consideration",
        "kindness"
      ]
    },
    "end_wsp": {
      "name": "action.n.0",
      "definition": "something done (usually as opposed to something said)",
      "onyms": [
        "fetch",
        "aggression",
        "action",
        "play",
        "application",
        "interaction",
        "jumpstart",
        "performance",
        "achievement",
        "course",
        "consultation",
        "forbiddance",
        "bruxism",
        "opposition",
        "prohibition",
        "course_of_action",
        "benignity",
        "resistance",
        "accomplishment",
        "stupefaction",
        "saving",
        "engagement",
        "change",
        "carrying_out",
        "transfusion",
        "deed",
        "option",
        "employment",
        "accentuation",
        "pickings",
        "kindness",
        "act",
        "destabilisation",
        "economy",
        "playing",
        "alienation",
        "reverence",
        "pick",
        "choice",
        "taking",
        "thing",
        "transgression",
        "res_gestae",
        "inhibition",
        "carrying_into_action",
        "selection",
        "politeness",
        "vampirism",
        "execution",
        "emphasizing",
        "civility",
        "jump-start",
        "beatification",
        "arrival",
        "human_action",
        "hostility",
        "destabilization",
        "human_activity",
        "swordplay",
        "accenting",
        "reference"
      ]
    }
  },
  "complete_link": {
    "score": 0.016459574922919273,
    "time": 0.003968238830566406,
    "start_wsp": {
      "name": "kindness.n.0",
      "definition": "the quality of being warmhearted and considerate and humane and sympathetic",
      "onyms": [
        "generosity",
        "good",
        "considerateness",
        "thoughtfulness",
        "generousness",
        "loving-kindness",
        "goodness",
        "benevolence",
        "consideration",
        "kindness"
      ]
    },
    "end_wsp": {
      "name": "action.n.8",
      "definition": "an act by a government body or supranational organization",
      "onyms": [
        "group_action",
        "action"
      ]
    }
  },
  "single_link": {
    "score": 1.0,
    "time": 0.004266023635864258,
    "start_wsp": {
      "name": "kindness.n.2",
      "definition": "a kind act",
      "onyms": [
        "thoughtfulness",
        "favor",
        "endearment",
        "favour",
        "action",
        "benefaction",
        "benignity",
        "pardon",
        "forgiveness",
        "cupboard_love",
        "benevolence",
        "consideration",
        "kindness"
      ]
    },
    "end_wsp": {
      "name": "action.n.0",
      "definition": "something done (usually as opposed to something said)",
      "onyms": [
        "fetch",
        "aggression",
        "action",
        "play",
        "application",
        "interaction",
        "jumpstart",
        "performance",
        "achievement",
        "course",
        "consultation",
        "forbiddance",
        "bruxism",
        "opposition",
        "prohibition",
        "course_of_action",
        "benignity",
        "resistance",
        "accomplishment",
        "stupefaction",
        "saving",
        "engagement",
        "change",
        "carrying_out",
        "transfusion",
        "deed",
        "option",
        "employment",
        "accentuation",
        "pickings",
        "kindness",
        "act",
        "destabilisation",
        "economy",
        "playing",
        "alienation",
        "reverence",
        "pick",
        "choice",
        "taking",
        "thing",
        "transgression",
        "res_gestae",
        "inhibition",
        "carrying_into_action",
        "selection",
        "politeness",
        "vampirism",
        "execution",
        "emphasizing",
        "civility",
        "jump-start",
        "beatification",
        "arrival",
        "human_action",
        "hostility",
        "destabilization",
        "human_activity",
        "swordplay",
        "accenting",
        "reference"
      ]
    }
  },
  "total_vector": {
    "score": 0.6688228845596313,
    "time": 2.672950029373169,
    "start_wsp": {
      "name": "kindness.n.2",
      "definition": "a kind act",
      "onyms": [
        "thoughtfulness",
        "favor",
        "endearment",
        "favour",
        "action",
        "benefaction",
        "benignity",
        "pardon",
        "forgiveness",
        "cupboard_love",
        "benevolence",
        "consideration",
        "kindness"
      ]
    },
    "end_wsp": {
      "name": "action.n.0",
      "definition": "something done (usually as opposed to something said)",
      "onyms": [
        "fetch",
        "aggression",
        "action",
        "play",
        "application",
        "interaction",
        "jumpstart",
        "performance",
        "achievement",
        "course",
        "consultation",
        "forbiddance",
        "bruxism",
        "opposition",
        "prohibition",
        "course_of_action",
        "benignity",
        "resistance",
        "accomplishment",
        "stupefaction",
        "saving",
        "engagement",
        "change",
        "carrying_out",
        "transfusion",
        "deed",
        "option",
        "employment",
        "accentuation",
        "pickings",
        "kindness",
        "act",
        "destabilisation",
        "economy",
        "playing",
        "alienation",
        "reverence",
        "pick",
        "choice",
        "taking",
        "thing",
        "transgression",
        "res_gestae",
        "inhibition",
        "carrying_into_action",
        "selection",
        "politeness",
        "vampirism",
        "execution",
        "emphasizing",
        "civility",
        "jump-start",
        "beatification",
        "arrival",
        "human_action",
        "hostility",
        "destabilization",
        "human_activity",
        "swordplay",
        "accenting",
        "reference"
      ]
    }
  }
}