{
  "average_link": {
    "score": 0.11900166794657707,
    "time": 0.0001285076141357422,
    "start_wsp": {
      "name": "laboring.v.2",
      "definition": "undergo the efforts of childbirth",
      "onyms": [
        "labour",
        "undergo",
        "labor"
      ]
    },
    "end_wsp": {
      "name": "work.v.14",
      "definition": "operate in a certain place, area, or specialty",
      "onyms": [
        "work"
      ]
    }
  },
  "average_vector": {
    "score": 0.8273925185203552,
    "time": 1.2934503555297852,
    "start_wsp": {
      "name": "laboring.v.1",
      "definition": "work hard",
      "onyms": [
        "labour",
        "work",
        "fag",
        "travail",
        "grind",
        "toil",
        "dig",
        "do_work",
        "drudge",
        "moil",
        "labor"
      ]
    },
    "end_wsp": {
      "name": "work.v.8",
      "definition": "be employed",
      "onyms": [
        "fag",
        "moonlight",
        "moil",
        "break_one's_back",
        "slave",
        "fink",
        "buckle_down",
        "serve",
        "job",
        "knuckle_down",
        "grind",
        "travail",
        "occupy",
        "drudge",
        "drive",
        "turn_a_trick",
        "fill",
        "work",
        "toil",
        "dig",
        "scab",
        "rat",
        "labour",
        "subcontract",
        "man",
        "take",
        "farm",
        "tinker",
        "do_work",
        "blackleg",
        "freelance",
        "bank",
        "labor"
      ]
    }
  },
  "complete_link": {
    "score": 0.16789840161800385,
    "time": 0.00012302398681640625,
    "start_wsp": {
      "name": "laboring.v.2",
      "definition": "undergo the efforts of childbirth",
      "onyms": [
        "labour",
        "undergo",
        "labor"
      ]
    },
    "end_wsp": {
      "name": "work.v.14",
      "definition": "operate in a certain place, area, or specialty",
      "onyms": [
        "work"
      ]
    }
  },
  "single_link": {
    "score": 1.0,
    "time": 0.00012063980102539062,
    "start_wsp": {
      "name": "laboring.v.0",
      "definition": "strive and make an effort to reach a goal",
      "onyms": [
        "labour",
        "tug",
        "struggle",
        "fight",
        "reach",
        "strain",
        "drive",
        "push",
        "strive",
        "labor"
      ]
    },
    "end_wsp": {
      "name": "work.n.0",
      "definition": "activity directed toward making or doing something",
      "onyms": [
        "make-work",
        "coursework",
        "lavation",
        "care",
        "tending",
        "action",
        "wash",
        "housekeeping",
        "mission",
        "service",
        "polishing",
        "welfare_work",
        "unfinished_business",
        "job",
        "ironing",
        "social_service",
        "subbing",
        "loose_end",
        "project",
        "task",
        "housework",
        "work",
        "activity",
        "housewifery",
        "toil",
        "heavy_lifting",
        "logging",
        "substituting",
        "timework",
        "investigating",
        "paperwork",
        "attention",
        "duty",
        "nightwork",
        "aid",
        "operation",
        "labour",
        "procedure",
        "investigation",
        "spadework",
        "undertaking",
        "shining",
        "washing",
        "missionary_work",
        "labor",
        "busywork"
      ]
    }
  },
  "total_vector": {
    "score": 0.8273925185203552,
    "time": 1.2976930141448975,
    "start_wsp": {
      "name": "laboring.v.1",
      "definition": "work hard",
      "onyms": [
        "labour",
        "work",
        "fag",
        "travail",
        "grind",
        "toil",
        "dig",
        "do_work",
        "drudge",
        "moil",
        "labor"
      ]
    },
    "end_wsp": {
      "name": "work.v.8",
      "definition": "be employed",
      "onyms": [
        "fag",
        "moonlight",
        "moil",
        "break_one's_back",
        "slave",
        "fink",
        "buckle_down",
        "serve",
        "job",
        "knuckle_down",
        "grind",
        "travail",
        "occupy",
        "drudge",
        "drive",
        "turn_a_trick",
        "fill",
        "work",
        "toil",
        "dig",
        "scab",
        "rat",
        "labour",
        "subcontract",
        "man",
        "take",
        "farm",
        "tinker",
        "do_work",
        "blackleg",
        "freelance",
        "bank",
        "labor"
      ]
    }
  }
}