{
  "average_link": {
    "score": 0.09163704281672835,
    "time": 0.0001285076141357422,
    "start_wsp": {
      "name": "ladder.v.3",
      "definition": "come unraveled or undone as if by snagging",
      "onyms": [
        "split_up",
        "separate",
        "run",
        "break",
        "fall_apart",
        "ladder",
        "come_apart"
      ]
    },
    "end_wsp": {
      "name": "run.v.48",
      "definition": "run with the ball; in such sports as football",
      "onyms": [
        "run"
      ]
    }
  },
  "average_vector": {
    "score": 1.0,
    "time": 1.280146837234497,
    "start_wsp": {
      "name": "ladder.n.2",
      "definition": "a row of unravelled stitches",
      "onyms": [
        "impairment",
        "run",
        "ravel",
        "damage",
        "ladder",
        "harm"
      ]
    },
    "end_wsp": {
      "name": "run.n.12",
      "definition": "a row of unravelled stitches",
      "onyms": [
        "impairment",
        "run",
        "ravel",
        "damage",
        "ladder",
        "harm"
      ]
    }
  },
  "complete_link": {
    "score": 0.06701604276895523,
    "time": 0.000125885009765625,
    "start_wsp": {
      "name": "ladder.v.3",
      "definition": "come unraveled or undone as if by snagging",
      "onyms": [
        "split_up",
        "separate",
        "run",
        "break",
        "fall_apart",
        "ladder",
        "come_apart"
      ]
    },
    "end_wsp": {
      "name": "run.v.41",
      "definition": "cause an animal to move fast",
      "onyms": [
        "run",
        "displace",
        "move"
      ]
    }
  },
  "single_link": {
    "score": 1.0,
    "time": 0.00012111663818359375,
    "start_wsp": {
      "name": "ladder.n.2",
      "definition": "a row of unravelled stitches",
      "onyms": [
        "impairment",
        "run",
        "ravel",
        "damage",
        "ladder",
        "harm"
      ]
    },
    "end_wsp": {
      "name": "run.n.0",
      "definition": "a score in baseball made by a runner touching all four bases safely",
      "onyms": [
        "tally",
        "unearned_run",
        "run",
        "run_batted_in",
        "rbi",
        "score",
        "earned_run"
      ]
    }
  },
  "total_vector": {
    "score": 1.0,
    "time": 1.305058479309082,
    "start_wsp": {
      "name": "ladder.n.2",
      "definition": "a row of unravelled stitches",
      "onyms": [
        "impairment",
        "run",
        "ravel",
        "damage",
        "ladder",
        "harm"
      ]
    },
    "end_wsp": {
      "name": "run.n.12",
      "definition": "a row of unravelled stitches",
      "onyms": [
        "impairment",
        "run",
        "ravel",
        "damage",
        "ladder",
        "harm"
      ]
    }
  }
}