{
  "average_link": {
    "score": 0.2616811729967594,
    "time": 5.14984130859375e-05,
    "start_wsp": {
      "name": "laden.s.5",
      "definition": "burdened psychologically or mentally",
      "onyms": [
        "oppressed",
        "laden"
      ]
    },
    "end_wsp": {
      "name": "oppressed.s.2",
      "definition": "burdened psychologically or mentally",
      "onyms": [
        "oppressed",
        "laden"
      ]
    }
  },
  "average_vector": {
    "score": 0.9999999403953552,
    "time": 5.061889886856079,
    "start_wsp": {
      "name": "laden.s.5",
      "definition": "burdened psychologically or mentally",
      "onyms": [
        "oppressed",
        "laden"
      ]
    },
    "end_wsp": {
      "name": "oppressed.s.2",
      "definition": "burdened psychologically or mentally",
      "onyms": [
        "oppressed",
        "laden"
      ]
    }
  },
  "complete_link": {
    "score": 0.04672469198703766,
    "time": 5.1021575927734375e-05,
    "start_wsp": {
      "name": "laden.s.5",
      "definition": "burdened psychologically or mentally",
      "onyms": [
        "oppressed",
        "laden"
      ]
    },
    "end_wsp": {
      "name": "oppressed.s.2",
      "definition": "burdened psychologically or mentally",
      "onyms": [
        "oppressed",
        "laden"
      ]
    }
  },
  "single_link": {
    "score": 1.0,
    "time": 4.649162292480469e-05,
    "start_wsp": {
      "name": "laden.v.0",
      "definition": "remove with or as if with a ladle",
      "onyms": [
        "laden",
        "remove",
        "lade",
        "take",
        "take_away",
        "slop",
        "withdraw",
        "ladle"
      ]
    },
    "end_wsp": {
      "name": "oppressed.s.2",
      "definition": "burdened psychologically or mentally",
      "onyms": [
        "oppressed",
        "laden"
      ]
    }
  },
  "total_vector": {
    "score": 0.9999999403953552,
    "time": 5.237903356552124,
    "start_wsp": {
      "name": "laden.s.5",
      "definition": "burdened psychologically or mentally",
      "onyms": [
        "oppressed",
        "laden"
      ]
    },
    "end_wsp": {
      "name": "oppressed.s.2",
      "definition": "burdened psychologically or mentally",
      "onyms": [
        "oppressed",
        "laden"
      ]
    }
  }
}