{
  "average_link": {
    "score": 0.09564006586869557,
    "time": 0.0002779960632324219,
    "start_wsp": {
      "name": "lapse.v.7",
      "definition": "let slip",
      "onyms": [
        "forgo",
        "lapse",
        "forfeit",
        "throw_overboard",
        "give_up",
        "waive",
        "forego"
      ]
    },
    "end_wsp": {
      "name": "forfeit.v.3",
      "definition": "lose (s.th.) or lose the right to (s.th.) by some error, offense, or crime",
      "onyms": [
        "abandon",
        "forgo",
        "lapse",
        "forfeit",
        "throw_overboard",
        "give_up",
        "waive",
        "forego"
      ]
    }
  },
  "average_vector": {
    "score": 0.9843230843544006,
    "time": 1.3728110790252686,
    "start_wsp": {
      "name": "lapse.v.7",
      "definition": "let slip",
      "onyms": [
        "forgo",
        "lapse",
        "forfeit",
        "throw_overboard",
        "give_up",
        "waive",
        "forego"
      ]
    },
    "end_wsp": {
      "name": "forfeit.v.3",
      "definition": "lose (s.th.) or lose the right to (s.th.) by some error, offense, or crime",
      "onyms": [
        "abandon",
        "forgo",
        "lapse",
        "forfeit",
        "throw_overboard",
        "give_up",
        "waive",
        "forego"
      ]
    }
  },
  "complete_link": {
    "score": 0.13072720170021057,
    "time": 0.0002892017364501953,
    "start_wsp": {
      "name": "lapse.v.7",
      "definition": "let slip",
      "onyms": [
        "forgo",
        "lapse",
        "forfeit",
        "throw_overboard",
        "give_up",
        "waive",
        "forego"
      ]
    },
    "end_wsp": {
      "name": "forfeit.s.4",
      "definition": "surrendered as a penalty",
      "onyms": [
        "forfeited",
        "forfeit",
        "confiscate"
      ]
    }
  },
  "single_link": {
    "score": 1.0,
    "time": 0.00025773048400878906,
    "start_wsp": {
      "name": "lapse.n.0",
      "definition": "a mistake resulting from inattention",
      "onyms": [
        "oversight",
        "lapse",
        "fault",
        "mistake",
        "error"
      ]
    },
    "end_wsp": {
      "name": "forfeit.v.3",
      "definition": "lose (s.th.) or lose the right to (s.th.) by some error, offense, or crime",
      "onyms": [
        "abandon",
        "forgo",
        "lapse",
        "forfeit",
        "throw_overboard",
        "give_up",
        "waive",
        "forego"
      ]
    }
  },
  "total_vector": {
    "score": 0.9843230247497559,
    "time": 1.3721492290496826,
    "start_wsp": {
      "name": "lapse.v.7",
      "definition": "let slip",
      "onyms": [
        "forgo",
        "lapse",
        "forfeit",
        "throw_overboard",
        "give_up",
        "waive",
        "forego"
      ]
    },
    "end_wsp": {
      "name": "forfeit.v.3",
      "definition": "lose (s.th.) or lose the right to (s.th.) by some error, offense, or crime",
      "onyms": [
        "abandon",
        "forgo",
        "lapse",
        "forfeit",
        "throw_overboard",
        "give_up",
        "waive",
        "forego"
      ]
    }
  }
}