{
  "average_link": {
    "score": 0.19228556972962838,
    "time": 4.57763671875e-05,
    "start_wsp": {
      "name": "lefts.n.4",
      "definition": "a turn toward the side of the body that is on the north when the person is facing east",
      "onyms": [
        "turn",
        "turning",
        "left"
      ]
    },
    "end_wsp": {
      "name": "left.n.4",
      "definition": "a turn toward the side of the body that is on the north when the person is facing east",
      "onyms": [
        "turn",
        "turning",
        "left"
      ]
    }
  },
  "average_vector": {
    "score": 1.0,
    "time": 1.2931666374206543,
    "start_wsp": {
      "name": "lefts.n.0",
      "definition": "location near or direction toward the left side; i.e. the side to the north when a person or object faces east",
      "onyms": [
        "left_stage",
        "left",
        "position",
        "stage_left",
        "place"
      ]
    },
    "end_wsp": {
      "name": "left.n.0",
      "definition": "location near or direction toward the left side; i.e. the side to the north when a person or object faces east",
      "onyms": [
        "left_stage",
        "left",
        "position",
        "stage_left",
        "place"
      ]
    }
  },
  "complete_link": {
    "score": 0.19114066660404205,
    "time": 3.2901763916015625e-05,
    "start_wsp": {
      "name": "lefts.n.4",
      "definition": "a turn toward the side of the body that is on the north when the person is facing east",
      "onyms": [
        "turn",
        "turning",
        "left"
      ]
    },
    "end_wsp": {
      "name": "left.n.4",
      "definition": "a turn toward the side of the body that is on the north when the person is facing east",
      "onyms": [
        "turn",
        "turning",
        "left"
      ]
    }
  },
  "single_link": {
    "score": 1.0000001192092896,
    "time": 3.314018249511719e-05,
    "start_wsp": {
      "name": "lefts.n.1",
      "definition": "those who support varying degrees of social or political or economic change designed to promote the public welfare",
      "onyms": [
        "sect",
        "left",
        "faction",
        "left_wing"
      ]
    },
    "end_wsp": {
      "name": "left.n.1",
      "definition": "those who support varying degrees of social or political or economic change designed to promote the public welfare",
      "onyms": [
        "sect",
        "left",
        "faction",
        "left_wing"
      ]
    }
  },
  "total_vector": {
    "score": 1.0,
    "time": 1.2757134437561035,
    "start_wsp": {
      "name": "lefts.n.0",
      "definition": "location near or direction toward the left side; i.e. the side to the north when a person or object faces east",
      "onyms": [
        "left_stage",
        "left",
        "position",
        "stage_left",
        "place"
      ]
    },
    "end_wsp": {
      "name": "left.n.0",
      "definition": "location near or direction toward the left side; i.e. the side to the north when a person or object faces east",
      "onyms": [
        "left_stage",
        "left",
        "position",
        "stage_left",
        "place"
      ]
    }
  }
}