{
  "average_link": {
    "score": 0.0787877794355154,
    "time": 2.7418136596679688e-05,
    "start_wsp": {
      "name": "legion.s.4",
      "definition": "amounting to a large indefinite number",
      "onyms": [
        "numerous",
        "legion"
      ]
    },
    "end_wsp": {
      "name": "military.a.1",
      "definition": "of or relating to the study of the principles of warfare",
      "onyms": [
        "military"
      ]
    }
  },
  "average_vector": {
    "score": 0.5679857134819031,
    "time": 10.503509283065796,
    "start_wsp": {
      "name": "legion.n.2",
      "definition": "a large military unit",
      "onyms": [
        "military_unit",
        "foreign_legion",
        "military_group",
        "military_force",
        "force",
        "legionnaire",
        "legionary",
        "legion"
      ]
    },
    "end_wsp": {
      "name": "military.n.0",
      "definition": "the military forces of a nation",
      "onyms": [
        "military_reserve",
        "military_machine",
        "cadre",
        "reserve",
        "armed_forces",
        "military",
        "medical_officer",
        "personnel",
        "war_machine",
        "force",
        "armed_services",
        "medic"
      ]
    }
  },
  "complete_link": {
    "score": 0.19805677235126495,
    "time": 3.0994415283203125e-05,
    "start_wsp": {
      "name": "legion.n.2",
      "definition": "a large military unit",
      "onyms": [
        "military_unit",
        "foreign_legion",
        "military_group",
        "military_force",
        "force",
        "legionnaire",
        "legionary",
        "legion"
      ]
    },
    "end_wsp": {
      "name": "military.a.1",
      "definition": "of or relating to the study of the principles of warfare",
      "onyms": [
        "military"
      ]
    }
  },
  "single_link": {
    "score": 0.9999998807907104,
    "time": 2.9802322387695312e-05,
    "start_wsp": {
      "name": "legion.n.2",
      "definition": "a large military unit",
      "onyms": [
        "military_unit",
        "foreign_legion",
        "military_group",
        "military_force",
        "force",
        "legionnaire",
        "legionary",
        "legion"
      ]
    },
    "end_wsp": {
      "name": "military.n.0",
      "definition": "the military forces of a nation",
      "onyms": [
        "military_reserve",
        "military_machine",
        "cadre",
        "reserve",
        "armed_forces",
        "military",
        "medical_officer",
        "personnel",
        "war_machine",
        "force",
        "armed_services",
        "medic"
      ]
    }
  },
  "total_vector": {
    "score": 0.5679857134819031,
    "time": 10.133497714996338,
    "start_wsp": {
      "name": "legion.n.2",
      "definition": "a large military unit",
      "onyms": [
        "military_unit",
        "foreign_legion",
        "military_group",
        "military_force",
        "force",
        "legionnaire",
        "legionary",
        "legion"
      ]
    },
    "end_wsp": {
      "name": "military.n.0",
      "definition": "the military forces of a nation",
      "onyms": [
        "military_reserve",
        "military_machine",
        "cadre",
        "reserve",
        "armed_forces",
        "military",
        "medical_officer",
        "personnel",
        "war_machine",
        "force",
        "armed_services",
        "medic"
      ]
    }
  }
}