{
  "average_link": {
    "score": 0.10478309961035848,
    "time": 0.0002231597900390625,
    "start_wsp": {
      "name": "levitation.n.0",
      "definition": "the phenomenon of a person or thing rising into the air by apparently supernatural means",
      "onyms": [
        "phenomenon",
        "levitation"
      ]
    },
    "end_wsp": {
      "name": "rise.n.0",
      "definition": "a growth in strength or number or importance",
      "onyms": [
        "outgrowth",
        "wave",
        "rise",
        "emergence",
        "crime_wave",
        "spike",
        "growth"
      ]
    }
  },
  "average_vector": {
    "score": 0.8577010035514832,
    "time": 1.3570306301116943,
    "start_wsp": {
      "name": "levitation.n.2",
      "definition": "the act of raising (a body) from the ground by presumably spiritualistic means",
      "onyms": [
        "rise",
        "levitation",
        "ascension",
        "ascending",
        "ascent"
      ]
    },
    "end_wsp": {
      "name": "rise.n.1",
      "definition": "the act of changing location in an upward direction",
      "onyms": [
        "movement",
        "soar",
        "motion",
        "climb",
        "heave",
        "mount",
        "rise",
        "levitation",
        "zoom",
        "ascension",
        "move",
        "ascending",
        "heaving",
        "ascent"
      ]
    }
  },
  "complete_link": {
    "score": 0.13512501120567322,
    "time": 0.00022721290588378906,
    "start_wsp": {
      "name": "levitation.n.0",
      "definition": "the phenomenon of a person or thing rising into the air by apparently supernatural means",
      "onyms": [
        "phenomenon",
        "levitation"
      ]
    },
    "end_wsp": {
      "name": "rise.v.21",
      "definition": "become heartened or elated",
      "onyms": [
        "rise"
      ]
    }
  },
  "single_link": {
    "score": 1.0,
    "time": 0.00020885467529296875,
    "start_wsp": {
      "name": "levitation.n.0",
      "definition": "the phenomenon of a person or thing rising into the air by apparently supernatural means",
      "onyms": [
        "phenomenon",
        "levitation"
      ]
    },
    "end_wsp": {
      "name": "rise.n.1",
      "definition": "the act of changing location in an upward direction",
      "onyms": [
        "movement",
        "soar",
        "motion",
        "climb",
        "heave",
        "mount",
        "rise",
        "levitation",
        "zoom",
        "ascension",
        "move",
        "ascending",
        "heaving",
        "ascent"
      ]
    }
  },
  "total_vector": {
    "score": 0.8577010035514832,
    "time": 1.347994089126587,
    "start_wsp": {
      "name": "levitation.n.2",
      "definition": "the act of raising (a body) from the ground by presumably spiritualistic means",
      "onyms": [
        "rise",
        "levitation",
        "ascension",
        "ascending",
        "ascent"
      ]
    },
    "end_wsp": {
      "name": "rise.n.1",
      "definition": "the act of changing location in an upward direction",
      "onyms": [
        "movement",
        "soar",
        "motion",
        "climb",
        "heave",
        "mount",
        "rise",
        "levitation",
        "zoom",
        "ascension",
        "move",
        "ascending",
        "heaving",
        "ascent"
      ]
    }
  }
}