{
  "average_link": {
    "score": 0.5653903633356094,
    "time": 0.00013494491577148438,
    "start_wsp": {
      "name": "lift.n.1",
      "definition": "the component of the aerodynamic forces acting on an airfoil that opposes gravity",
      "onyms": [
        "aerodynamic_force",
        "ground_effect",
        "aerodynamic_lift",
        "lift"
      ]
    },
    "end_wsp": {
      "name": "hoist.v.2",
      "definition": "move from one place to another by lifting",
      "onyms": [
        "get_up",
        "lift",
        "bring_up",
        "hoist",
        "raise",
        "elevate"
      ]
    }
  },
  "average_vector": {
    "score": 0.9999999403953552,
    "time": 5.22394323348999,
    "start_wsp": {
      "name": "lift.v.19",
      "definition": "raise or haul up with or as if with mechanical help",
      "onyms": [
        "get_up",
        "lift",
        "bring_up",
        "trice_up",
        "hoist",
        "raise",
        "trice",
        "wind",
        "elevate"
      ]
    },
    "end_wsp": {
      "name": "hoist.v.1",
      "definition": "raise or haul up with or as if with mechanical help",
      "onyms": [
        "get_up",
        "lift",
        "bring_up",
        "trice_up",
        "hoist",
        "raise",
        "trice",
        "wind",
        "elevate"
      ]
    }
  },
  "complete_link": {
    "score": 0.345576673746109,
    "time": 8.845329284667969e-05,
    "start_wsp": {
      "name": "lift.n.1",
      "definition": "the component of the aerodynamic forces acting on an airfoil that opposes gravity",
      "onyms": [
        "aerodynamic_force",
        "ground_effect",
        "aerodynamic_lift",
        "lift"
      ]
    },
    "end_wsp": {
      "name": "hoist.v.2",
      "definition": "move from one place to another by lifting",
      "onyms": [
        "get_up",
        "lift",
        "bring_up",
        "hoist",
        "raise",
        "elevate"
      ]
    }
  },
  "single_link": {
    "score": 1.0,
    "time": 8.273124694824219e-05,
    "start_wsp": {
      "name": "lift.n.0",
      "definition": "the act of giving temporary assistance",
      "onyms": [
        "help",
        "lift",
        "assistance",
        "assist",
        "aid"
      ]
    },
    "end_wsp": {
      "name": "hoist.v.1",
      "definition": "raise or haul up with or as if with mechanical help",
      "onyms": [
        "get_up",
        "lift",
        "bring_up",
        "trice_up",
        "hoist",
        "raise",
        "trice",
        "wind",
        "elevate"
      ]
    }
  },
  "total_vector": {
    "score": 0.9999999403953552,
    "time": 3.820195198059082,
    "start_wsp": {
      "name": "lift.v.19",
      "definition": "raise or haul up with or as if with mechanical help",
      "onyms": [
        "get_up",
        "lift",
        "bring_up",
        "trice_up",
        "hoist",
        "raise",
        "trice",
        "wind",
        "elevate"
      ]
    },
    "end_wsp": {
      "name": "hoist.v.1",
      "definition": "raise or haul up with or as if with mechanical help",
      "onyms": [
        "get_up",
        "lift",
        "bring_up",
        "trice_up",
        "hoist",
        "raise",
        "trice",
        "wind",
        "elevate"
      ]
    }
  }
}