{
  "average_link": {
    "score": 0.21043168924128017,
    "time": 0.00011563301086425781,
    "start_wsp": {
      "name": "lighted.v.1",
      "definition": "begin to smoke",
      "onyms": [
        "fire_up",
        "ignite",
        "light",
        "light_up"
      ]
    },
    "end_wsp": {
      "name": "enkindled.v.0",
      "definition": "cause to start burning",
      "onyms": [
        "rekindle",
        "conflagrate",
        "kindle",
        "inflame",
        "ignite",
        "enkindle",
        "light"
      ]
    }
  },
  "average_vector": {
    "score": 0.9400895833969116,
    "time": 13.150554180145264,
    "start_wsp": {
      "name": "lighted.v.3",
      "definition": "cause to start burning; subject to fire or great heat",
      "onyms": [
        "flare_up",
        "combust",
        "fire_up",
        "conflagrate",
        "kindle",
        "inflame",
        "burn",
        "light_up",
        "ignite",
        "reignite",
        "enkindle",
        "light"
      ]
    },
    "end_wsp": {
      "name": "enkindled.v.0",
      "definition": "cause to start burning",
      "onyms": [
        "rekindle",
        "conflagrate",
        "kindle",
        "inflame",
        "ignite",
        "enkindle",
        "light"
      ]
    }
  },
  "complete_link": {
    "score": 0.23753786087036133,
    "time": 0.00010967254638671875,
    "start_wsp": {
      "name": "lighted.a.6",
      "definition": "set afire or burning",
      "onyms": [
        "lighted",
        "lit"
      ]
    },
    "end_wsp": {
      "name": "enkindled.s.2",
      "definition": "set afire",
      "onyms": [
        "ignited",
        "enkindled",
        "kindled"
      ]
    }
  },
  "single_link": {
    "score": 1.0000001192092896,
    "time": 9.846687316894531e-05,
    "start_wsp": {
      "name": "lighted.v.3",
      "definition": "cause to start burning; subject to fire or great heat",
      "onyms": [
        "flare_up",
        "combust",
        "fire_up",
        "conflagrate",
        "kindle",
        "inflame",
        "burn",
        "light_up",
        "ignite",
        "reignite",
        "enkindle",
        "light"
      ]
    },
    "end_wsp": {
      "name": "enkindled.v.0",
      "definition": "cause to start burning",
      "onyms": [
        "rekindle",
        "conflagrate",
        "kindle",
        "inflame",
        "ignite",
        "enkindle",
        "light"
      ]
    }
  },
  "total_vector": {
    "score": 0.9400895833969116,
    "time": 10.512243032455444,
    "start_wsp": {
      "name": "lighted.v.3",
      "definition": "cause to start burning; subject to fire or great heat",
      "onyms": [
        "flare_up",
        "combust",
        "fire_up",
        "conflagrate",
        "kindle",
        "inflame",
        "burn",
        "light_up",
        "ignite",
        "reignite",
        "enkindle",
        "light"
      ]
    },
    "end_wsp": {
      "name": "enkindled.v.0",
      "definition": "cause to start burning",
      "onyms": [
        "rekindle",
        "conflagrate",
        "kindle",
        "inflame",
        "ignite",
        "enkindle",
        "light"
      ]
    }
  }
}