{
  "average_link": {
    "score": 0.2881408929824829,
    "time": 0.00023126602172851562,
    "start_wsp": {
      "name": "loaded.a.6",
      "definition": "(of weapons) charged with ammunition",
      "onyms": [
        "loaded"
      ]
    },
    "end_wsp": {
      "name": "burdened.a.2",
      "definition": "bearing a heavy burden of work or difficulties or responsibilities",
      "onyms": [
        "burdened"
      ]
    }
  },
  "average_vector": {
    "score": 0.5299198627471924,
    "time": 1.311199426651001,
    "start_wsp": {
      "name": "loaded.v.0",
      "definition": "fill or place a load on",
      "onyms": [
        "make_full",
        "load",
        "laden",
        "stack",
        "pack",
        "overload",
        "lade",
        "load_down",
        "bomb_up",
        "surcharge",
        "reload",
        "overcharge",
        "fill",
        "fill_up",
        "load_up"
      ]
    },
    "end_wsp": {
      "name": "burdened.v.1",
      "definition": "impose a task upon, assign a responsibility to",
      "onyms": [
        "deluge",
        "adjure",
        "overburden",
        "saddle",
        "burden",
        "overwhelm",
        "command",
        "bear_down",
        "flood_out",
        "require",
        "charge"
      ]
    }
  },
  "complete_link": {
    "score": 0.2881408929824829,
    "time": 0.00022912025451660156,
    "start_wsp": {
      "name": "loaded.s.5",
      "definition": "filled with a great quantity",
      "onyms": [
        "loaded",
        "laden",
        "ladened"
      ]
    },
    "end_wsp": {
      "name": "burdened.a.2",
      "definition": "bearing a heavy burden of work or difficulties or responsibilities",
      "onyms": [
        "burdened"
      ]
    }
  },
  "single_link": {
    "score": 1.0,
    "time": 0.00020766258239746094,
    "start_wsp": {
      "name": "loaded.v.1",
      "definition": "provide (a device) with something necessary",
      "onyms": [
        "make_full",
        "load",
        "fill_up",
        "recharge",
        "reload",
        "fill",
        "charge"
      ]
    },
    "end_wsp": {
      "name": "burdened.v.0",
      "definition": "weight down with a load",
      "onyms": [
        "overburden",
        "saddle",
        "burden",
        "plumb",
        "burthen",
        "weight",
        "weight_down",
        "charge"
      ]
    }
  },
  "total_vector": {
    "score": 0.5299197435379028,
    "time": 1.334519624710083,
    "start_wsp": {
      "name": "loaded.v.0",
      "definition": "fill or place a load on",
      "onyms": [
        "make_full",
        "load",
        "laden",
        "stack",
        "pack",
        "overload",
        "lade",
        "load_down",
        "bomb_up",
        "surcharge",
        "reload",
        "overcharge",
        "fill",
        "fill_up",
        "load_up"
      ]
    },
    "end_wsp": {
      "name": "burdened.v.1",
      "definition": "impose a task upon, assign a responsibility to",
      "onyms": [
        "deluge",
        "adjure",
        "overburden",
        "saddle",
        "burden",
        "overwhelm",
        "command",
        "bear_down",
        "flood_out",
        "require",
        "charge"
      ]
    }
  }
}