{
  "average_link": {
    "score": 0.2654075399041176,
    "time": 0.00020456314086914062,
    "start_wsp": {
      "name": "lonely.s.1",
      "definition": "marked by dejection from being alone",
      "onyms": [
        "lonely",
        "lonesome"
      ]
    },
    "end_wsp": {
      "name": "lone.s.1",
      "definition": "characterized by or preferring solitude",
      "onyms": [
        "lone",
        "lonely",
        "solitary"
      ]
    }
  },
  "average_vector": {
    "score": 1.0,
    "time": 1.4213824272155762,
    "start_wsp": {
      "name": "lonely.s.2",
      "definition": "characterized by or preferring solitude",
      "onyms": [
        "lone",
        "lonely",
        "solitary"
      ]
    },
    "end_wsp": {
      "name": "lone.s.1",
      "definition": "characterized by or preferring solitude",
      "onyms": [
        "lone",
        "lonely",
        "solitary"
      ]
    }
  },
  "complete_link": {
    "score": 0.2748013734817505,
    "time": 0.00020170211791992188,
    "start_wsp": {
      "name": "lonely.s.1",
      "definition": "marked by dejection from being alone",
      "onyms": [
        "lonely",
        "lonesome"
      ]
    },
    "end_wsp": {
      "name": "lone.s.1",
      "definition": "characterized by or preferring solitude",
      "onyms": [
        "lone",
        "lonely",
        "solitary"
      ]
    }
  },
  "single_link": {
    "score": 1.0,
    "time": 0.00019502639770507812,
    "start_wsp": {
      "name": "lonely.s.0",
      "definition": "lacking companions or companionship",
      "onyms": [
        "lone",
        "alone",
        "lonely",
        "solitary"
      ]
    },
    "end_wsp": {
      "name": "lone.s.0",
      "definition": "lacking companions or companionship",
      "onyms": [
        "lone",
        "alone",
        "lonely",
        "solitary"
      ]
    }
  },
  "total_vector": {
    "score": 1.0,
    "time": 1.3770368099212646,
    "start_wsp": {
      "name": "lonely.s.2",
      "definition": "characterized by or preferring solitude",
      "onyms": [
        "lone",
        "lonely",
        "solitary"
      ]
    },
    "end_wsp": {
      "name": "lone.s.1",
      "definition": "characterized by or preferring solitude",
      "onyms": [
        "lone",
        "lonely",
        "solitary"
      ]
    }
  }
}