{
  "average_link": {
    "score": 0.2949660159647465,
    "time": 0.00029754638671875,
    "start_wsp": {
      "name": "lopes.v.2",
      "definition": "run easily",
      "onyms": [
        "run",
        "lope"
      ]
    },
    "end_wsp": {
      "name": "lope.v.2",
      "definition": "run easily",
      "onyms": [
        "run",
        "lope"
      ]
    }
  },
  "average_vector": {
    "score": 1.0,
    "time": 7.941934108734131,
    "start_wsp": {
      "name": "lopes.n.0",
      "definition": "a slow pace of running",
      "onyms": [
        "jog",
        "trot",
        "dogtrot",
        "lope",
        "locomotion",
        "travel"
      ]
    },
    "end_wsp": {
      "name": "lope.n.0",
      "definition": "a slow pace of running",
      "onyms": [
        "jog",
        "trot",
        "dogtrot",
        "lope",
        "locomotion",
        "travel"
      ]
    }
  },
  "complete_link": {
    "score": 0.35986021161079407,
    "time": 0.0003037452697753906,
    "start_wsp": {
      "name": "lopes.n.1",
      "definition": "a smooth three-beat gait; between a trot and a gallop",
      "onyms": [
        "canter",
        "lope",
        "gait"
      ]
    },
    "end_wsp": {
      "name": "lope.n.1",
      "definition": "a smooth three-beat gait; between a trot and a gallop",
      "onyms": [
        "canter",
        "lope",
        "gait"
      ]
    }
  },
  "single_link": {
    "score": 1.0,
    "time": 0.0002903938293457031,
    "start_wsp": {
      "name": "lopes.n.0",
      "definition": "a slow pace of running",
      "onyms": [
        "jog",
        "trot",
        "dogtrot",
        "lope",
        "locomotion",
        "travel"
      ]
    },
    "end_wsp": {
      "name": "lope.n.0",
      "definition": "a slow pace of running",
      "onyms": [
        "jog",
        "trot",
        "dogtrot",
        "lope",
        "locomotion",
        "travel"
      ]
    }
  },
  "total_vector": {
    "score": 1.0,
    "time": 7.586768388748169,
    "start_wsp": {
      "name": "lopes.n.0",
      "definition": "a slow pace of running",
      "onyms": [
        "jog",
        "trot",
        "dogtrot",
        "lope",
        "locomotion",
        "travel"
      ]
    },
    "end_wsp": {
      "name": "lope.n.0",
      "definition": "a slow pace of running",
      "onyms": [
        "jog",
        "trot",
        "dogtrot",
        "lope",
        "locomotion",
        "travel"
      ]
    }
  }
}