{
  "average_link": {
    "score": 0.4207535261909167,
    "time": 8.273124694824219e-05,
    "start_wsp": {
      "name": "lucid.s.1",
      "definition": "having a clear mind",
      "onyms": [
        "lucid"
      ]
    },
    "end_wsp": {
      "name": "transparent.s.0",
      "definition": "transmitting light; able to be seen through with clarity",
      "onyms": [
        "crystalline",
        "pellucid",
        "lucid",
        "limpid",
        "crystal_clear",
        "transparent"
      ]
    }
  },
  "average_vector": {
    "score": 1.0,
    "time": 6.116204261779785,
    "start_wsp": {
      "name": "lucid.s.3",
      "definition": "transmitting light; able to be seen through with clarity",
      "onyms": [
        "crystalline",
        "pellucid",
        "lucid",
        "limpid",
        "crystal_clear",
        "transparent"
      ]
    },
    "end_wsp": {
      "name": "transparent.s.0",
      "definition": "transmitting light; able to be seen through with clarity",
      "onyms": [
        "crystalline",
        "pellucid",
        "lucid",
        "limpid",
        "crystal_clear",
        "transparent"
      ]
    }
  },
  "complete_link": {
    "score": 0.21419815719127655,
    "time": 8.082389831542969e-05,
    "start_wsp": {
      "name": "lucid.s.1",
      "definition": "having a clear mind",
      "onyms": [
        "lucid"
      ]
    },
    "end_wsp": {
      "name": "transparent.s.0",
      "definition": "transmitting light; able to be seen through with clarity",
      "onyms": [
        "crystalline",
        "pellucid",
        "lucid",
        "limpid",
        "crystal_clear",
        "transparent"
      ]
    }
  },
  "single_link": {
    "score": 1.0000001192092896,
    "time": 7.843971252441406e-05,
    "start_wsp": {
      "name": "lucid.s.0",
      "definition": "(of language) transparently clear; easily understandable; ; ; - Robert Burton",
      "onyms": [
        "pellucid",
        "lucid",
        "limpid",
        "crystal_clear",
        "luculent",
        "perspicuous"
      ]
    },
    "end_wsp": {
      "name": "transparent.s.0",
      "definition": "transmitting light; able to be seen through with clarity",
      "onyms": [
        "crystalline",
        "pellucid",
        "lucid",
        "limpid",
        "crystal_clear",
        "transparent"
      ]
    }
  },
  "total_vector": {
    "score": 1.0,
    "time": 6.548432111740112,
    "start_wsp": {
      "name": "lucid.s.3",
      "definition": "transmitting light; able to be seen through with clarity",
      "onyms": [
        "crystalline",
        "pellucid",
        "lucid",
        "limpid",
        "crystal_clear",
        "transparent"
      ]
    },
    "end_wsp": {
      "name": "transparent.s.0",
      "definition": "transmitting light; able to be seen through with clarity",
      "onyms": [
        "crystalline",
        "pellucid",
        "lucid",
        "limpid",
        "crystal_clear",
        "transparent"
      ]
    }
  }
}