{
  "average_link": {
    "score": 0.07775387609004974,
    "time": 0.005441188812255859,
    "start_wsp": {
      "name": "lulled.v.1",
      "definition": "become quiet or less intensive",
      "onyms": [
        "lull",
        "hush_up",
        "silence",
        "still",
        "calm_down",
        "hush",
        "shut_up",
        "quieten"
      ]
    },
    "end_wsp": {
      "name": "lull.v.3",
      "definition": "become quiet or less intensive",
      "onyms": [
        "lull",
        "hush_up",
        "silence",
        "still",
        "calm_down",
        "hush",
        "shut_up",
        "quieten"
      ]
    }
  },
  "average_vector": {
    "score": 1.0,
    "time": 1.3568170070648193,
    "start_wsp": {
      "name": "lulled.v.0",
      "definition": "calm by deception",
      "onyms": [
        "lull",
        "quiet",
        "still",
        "tranquilize",
        "calm_down",
        "quieten",
        "tranquillise",
        "tranquillize",
        "calm"
      ]
    },
    "end_wsp": {
      "name": "lull.v.2",
      "definition": "calm by deception",
      "onyms": [
        "lull",
        "quiet",
        "still",
        "tranquilize",
        "calm_down",
        "quieten",
        "tranquillise",
        "tranquillize",
        "calm"
      ]
    }
  },
  "complete_link": {
    "score": 0.12383899837732315,
    "time": 0.004900455474853516,
    "start_wsp": {
      "name": "lulled.v.1",
      "definition": "become quiet or less intensive",
      "onyms": [
        "lull",
        "hush_up",
        "silence",
        "still",
        "calm_down",
        "hush",
        "shut_up",
        "quieten"
      ]
    },
    "end_wsp": {
      "name": "lull.n.1",
      "definition": "a period of calm weather",
      "onyms": [
        "calmness",
        "lull",
        "quiet"
      ]
    }
  },
  "single_link": {
    "score": 1.0000001192092896,
    "time": 0.004732370376586914,
    "start_wsp": {
      "name": "lulled.v.2",
      "definition": "make calm or still",
      "onyms": [
        "lenify",
        "console",
        "appease",
        "placate",
        "comfort",
        "calm_down",
        "compose",
        "conciliate",
        "still",
        "pacify",
        "assure",
        "solace",
        "assuage",
        "quiet",
        "tranquillize",
        "quieten",
        "calm",
        "lull",
        "mollify",
        "tranquilize",
        "gentle",
        "reassure",
        "tranquillise",
        "soothe",
        "gruntle"
      ]
    },
    "end_wsp": {
      "name": "lull.v.4",
      "definition": "make calm or still",
      "onyms": [
        "lenify",
        "console",
        "appease",
        "placate",
        "comfort",
        "calm_down",
        "compose",
        "conciliate",
        "still",
        "pacify",
        "assure",
        "solace",
        "assuage",
        "quiet",
        "tranquillize",
        "quieten",
        "calm",
        "lull",
        "mollify",
        "tranquilize",
        "gentle",
        "reassure",
        "tranquillise",
        "soothe",
        "gruntle"
      ]
    }
  },
  "total_vector": {
    "score": 1.0,
    "time": 1.365229606628418,
    "start_wsp": {
      "name": "lulled.v.0",
      "definition": "calm by deception",
      "onyms": [
        "lull",
        "quiet",
        "still",
        "tranquilize",
        "calm_down",
        "quieten",
        "tranquillise",
        "tranquillize",
        "calm"
      ]
    },
    "end_wsp": {
      "name": "lull.v.2",
      "definition": "calm by deception",
      "onyms": [
        "lull",
        "quiet",
        "still",
        "tranquilize",
        "calm_down",
        "quieten",
        "tranquillise",
        "tranquillize",
        "calm"
      ]
    }
  }
}