{
  "average_link": {
    "score": 0.13318695593625307,
    "time": 0.00021314620971679688,
    "start_wsp": {
      "name": "lunch.v.1",
      "definition": "take the midday meal",
      "onyms": [
        "lunch",
        "eat"
      ]
    },
    "end_wsp": {
      "name": "feed.v.10",
      "definition": "gratify",
      "onyms": [
        "regale",
        "feast",
        "treat",
        "feed"
      ]
    }
  },
  "average_vector": {
    "score": 0.704004168510437,
    "time": 10.96246075630188,
    "start_wsp": {
      "name": "lunch.v.2",
      "definition": "provide a midday meal for",
      "onyms": [
        "give",
        "lunch",
        "feed"
      ]
    },
    "end_wsp": {
      "name": "feed.v.2",
      "definition": "give food to",
      "onyms": [
        "lactate",
        "ply",
        "suckle",
        "swill",
        "feed",
        "graze",
        "nourish",
        "range",
        "breakfast",
        "dine",
        "malnourish",
        "undernourish",
        "bottlefeed",
        "provide",
        "inject",
        "regurgitate",
        "force-feed",
        "scavenge",
        "give",
        "cater",
        "breastfeed",
        "pasture",
        "nutrify",
        "slop",
        "fodder",
        "supply",
        "wet-nurse",
        "lunch",
        "give_suck",
        "suck",
        "crop",
        "aliment",
        "overfeed",
        "nurse",
        "spoonfeed",
        "corn"
      ]
    }
  },
  "complete_link": {
    "score": 0.06561613082885742,
    "time": 0.00021457672119140625,
    "start_wsp": {
      "name": "lunch.v.1",
      "definition": "take the midday meal",
      "onyms": [
        "lunch",
        "eat"
      ]
    },
    "end_wsp": {
      "name": "feed.v.10",
      "definition": "gratify",
      "onyms": [
        "regale",
        "feast",
        "treat",
        "feed"
      ]
    }
  },
  "single_link": {
    "score": 1.0,
    "time": 0.0001995563507080078,
    "start_wsp": {
      "name": "lunch.n.0",
      "definition": "a midday meal",
      "onyms": [
        "dejeuner",
        "lunch",
        "meal",
        "tiffin",
        "business_lunch",
        "repast",
        "luncheon"
      ]
    },
    "end_wsp": {
      "name": "feed.v.2",
      "definition": "give food to",
      "onyms": [
        "lactate",
        "ply",
        "suckle",
        "swill",
        "feed",
        "graze",
        "nourish",
        "range",
        "breakfast",
        "dine",
        "malnourish",
        "undernourish",
        "bottlefeed",
        "provide",
        "inject",
        "regurgitate",
        "force-feed",
        "scavenge",
        "give",
        "cater",
        "breastfeed",
        "pasture",
        "nutrify",
        "slop",
        "fodder",
        "supply",
        "wet-nurse",
        "lunch",
        "give_suck",
        "suck",
        "crop",
        "aliment",
        "overfeed",
        "nurse",
        "spoonfeed",
        "corn"
      ]
    }
  },
  "total_vector": {
    "score": 0.704004168510437,
    "time": 12.394320487976074,
    "start_wsp": {
      "name": "lunch.v.2",
      "definition": "provide a midday meal for",
      "onyms": [
        "give",
        "lunch",
        "feed"
      ]
    },
    "end_wsp": {
      "name": "feed.v.2",
      "definition": "give food to",
      "onyms": [
        "lactate",
        "ply",
        "suckle",
        "swill",
        "feed",
        "graze",
        "nourish",
        "range",
        "breakfast",
        "dine",
        "malnourish",
        "undernourish",
        "bottlefeed",
        "provide",
        "inject",
        "regurgitate",
        "force-feed",
        "scavenge",
        "give",
        "cater",
        "breastfeed",
        "pasture",
        "nutrify",
        "slop",
        "fodder",
        "supply",
        "wet-nurse",
        "lunch",
        "give_suck",
        "suck",
        "crop",
        "aliment",
        "overfeed",
        "nurse",
        "spoonfeed",
        "corn"
      ]
    }
  }
}