{
  "average_link": {
    "score": 0.06280395101445417,
    "time": 0.0004162788391113281,
    "start_wsp": {
      "name": "lurch.n.0",
      "definition": "an unsteady uneven gait",
      "onyms": [
        "lurch",
        "gait",
        "stumble",
        "stagger"
      ]
    },
    "end_wsp": {
      "name": "prowl.n.0",
      "definition": "the act of prowling (walking about in a stealthy manner)",
      "onyms": [
        "walking",
        "prowl",
        "walk"
      ]
    }
  },
  "average_vector": {
    "score": 1.0,
    "time": 1.298851728439331,
    "start_wsp": {
      "name": "lurch.v.7",
      "definition": "loiter about, with no apparent aim",
      "onyms": [
        "footle",
        "hang_around",
        "lounge",
        "mill_about",
        "tarry",
        "loiter",
        "linger",
        "mill_around",
        "prowl",
        "lallygag",
        "lurch",
        "lollygag",
        "lurk",
        "loaf",
        "mess_about"
      ]
    },
    "end_wsp": {
      "name": "prowl.v.2",
      "definition": "loiter about, with no apparent aim",
      "onyms": [
        "footle",
        "hang_around",
        "lounge",
        "mill_about",
        "tarry",
        "loiter",
        "linger",
        "mill_around",
        "prowl",
        "lallygag",
        "lurch",
        "lollygag",
        "lurk",
        "loaf",
        "mess_about"
      ]
    }
  },
  "complete_link": {
    "score": 0.09898456931114197,
    "time": 0.0004048347473144531,
    "start_wsp": {
      "name": "lurch.v.6",
      "definition": "move slowly and unsteadily",
      "onyms": [
        "go",
        "locomote",
        "travel",
        "move",
        "lurch"
      ]
    },
    "end_wsp": {
      "name": "prowl.n.0",
      "definition": "the act of prowling (walking about in a stealthy manner)",
      "onyms": [
        "walking",
        "prowl",
        "walk"
      ]
    }
  },
  "single_link": {
    "score": 1.0000001192092896,
    "time": 0.0003848075866699219,
    "start_wsp": {
      "name": "lurch.v.7",
      "definition": "loiter about, with no apparent aim",
      "onyms": [
        "footle",
        "hang_around",
        "lounge",
        "mill_about",
        "tarry",
        "loiter",
        "linger",
        "mill_around",
        "prowl",
        "lallygag",
        "lurch",
        "lollygag",
        "lurk",
        "loaf",
        "mess_about"
      ]
    },
    "end_wsp": {
      "name": "prowl.v.2",
      "definition": "loiter about, with no apparent aim",
      "onyms": [
        "footle",
        "hang_around",
        "lounge",
        "mill_about",
        "tarry",
        "loiter",
        "linger",
        "mill_around",
        "prowl",
        "lallygag",
        "lurch",
        "lollygag",
        "lurk",
        "loaf",
        "mess_about"
      ]
    }
  },
  "total_vector": {
    "score": 1.0,
    "time": 1.3190381526947021,
    "start_wsp": {
      "name": "lurch.v.7",
      "definition": "loiter about, with no apparent aim",
      "onyms": [
        "footle",
        "hang_around",
        "lounge",
        "mill_about",
        "tarry",
        "loiter",
        "linger",
        "mill_around",
        "prowl",
        "lallygag",
        "lurch",
        "lollygag",
        "lurk",
        "loaf",
        "mess_about"
      ]
    },
    "end_wsp": {
      "name": "prowl.v.2",
      "definition": "loiter about, with no apparent aim",
      "onyms": [
        "footle",
        "hang_around",
        "lounge",
        "mill_about",
        "tarry",
        "loiter",
        "linger",
        "mill_around",
        "prowl",
        "lallygag",
        "lurch",
        "lollygag",
        "lurk",
        "loaf",
        "mess_about"
      ]
    }
  }
}