{
  "average_link": {
    "score": 0.2089491262342091,
    "time": 0.000293731689453125,
    "start_wsp": {
      "name": "mahogany.n.0",
      "definition": "wood of any of various mahogany trees; much used for cabinetwork and furniture",
      "onyms": [
        "cigar-box_cedar",
        "wood",
        "Philippine_mahogany",
        "mahogany_tree",
        "mahogany"
      ]
    },
    "end_wsp": {
      "name": "wood.n.0",
      "definition": "the hard fibrous lignified substance under the bark of trees",
      "onyms": [
        "brazilwood",
        "basswood",
        "red_sandalwood",
        "dyewood",
        "elmwood",
        "log",
        "elm",
        "splinters",
        "boxwood",
        "lancewood",
        "linden",
        "brierwood",
        "cabinet_wood",
        "brier-wood",
        "duramen",
        "citronwood",
        "brushwood",
        "guaiac",
        "granadilla_wood",
        "ruby_wood",
        "knot",
        "pecan",
        "bamboo",
        "maple",
        "cocoswood",
        "poplar",
        "oak",
        "kingwood",
        "beefwood",
        "lacewood",
        "hardwood",
        "logwood",
        "beechwood",
        "chopping_block",
        "teak",
        "quira",
        "sawdust",
        "spindle",
        "sabicu",
        "briarwood",
        "lignin",
        "softwood",
        "lemonwood",
        "blackwood",
        "white_poplar",
        "guaiac_wood",
        "whitewood",
        "sandarac",
        "cedar",
        "guaiacum",
        "driftwood",
        "cocuswood",
        "mahogany",
        "satinwood",
        "sandalwood",
        "larch",
        "fir",
        "yellow_poplar",
        "Panama_redwood",
        "Turkish_boxwood",
        "raw_wood",
        "deal",
        "redwood",
        "pine",
        "walnut",
        "balsa",
        "heartwood",
        "alder",
        "ash",
        "cherry",
        "chestnut",
        "obeche",
        "ironwood",
        "poon",
        "rosewood",
        "silver_quandong",
        "sycamore",
        "wood",
        "pyinma",
        "hemlock",
        "yew",
        "tulipwood",
        "balsa_wood",
        "guaiacum_wood",
        "yellowwood",
        "birch",
        "shittimwood",
        "sabicu_wood",
        "hazel",
        "plant_material",
        "cypress",
        "cedarwood",
        "kauri",
        "sumac",
        "hickory",
        "incense_wood",
        "bentwood",
        "wicker",
        "eucalyptus",
        "plant_substance",
        "gumwood",
        "lignum_vitae",
        "beam",
        "true_tulipwood",
        "timber",
        "dogwood",
        "olive",
        "teakwood",
        "gum",
        "fruitwood",
        "lumber",
        "tupelo",
        "sapwood",
        "burl",
        "zebrawood",
        "orangewood",
        "red_lauan",
        "locust",
        "matchwood",
        "beech",
        "black_locust",
        "spruce",
        "ebony"
      ]
    }
  },
  "average_vector": {
    "score": 0.8203694820404053,
    "time": 1.3132903575897217,
    "start_wsp": {
      "name": "mahogany.n.0",
      "definition": "wood of any of various mahogany trees; much used for cabinetwork and furniture",
      "onyms": [
        "cigar-box_cedar",
        "wood",
        "Philippine_mahogany",
        "mahogany_tree",
        "mahogany"
      ]
    },
    "end_wsp": {
      "name": "wood.n.0",
      "definition": "the hard fibrous lignified substance under the bark of trees",
      "onyms": [
        "brazilwood",
        "basswood",
        "red_sandalwood",
        "dyewood",
        "elmwood",
        "log",
        "elm",
        "splinters",
        "boxwood",
        "lancewood",
        "linden",
        "brierwood",
        "cabinet_wood",
        "brier-wood",
        "duramen",
        "citronwood",
        "brushwood",
        "guaiac",
        "granadilla_wood",
        "ruby_wood",
        "knot",
        "pecan",
        "bamboo",
        "maple",
        "cocoswood",
        "poplar",
        "oak",
        "kingwood",
        "beefwood",
        "lacewood",
        "hardwood",
        "logwood",
        "beechwood",
        "chopping_block",
        "teak",
        "quira",
        "sawdust",
        "spindle",
        "sabicu",
        "briarwood",
        "lignin",
        "softwood",
        "lemonwood",
        "blackwood",
        "white_poplar",
        "guaiac_wood",
        "whitewood",
        "sandarac",
        "cedar",
        "guaiacum",
        "driftwood",
        "cocuswood",
        "mahogany",
        "satinwood",
        "sandalwood",
        "larch",
        "fir",
        "yellow_poplar",
        "Panama_redwood",
        "Turkish_boxwood",
        "raw_wood",
        "deal",
        "redwood",
        "pine",
        "walnut",
        "balsa",
        "heartwood",
        "alder",
        "ash",
        "cherry",
        "chestnut",
        "obeche",
        "ironwood",
        "poon",
        "rosewood",
        "silver_quandong",
        "sycamore",
        "wood",
        "pyinma",
        "hemlock",
        "yew",
        "tulipwood",
        "balsa_wood",
        "guaiacum_wood",
        "yellowwood",
        "birch",
        "shittimwood",
        "sabicu_wood",
        "hazel",
        "plant_material",
        "cypress",
        "cedarwood",
        "kauri",
        "sumac",
        "hickory",
        "incense_wood",
        "bentwood",
        "wicker",
        "eucalyptus",
        "plant_substance",
        "gumwood",
        "lignum_vitae",
        "beam",
        "true_tulipwood",
        "timber",
        "dogwood",
        "olive",
        "teakwood",
        "gum",
        "fruitwood",
        "lumber",
        "tupelo",
        "sapwood",
        "burl",
        "zebrawood",
        "orangewood",
        "red_lauan",
        "locust",
        "matchwood",
        "beech",
        "black_locust",
        "spruce",
        "ebony"
      ]
    }
  },
  "complete_link": {
    "score": 0.10836541652679443,
    "time": 0.00033402442932128906,
    "start_wsp": {
      "name": "mahogany.n.0",
      "definition": "wood of any of various mahogany trees; much used for cabinetwork and furniture",
      "onyms": [
        "cigar-box_cedar",
        "wood",
        "Philippine_mahogany",
        "mahogany_tree",
        "mahogany"
      ]
    },
    "end_wsp": {
      "name": "wood.n.1",
      "definition": "the trees and other plants in a large densely wooded area",
      "onyms": [
        "underbrush",
        "underwood",
        "old_growth",
        "bosk",
        "vegetation",
        "rain_forest",
        "virgin_forest",
        "jungle",
        "wood",
        "rainforest",
        "botany",
        "flora",
        "tree",
        "undergrowth",
        "second_growth",
        "forest",
        "woods",
        "grove"
      ]
    }
  },
  "single_link": {
    "score": 1.0,
    "time": 0.00030922889709472656,
    "start_wsp": {
      "name": "mahogany.n.0",
      "definition": "wood of any of various mahogany trees; much used for cabinetwork and furniture",
      "onyms": [
        "cigar-box_cedar",
        "wood",
        "Philippine_mahogany",
        "mahogany_tree",
        "mahogany"
      ]
    },
    "end_wsp": {
      "name": "wood.n.0",
      "definition": "the hard fibrous lignified substance under the bark of trees",
      "onyms": [
        "brazilwood",
        "basswood",
        "red_sandalwood",
        "dyewood",
        "elmwood",
        "log",
        "elm",
        "splinters",
        "boxwood",
        "lancewood",
        "linden",
        "brierwood",
        "cabinet_wood",
        "brier-wood",
        "duramen",
        "citronwood",
        "brushwood",
        "guaiac",
        "granadilla_wood",
        "ruby_wood",
        "knot",
        "pecan",
        "bamboo",
        "maple",
        "cocoswood",
        "poplar",
        "oak",
        "kingwood",
        "beefwood",
        "lacewood",
        "hardwood",
        "logwood",
        "beechwood",
        "chopping_block",
        "teak",
        "quira",
        "sawdust",
        "spindle",
        "sabicu",
        "briarwood",
        "lignin",
        "softwood",
        "lemonwood",
        "blackwood",
        "white_poplar",
        "guaiac_wood",
        "whitewood",
        "sandarac",
        "cedar",
        "guaiacum",
        "driftwood",
        "cocuswood",
        "mahogany",
        "satinwood",
        "sandalwood",
        "larch",
        "fir",
        "yellow_poplar",
        "Panama_redwood",
        "Turkish_boxwood",
        "raw_wood",
        "deal",
        "redwood",
        "pine",
        "walnut",
        "balsa",
        "heartwood",
        "alder",
        "ash",
        "cherry",
        "chestnut",
        "obeche",
        "ironwood",
        "poon",
        "rosewood",
        "silver_quandong",
        "sycamore",
        "wood",
        "pyinma",
        "hemlock",
        "yew",
        "tulipwood",
        "balsa_wood",
        "guaiacum_wood",
        "yellowwood",
        "birch",
        "shittimwood",
        "sabicu_wood",
        "hazel",
        "plant_material",
        "cypress",
        "cedarwood",
        "kauri",
        "sumac",
        "hickory",
        "incense_wood",
        "bentwood",
        "wicker",
        "eucalyptus",
        "plant_substance",
        "gumwood",
        "lignum_vitae",
        "beam",
        "true_tulipwood",
        "timber",
        "dogwood",
        "olive",
        "teakwood",
        "gum",
        "fruitwood",
        "lumber",
        "tupelo",
        "sapwood",
        "burl",
        "zebrawood",
        "orangewood",
        "red_lauan",
        "locust",
        "matchwood",
        "beech",
        "black_locust",
        "spruce",
        "ebony"
      ]
    }
  },
  "total_vector": {
    "score": 0.8203694820404053,
    "time": 1.3221769332885742,
    "start_wsp": {
      "name": "mahogany.n.0",
      "definition": "wood of any of various mahogany trees; much used for cabinetwork and furniture",
      "onyms": [
        "cigar-box_cedar",
        "wood",
        "Philippine_mahogany",
        "mahogany_tree",
        "mahogany"
      ]
    },
    "end_wsp": {
      "name": "wood.n.0",
      "definition": "the hard fibrous lignified substance under the bark of trees",
      "onyms": [
        "brazilwood",
        "basswood",
        "red_sandalwood",
        "dyewood",
        "elmwood",
        "log",
        "elm",
        "splinters",
        "boxwood",
        "lancewood",
        "linden",
        "brierwood",
        "cabinet_wood",
        "brier-wood",
        "duramen",
        "citronwood",
        "brushwood",
        "guaiac",
        "granadilla_wood",
        "ruby_wood",
        "knot",
        "pecan",
        "bamboo",
        "maple",
        "cocoswood",
        "poplar",
        "oak",
        "kingwood",
        "beefwood",
        "lacewood",
        "hardwood",
        "logwood",
        "beechwood",
        "chopping_block",
        "teak",
        "quira",
        "sawdust",
        "spindle",
        "sabicu",
        "briarwood",
        "lignin",
        "softwood",
        "lemonwood",
        "blackwood",
        "white_poplar",
        "guaiac_wood",
        "whitewood",
        "sandarac",
        "cedar",
        "guaiacum",
        "driftwood",
        "cocuswood",
        "mahogany",
        "satinwood",
        "sandalwood",
        "larch",
        "fir",
        "yellow_poplar",
        "Panama_redwood",
        "Turkish_boxwood",
        "raw_wood",
        "deal",
        "redwood",
        "pine",
        "walnut",
        "balsa",
        "heartwood",
        "alder",
        "ash",
        "cherry",
        "chestnut",
        "obeche",
        "ironwood",
        "poon",
        "rosewood",
        "silver_quandong",
        "sycamore",
        "wood",
        "pyinma",
        "hemlock",
        "yew",
        "tulipwood",
        "balsa_wood",
        "guaiacum_wood",
        "yellowwood",
        "birch",
        "shittimwood",
        "sabicu_wood",
        "hazel",
        "plant_material",
        "cypress",
        "cedarwood",
        "kauri",
        "sumac",
        "hickory",
        "incense_wood",
        "bentwood",
        "wicker",
        "eucalyptus",
        "plant_substance",
        "gumwood",
        "lignum_vitae",
        "beam",
        "true_tulipwood",
        "timber",
        "dogwood",
        "olive",
        "teakwood",
        "gum",
        "fruitwood",
        "lumber",
        "tupelo",
        "sapwood",
        "burl",
        "zebrawood",
        "orangewood",
        "red_lauan",
        "locust",
        "matchwood",
        "beech",
        "black_locust",
        "spruce",
        "ebony"
      ]
    }
  }
}