{
  "average_link": {
    "score": 0.21729834843426943,
    "time": 9.369850158691406e-05,
    "start_wsp": {
      "name": "mailer.n.3",
      "definition": "a container for something to be mailed",
      "onyms": [
        "airmailer",
        "container",
        "mailer"
      ]
    },
    "end_wsp": {
      "name": "envelope.n.0",
      "definition": "a flat (usually rectangular) container for a letter, thin package, etc.",
      "onyms": [
        "envelope",
        "window_envelope",
        "container"
      ]
    }
  },
  "average_vector": {
    "score": 0.6711655259132385,
    "time": 5.566331624984741,
    "start_wsp": {
      "name": "mailer.n.3",
      "definition": "a container for something to be mailed",
      "onyms": [
        "airmailer",
        "container",
        "mailer"
      ]
    },
    "end_wsp": {
      "name": "envelope.n.0",
      "definition": "a flat (usually rectangular) container for a letter, thin package, etc.",
      "onyms": [
        "envelope",
        "window_envelope",
        "container"
      ]
    }
  },
  "complete_link": {
    "score": 0.3113376200199127,
    "time": 8.96453857421875e-05,
    "start_wsp": {
      "name": "mailer.n.3",
      "definition": "a container for something to be mailed",
      "onyms": [
        "airmailer",
        "container",
        "mailer"
      ]
    },
    "end_wsp": {
      "name": "envelope.n.4",
      "definition": "the maximum operating capability of a system (especially an aircraft)",
      "onyms": [
        "operating_capability",
        "envelope",
        "performance_capability"
      ]
    }
  },
  "single_link": {
    "score": 1.0,
    "time": 8.130073547363281e-05,
    "start_wsp": {
      "name": "mailer.n.3",
      "definition": "a container for something to be mailed",
      "onyms": [
        "airmailer",
        "container",
        "mailer"
      ]
    },
    "end_wsp": {
      "name": "envelope.n.0",
      "definition": "a flat (usually rectangular) container for a letter, thin package, etc.",
      "onyms": [
        "envelope",
        "window_envelope",
        "container"
      ]
    }
  },
  "total_vector": {
    "score": 0.6711655259132385,
    "time": 5.633054971694946,
    "start_wsp": {
      "name": "mailer.n.3",
      "definition": "a container for something to be mailed",
      "onyms": [
        "airmailer",
        "container",
        "mailer"
      ]
    },
    "end_wsp": {
      "name": "envelope.n.0",
      "definition": "a flat (usually rectangular) container for a letter, thin package, etc.",
      "onyms": [
        "envelope",
        "window_envelope",
        "container"
      ]
    }
  }
}