{
  "average_link": {
    "score": 0.4940295070409775,
    "time": 1.8835067749023438e-05,
    "start_wsp": {
      "name": "marine.a.2",
      "definition": "of or relating to the sea",
      "onyms": [
        "marine"
      ]
    },
    "end_wsp": {
      "name": "oceanic.a.1",
      "definition": "relating to or occurring or living in or frequenting the open ocean",
      "onyms": [
        "oceanic",
        "pelagic"
      ]
    }
  },
  "average_vector": {
    "score": 0.5811960101127625,
    "time": 1.3527021408081055,
    "start_wsp": {
      "name": "marine.a.3",
      "definition": "relating to or involving ships or shipping or navigation or seamen",
      "onyms": [
        "marine",
        "nautical",
        "maritime"
      ]
    },
    "end_wsp": {
      "name": "oceanic.a.1",
      "definition": "relating to or occurring or living in or frequenting the open ocean",
      "onyms": [
        "oceanic",
        "pelagic"
      ]
    }
  },
  "complete_link": {
    "score": 0.4871067702770233,
    "time": 1.6689300537109375e-05,
    "start_wsp": {
      "name": "marine.a.2",
      "definition": "of or relating to the sea",
      "onyms": [
        "marine"
      ]
    },
    "end_wsp": {
      "name": "oceanic.a.1",
      "definition": "relating to or occurring or living in or frequenting the open ocean",
      "onyms": [
        "oceanic",
        "pelagic"
      ]
    }
  },
  "single_link": {
    "score": 0.5009522438049316,
    "time": 1.5974044799804688e-05,
    "start_wsp": {
      "name": "marine.n.1",
      "definition": "a soldier who serves both on shipboard and on land",
      "onyms": [
        "marine",
        "soldier"
      ]
    },
    "end_wsp": {
      "name": "oceanic.a.1",
      "definition": "relating to or occurring or living in or frequenting the open ocean",
      "onyms": [
        "oceanic",
        "pelagic"
      ]
    }
  },
  "total_vector": {
    "score": 0.5811960101127625,
    "time": 1.3615705966949463,
    "start_wsp": {
      "name": "marine.a.3",
      "definition": "relating to or involving ships or shipping or navigation or seamen",
      "onyms": [
        "marine",
        "nautical",
        "maritime"
      ]
    },
    "end_wsp": {
      "name": "oceanic.a.1",
      "definition": "relating to or occurring or living in or frequenting the open ocean",
      "onyms": [
        "oceanic",
        "pelagic"
      ]
    }
  }
}