{
  "average_link": {
    "score": 0.38740284426603466,
    "time": 7.700920104980469e-05,
    "start_wsp": {
      "name": "mastoid.a.1",
      "definition": "of or relating to or in the region of the mastoid process",
      "onyms": [
        "mastoid"
      ]
    },
    "end_wsp": {
      "name": "process.n.4",
      "definition": "a natural prolongation or projection from a part of an organism either animal or plant",
      "onyms": [
        "aculea",
        "metaphysis",
        "mastoidal",
        "odontoid_process",
        "tubercle",
        "enation",
        "crest",
        "apophysis",
        "flagellum",
        "mastoid_bone",
        "processus_coronoideus",
        "styloid_process",
        "osteophyte",
        "spiculum",
        "tail",
        "condyle",
        "gum_ridge",
        "outgrowth",
        "caruncle",
        "epicondyle",
        "mastoid_process",
        "process",
        "vermiform_process",
        "spine",
        "pseudopod",
        "fetlock",
        "arista",
        "alveolar_ridge",
        "mastoid",
        "acrosome",
        "zygomatic_process",
        "cecal_appendage",
        "excrescence",
        "eminence",
        "cirrus",
        "hair",
        "pterygoid_process",
        "transverse_process",
        "vermiform_appendix",
        "plant_process",
        "olecranon_process",
        "alveolar_process",
        "alveolar_arch",
        "appendage",
        "ridge",
        "acromion",
        "appendix",
        "trochanter",
        "olecranon",
        "tuberosity",
        "spicule",
        "villus",
        "caruncula",
        "horn",
        "papilla",
        "fimbria",
        "pseudopodium",
        "body_part",
        "tentacle",
        "style",
        "coronoid_process",
        "ala",
        "acromial_process"
      ]
    }
  },
  "average_vector": {
    "score": 0.7779088020324707,
    "time": 1.3106484413146973,
    "start_wsp": {
      "name": "mastoid.n.0",
      "definition": "process of the temporal bone behind the ear at the base of the skull",
      "onyms": [
        "mastoidale",
        "os_temporale",
        "outgrowth",
        "mastoidal",
        "mastoid_bone",
        "mastoid_process",
        "process",
        "appendage",
        "temporal_bone",
        "mastoid"
      ]
    },
    "end_wsp": {
      "name": "process.n.4",
      "definition": "a natural prolongation or projection from a part of an organism either animal or plant",
      "onyms": [
        "aculea",
        "metaphysis",
        "mastoidal",
        "odontoid_process",
        "tubercle",
        "enation",
        "crest",
        "apophysis",
        "flagellum",
        "mastoid_bone",
        "processus_coronoideus",
        "styloid_process",
        "osteophyte",
        "spiculum",
        "tail",
        "condyle",
        "gum_ridge",
        "outgrowth",
        "caruncle",
        "epicondyle",
        "mastoid_process",
        "process",
        "vermiform_process",
        "spine",
        "pseudopod",
        "fetlock",
        "arista",
        "alveolar_ridge",
        "mastoid",
        "acrosome",
        "zygomatic_process",
        "cecal_appendage",
        "excrescence",
        "eminence",
        "cirrus",
        "hair",
        "pterygoid_process",
        "transverse_process",
        "vermiform_appendix",
        "plant_process",
        "olecranon_process",
        "alveolar_process",
        "alveolar_arch",
        "appendage",
        "ridge",
        "acromion",
        "appendix",
        "trochanter",
        "olecranon",
        "tuberosity",
        "spicule",
        "villus",
        "caruncula",
        "horn",
        "papilla",
        "fimbria",
        "pseudopodium",
        "body_part",
        "tentacle",
        "style",
        "coronoid_process",
        "ala",
        "acromial_process"
      ]
    }
  },
  "complete_link": {
    "score": 0.07635366171598434,
    "time": 8.821487426757812e-05,
    "start_wsp": {
      "name": "mastoid.a.1",
      "definition": "of or relating to or in the region of the mastoid process",
      "onyms": [
        "mastoid"
      ]
    },
    "end_wsp": {
      "name": "process.n.1",
      "definition": "(psychology) the performance of some composite cognitive activity; an operation that affects mental contents",
      "onyms": [
        "knowledge",
        "noesis",
        "cognition",
        "higher_cognitive_process",
        "process",
        "basic_cognitive_process",
        "cognitive_process",
        "mental_process",
        "cognitive_operation",
        "operation"
      ]
    }
  },
  "single_link": {
    "score": 1.0000001192092896,
    "time": 6.4849853515625e-05,
    "start_wsp": {
      "name": "mastoid.n.0",
      "definition": "process of the temporal bone behind the ear at the base of the skull",
      "onyms": [
        "mastoidale",
        "os_temporale",
        "outgrowth",
        "mastoidal",
        "mastoid_bone",
        "mastoid_process",
        "process",
        "appendage",
        "temporal_bone",
        "mastoid"
      ]
    },
    "end_wsp": {
      "name": "process.n.4",
      "definition": "a natural prolongation or projection from a part of an organism either animal or plant",
      "onyms": [
        "aculea",
        "metaphysis",
        "mastoidal",
        "odontoid_process",
        "tubercle",
        "enation",
        "crest",
        "apophysis",
        "flagellum",
        "mastoid_bone",
        "processus_coronoideus",
        "styloid_process",
        "osteophyte",
        "spiculum",
        "tail",
        "condyle",
        "gum_ridge",
        "outgrowth",
        "caruncle",
        "epicondyle",
        "mastoid_process",
        "process",
        "vermiform_process",
        "spine",
        "pseudopod",
        "fetlock",
        "arista",
        "alveolar_ridge",
        "mastoid",
        "acrosome",
        "zygomatic_process",
        "cecal_appendage",
        "excrescence",
        "eminence",
        "cirrus",
        "hair",
        "pterygoid_process",
        "transverse_process",
        "vermiform_appendix",
        "plant_process",
        "olecranon_process",
        "alveolar_process",
        "alveolar_arch",
        "appendage",
        "ridge",
        "acromion",
        "appendix",
        "trochanter",
        "olecranon",
        "tuberosity",
        "spicule",
        "villus",
        "caruncula",
        "horn",
        "papilla",
        "fimbria",
        "pseudopodium",
        "body_part",
        "tentacle",
        "style",
        "coronoid_process",
        "ala",
        "acromial_process"
      ]
    }
  },
  "total_vector": {
    "score": 0.7779088020324707,
    "time": 1.3235349655151367,
    "start_wsp": {
      "name": "mastoid.n.0",
      "definition": "process of the temporal bone behind the ear at the base of the skull",
      "onyms": [
        "mastoidale",
        "os_temporale",
        "outgrowth",
        "mastoidal",
        "mastoid_bone",
        "mastoid_process",
        "process",
        "appendage",
        "temporal_bone",
        "mastoid"
      ]
    },
    "end_wsp": {
      "name": "process.n.4",
      "definition": "a natural prolongation or projection from a part of an organism either animal or plant",
      "onyms": [
        "aculea",
        "metaphysis",
        "mastoidal",
        "odontoid_process",
        "tubercle",
        "enation",
        "crest",
        "apophysis",
        "flagellum",
        "mastoid_bone",
        "processus_coronoideus",
        "styloid_process",
        "osteophyte",
        "spiculum",
        "tail",
        "condyle",
        "gum_ridge",
        "outgrowth",
        "caruncle",
        "epicondyle",
        "mastoid_process",
        "process",
        "vermiform_process",
        "spine",
        "pseudopod",
        "fetlock",
        "arista",
        "alveolar_ridge",
        "mastoid",
        "acrosome",
        "zygomatic_process",
        "cecal_appendage",
        "excrescence",
        "eminence",
        "cirrus",
        "hair",
        "pterygoid_process",
        "transverse_process",
        "vermiform_appendix",
        "plant_process",
        "olecranon_process",
        "alveolar_process",
        "alveolar_arch",
        "appendage",
        "ridge",
        "acromion",
        "appendix",
        "trochanter",
        "olecranon",
        "tuberosity",
        "spicule",
        "villus",
        "caruncula",
        "horn",
        "papilla",
        "fimbria",
        "pseudopodium",
        "body_part",
        "tentacle",
        "style",
        "coronoid_process",
        "ala",
        "acromial_process"
      ]
    }
  }
}