{
  "average_link": {
    "score": 0.3749358028173447,
    "time": 5.8650970458984375e-05,
    "start_wsp": {
      "name": "mechanical.a.0",
      "definition": "using (or as if using) mechanisms or tools or devices",
      "onyms": [
        "mechanical"
      ]
    },
    "end_wsp": {
      "name": "mechanics.n.0",
      "definition": "the branch of physics concerned with the motion of bodies in a frame of reference",
      "onyms": [
        "fluid_mechanics",
        "kinematics",
        "mechanics",
        "dynamics",
        "Newtonian_mechanics",
        "kinetics",
        "pneumatics",
        "aerodynamics",
        "hydraulics",
        "statics",
        "aeromechanics",
        "natural_philosophy",
        "physics",
        "classical_mechanics"
      ]
    }
  },
  "average_vector": {
    "score": 0.6045489311218262,
    "time": 11.408844470977783,
    "start_wsp": {
      "name": "mechanical.a.0",
      "definition": "using (or as if using) mechanisms or tools or devices",
      "onyms": [
        "mechanical"
      ]
    },
    "end_wsp": {
      "name": "mechanics.n.0",
      "definition": "the branch of physics concerned with the motion of bodies in a frame of reference",
      "onyms": [
        "fluid_mechanics",
        "kinematics",
        "mechanics",
        "dynamics",
        "Newtonian_mechanics",
        "kinetics",
        "pneumatics",
        "aerodynamics",
        "hydraulics",
        "statics",
        "aeromechanics",
        "natural_philosophy",
        "physics",
        "classical_mechanics"
      ]
    }
  },
  "complete_link": {
    "score": 0.28199303150177,
    "time": 4.0531158447265625e-05,
    "start_wsp": {
      "name": "mechanical.a.0",
      "definition": "using (or as if using) mechanisms or tools or devices",
      "onyms": [
        "mechanical"
      ]
    },
    "end_wsp": {
      "name": "mechanics.n.3",
      "definition": "someone whose occupation is repairing and maintaining automobiles",
      "onyms": [
        "mechanic",
        "maintenance_man",
        "repairman",
        "auto-mechanic",
        "car-mechanic",
        "automobile_mechanic",
        "grease_monkey",
        "service_man"
      ]
    }
  },
  "single_link": {
    "score": 0.6451795101165771,
    "time": 3.981590270996094e-05,
    "start_wsp": {
      "name": "mechanical.a.0",
      "definition": "using (or as if using) mechanisms or tools or devices",
      "onyms": [
        "mechanical"
      ]
    },
    "end_wsp": {
      "name": "mechanics.n.0",
      "definition": "the branch of physics concerned with the motion of bodies in a frame of reference",
      "onyms": [
        "fluid_mechanics",
        "kinematics",
        "mechanics",
        "dynamics",
        "Newtonian_mechanics",
        "kinetics",
        "pneumatics",
        "aerodynamics",
        "hydraulics",
        "statics",
        "aeromechanics",
        "natural_philosophy",
        "physics",
        "classical_mechanics"
      ]
    }
  },
  "total_vector": {
    "score": 0.6045488715171814,
    "time": 9.1547372341156,
    "start_wsp": {
      "name": "mechanical.a.0",
      "definition": "using (or as if using) mechanisms or tools or devices",
      "onyms": [
        "mechanical"
      ]
    },
    "end_wsp": {
      "name": "mechanics.n.0",
      "definition": "the branch of physics concerned with the motion of bodies in a frame of reference",
      "onyms": [
        "fluid_mechanics",
        "kinematics",
        "mechanics",
        "dynamics",
        "Newtonian_mechanics",
        "kinetics",
        "pneumatics",
        "aerodynamics",
        "hydraulics",
        "statics",
        "aeromechanics",
        "natural_philosophy",
        "physics",
        "classical_mechanics"
      ]
    }
  }
}