{
  "average_link": {
    "score": 0.06427789619192481,
    "time": 4.76837158203125e-05,
    "start_wsp": {
      "name": "mercurial.a.1",
      "definition": "relating to or under the (astrological) influence of the planet Mercury",
      "onyms": [
        "Mercurial"
      ]
    },
    "end_wsp": {
      "name": "historical.a.3",
      "definition": "used of the study of a phenomenon (especially language) as it changes through time",
      "onyms": [
        "diachronic",
        "historical"
      ]
    }
  },
  "average_vector": {
    "score": 0.11295447498559952,
    "time": 1.318877935409546,
    "start_wsp": {
      "name": "mercurial.s.0",
      "definition": "liable to sudden unpredictable change",
      "onyms": [
        "fickle",
        "quicksilver",
        "erratic",
        "mercurial"
      ]
    },
    "end_wsp": {
      "name": "historical.a.3",
      "definition": "used of the study of a phenomenon (especially language) as it changes through time",
      "onyms": [
        "diachronic",
        "historical"
      ]
    }
  },
  "complete_link": {
    "score": 0.05097239837050438,
    "time": 2.9802322387695312e-05,
    "start_wsp": {
      "name": "mercurial.a.3",
      "definition": "relating to or containing or caused by mercury",
      "onyms": [
        "mercurial"
      ]
    },
    "end_wsp": {
      "name": "historical.a.0",
      "definition": "of or relating to the study of history",
      "onyms": [
        "historical"
      ]
    }
  },
  "single_link": {
    "score": 0.23332209885120392,
    "time": 2.7894973754882812e-05,
    "start_wsp": {
      "name": "mercurial.s.0",
      "definition": "liable to sudden unpredictable change",
      "onyms": [
        "fickle",
        "quicksilver",
        "erratic",
        "mercurial"
      ]
    },
    "end_wsp": {
      "name": "historical.a.3",
      "definition": "used of the study of a phenomenon (especially language) as it changes through time",
      "onyms": [
        "diachronic",
        "historical"
      ]
    }
  },
  "total_vector": {
    "score": 0.11295447498559952,
    "time": 1.32686448097229,
    "start_wsp": {
      "name": "mercurial.s.0",
      "definition": "liable to sudden unpredictable change",
      "onyms": [
        "fickle",
        "quicksilver",
        "erratic",
        "mercurial"
      ]
    },
    "end_wsp": {
      "name": "historical.a.3",
      "definition": "used of the study of a phenomenon (especially language) as it changes through time",
      "onyms": [
        "diachronic",
        "historical"
      ]
    }
  }
}