{
  "average_link": {
    "score": 0.5566278658807278,
    "time": 2.1219253540039062e-05,
    "start_wsp": {
      "name": "mil.n.4",
      "definition": "an angular unit used in artillery; equal to 1/6400 of a complete revolution",
      "onyms": [
        "mil",
        "angular_unit"
      ]
    },
    "end_wsp": {
      "name": "mile.n.6",
      "definition": "a Swedish unit of length equivalent to 10 km",
      "onyms": [
        "linear_unit",
        "mil",
        "linear_measure",
        "Swedish_mile",
        "mile"
      ]
    }
  },
  "average_vector": {
    "score": 1.0,
    "time": 1.3244719505310059,
    "start_wsp": {
      "name": "mil.n.1",
      "definition": "a Swedish unit of length equivalent to 10 km",
      "onyms": [
        "linear_unit",
        "mil",
        "linear_measure",
        "Swedish_mile",
        "mile"
      ]
    },
    "end_wsp": {
      "name": "mile.n.6",
      "definition": "a Swedish unit of length equivalent to 10 km",
      "onyms": [
        "linear_unit",
        "mil",
        "linear_measure",
        "Swedish_mile",
        "mile"
      ]
    }
  },
  "complete_link": {
    "score": 0.11325573176145554,
    "time": 1.6450881958007812e-05,
    "start_wsp": {
      "name": "mil.n.0",
      "definition": "a Cypriot monetary unit equal to one thousandth of a pound",
      "onyms": [
        "mil",
        "pound",
        "Cypriot_pound",
        "Cypriot_monetary_unit"
      ]
    },
    "end_wsp": {
      "name": "mile.n.2",
      "definition": "a large distance",
      "onyms": [
        "mile",
        "large_indefinite_amount",
        "large_indefinite_quantity"
      ]
    }
  },
  "single_link": {
    "score": 1.0,
    "time": 1.5497207641601562e-05,
    "start_wsp": {
      "name": "mil.n.0",
      "definition": "a Cypriot monetary unit equal to one thousandth of a pound",
      "onyms": [
        "mil",
        "pound",
        "Cypriot_pound",
        "Cypriot_monetary_unit"
      ]
    },
    "end_wsp": {
      "name": "mile.n.6",
      "definition": "a Swedish unit of length equivalent to 10 km",
      "onyms": [
        "linear_unit",
        "mil",
        "linear_measure",
        "Swedish_mile",
        "mile"
      ]
    }
  },
  "total_vector": {
    "score": 1.0,
    "time": 1.3300118446350098,
    "start_wsp": {
      "name": "mil.n.1",
      "definition": "a Swedish unit of length equivalent to 10 km",
      "onyms": [
        "linear_unit",
        "mil",
        "linear_measure",
        "Swedish_mile",
        "mile"
      ]
    },
    "end_wsp": {
      "name": "mile.n.6",
      "definition": "a Swedish unit of length equivalent to 10 km",
      "onyms": [
        "linear_unit",
        "mil",
        "linear_measure",
        "Swedish_mile",
        "mile"
      ]
    }
  }
}