{
  "average_link": {
    "score": 0.1458487082272768,
    "time": 0.00041866302490234375,
    "start_wsp": {
      "name": "minstrel.v.2",
      "definition": "celebrate by singing, in the style of minstrels",
      "onyms": [
        "minstrel",
        "sing"
      ]
    },
    "end_wsp": {
      "name": "music.n.1",
      "definition": "any agreeable (pleasing and harmonious) sounds",
      "onyms": [
        "auditory_sensation",
        "sound",
        "music_of_the_spheres",
        "euphony",
        "music"
      ]
    }
  },
  "average_vector": {
    "score": 0.5230417847633362,
    "time": 1.4060719013214111,
    "start_wsp": {
      "name": "minstrel.n.0",
      "definition": "a singer of folk songs",
      "onyms": [
        "Woodrow_Wilson_Guthrie",
        "minstrel",
        "Woody_Guthrie",
        "Pete_Seeger",
        "singer",
        "vocalist",
        "vocaliser",
        "troubadour",
        "Guthrie",
        "Seeger",
        "jongleur",
        "folk_singer",
        "poet-singer",
        "vocalizer",
        "Peter_Seeger"
      ]
    },
    "end_wsp": {
      "name": "music.n.0",
      "definition": "an artistic form of auditory communication incorporating instrumental or vocal tones in a structured and continuous manner",
      "onyms": [
        "part_music",
        "musical_harmony",
        "ballet",
        "chorus",
        "line",
        "instrumental_music",
        "subdivision",
        "strain",
        "opus",
        "melody",
        "Beethoven",
        "tune",
        "pizzicato",
        "genre",
        "composition",
        "Haydn",
        "polyphony",
        "polytonalism",
        "serial_music",
        "polyphonic_music",
        "Stravinsky",
        "music",
        "music_genre",
        "overture",
        "vocal",
        "auditory_communication",
        "refrain",
        "piece_of_music",
        "musical_composition",
        "Bach",
        "melodic_phrase",
        "section",
        "vocal_music",
        "monophony",
        "monody",
        "Gilbert_and_Sullivan",
        "Ta'ziyeh",
        "harmony",
        "Chopin",
        "popularism",
        "antiphony",
        "Handel",
        "Brahms",
        "Mozart",
        "musical_style",
        "serialism",
        "syncopation",
        "Wagner",
        "prelude",
        "piece",
        "dance_music",
        "musical_genre",
        "monophonic_music",
        "concerted_music",
        "air",
        "polytonality",
        "melodic_line"
      ]
    }
  },
  "complete_link": {
    "score": 0.11488934606313705,
    "time": 0.00015163421630859375,
    "start_wsp": {
      "name": "minstrel.v.2",
      "definition": "celebrate by singing, in the style of minstrels",
      "onyms": [
        "minstrel",
        "sing"
      ]
    },
    "end_wsp": {
      "name": "music.n.1",
      "definition": "any agreeable (pleasing and harmonious) sounds",
      "onyms": [
        "auditory_sensation",
        "sound",
        "music_of_the_spheres",
        "euphony",
        "music"
      ]
    }
  },
  "single_link": {
    "score": 0.5351988673210144,
    "time": 0.00014400482177734375,
    "start_wsp": {
      "name": "minstrel.n.0",
      "definition": "a singer of folk songs",
      "onyms": [
        "Woodrow_Wilson_Guthrie",
        "minstrel",
        "Woody_Guthrie",
        "Pete_Seeger",
        "singer",
        "vocalist",
        "vocaliser",
        "troubadour",
        "Guthrie",
        "Seeger",
        "jongleur",
        "folk_singer",
        "poet-singer",
        "vocalizer",
        "Peter_Seeger"
      ]
    },
    "end_wsp": {
      "name": "music.n.2",
      "definition": "musical activity (singing or whistling etc.)",
      "onyms": [
        "intonation",
        "carillon_playing",
        "activity",
        "percussion",
        "beats_per_minute",
        "metronome_marking",
        "instrumental_music",
        "bpm",
        "whistling",
        "M.M.",
        "music",
        "bell_ringing",
        "vocal_music",
        "carillon"
      ]
    }
  },
  "total_vector": {
    "score": 0.5230417847633362,
    "time": 1.406395673751831,
    "start_wsp": {
      "name": "minstrel.n.0",
      "definition": "a singer of folk songs",
      "onyms": [
        "Woodrow_Wilson_Guthrie",
        "minstrel",
        "Woody_Guthrie",
        "Pete_Seeger",
        "singer",
        "vocalist",
        "vocaliser",
        "troubadour",
        "Guthrie",
        "Seeger",
        "jongleur",
        "folk_singer",
        "poet-singer",
        "vocalizer",
        "Peter_Seeger"
      ]
    },
    "end_wsp": {
      "name": "music.n.0",
      "definition": "an artistic form of auditory communication incorporating instrumental or vocal tones in a structured and continuous manner",
      "onyms": [
        "part_music",
        "musical_harmony",
        "ballet",
        "chorus",
        "line",
        "instrumental_music",
        "subdivision",
        "strain",
        "opus",
        "melody",
        "Beethoven",
        "tune",
        "pizzicato",
        "genre",
        "composition",
        "Haydn",
        "polyphony",
        "polytonalism",
        "serial_music",
        "polyphonic_music",
        "Stravinsky",
        "music",
        "music_genre",
        "overture",
        "vocal",
        "auditory_communication",
        "refrain",
        "piece_of_music",
        "musical_composition",
        "Bach",
        "melodic_phrase",
        "section",
        "vocal_music",
        "monophony",
        "monody",
        "Gilbert_and_Sullivan",
        "Ta'ziyeh",
        "harmony",
        "Chopin",
        "popularism",
        "antiphony",
        "Handel",
        "Brahms",
        "Mozart",
        "musical_style",
        "serialism",
        "syncopation",
        "Wagner",
        "prelude",
        "piece",
        "dance_music",
        "musical_genre",
        "monophonic_music",
        "concerted_music",
        "air",
        "polytonality",
        "melodic_line"
      ]
    }
  }
}