{
  "average_link": {
    "score": 0.3333618551492691,
    "time": 0.00018978118896484375,
    "start_wsp": {
      "name": "miserable.s.4",
      "definition": "characterized by physical misery",
      "onyms": [
        "miserable",
        "wretched"
      ]
    },
    "end_wsp": {
      "name": "deplorable.s.1",
      "definition": "of very poor quality or condition",
      "onyms": [
        "woeful",
        "execrable",
        "miserable",
        "wretched",
        "deplorable"
      ]
    }
  },
  "average_vector": {
    "score": 1.0,
    "time": 1.337674617767334,
    "start_wsp": {
      "name": "miserable.s.3",
      "definition": "of very poor quality or condition",
      "onyms": [
        "woeful",
        "execrable",
        "miserable",
        "wretched",
        "deplorable"
      ]
    },
    "end_wsp": {
      "name": "deplorable.s.1",
      "definition": "of very poor quality or condition",
      "onyms": [
        "woeful",
        "execrable",
        "miserable",
        "wretched",
        "deplorable"
      ]
    }
  },
  "complete_link": {
    "score": 0.3439989686012268,
    "time": 0.00018548965454101562,
    "start_wsp": {
      "name": "miserable.s.3",
      "definition": "of very poor quality or condition",
      "onyms": [
        "woeful",
        "execrable",
        "miserable",
        "wretched",
        "deplorable"
      ]
    },
    "end_wsp": {
      "name": "deplorable.s.1",
      "definition": "of very poor quality or condition",
      "onyms": [
        "woeful",
        "execrable",
        "miserable",
        "wretched",
        "deplorable"
      ]
    }
  },
  "single_link": {
    "score": 1.0000001192092896,
    "time": 0.0001742839813232422,
    "start_wsp": {
      "name": "miserable.s.3",
      "definition": "of very poor quality or condition",
      "onyms": [
        "woeful",
        "execrable",
        "miserable",
        "wretched",
        "deplorable"
      ]
    },
    "end_wsp": {
      "name": "deplorable.s.0",
      "definition": "bad; unfortunate",
      "onyms": [
        "pitiful",
        "sorry",
        "lamentable",
        "sad",
        "distressing",
        "deplorable"
      ]
    }
  },
  "total_vector": {
    "score": 1.0,
    "time": 1.3641669750213623,
    "start_wsp": {
      "name": "miserable.s.3",
      "definition": "of very poor quality or condition",
      "onyms": [
        "woeful",
        "execrable",
        "miserable",
        "wretched",
        "deplorable"
      ]
    },
    "end_wsp": {
      "name": "deplorable.s.1",
      "definition": "of very poor quality or condition",
      "onyms": [
        "woeful",
        "execrable",
        "miserable",
        "wretched",
        "deplorable"
      ]
    }
  }
}