{
  "average_link": {
    "score": 0.1724506951868534,
    "time": 0.00029468536376953125,
    "start_wsp": {
      "name": "mist.n.0",
      "definition": "a thin fog with condensation near the ground",
      "onyms": [
        "fog",
        "mist"
      ]
    },
    "end_wsp": {
      "name": "drippy.s.0",
      "definition": "wet with light rain",
      "onyms": [
        "drippy",
        "drizzly"
      ]
    }
  },
  "average_vector": {
    "score": 0.4638519585132599,
    "time": 5.970223903656006,
    "start_wsp": {
      "name": "mist.n.0",
      "definition": "a thin fog with condensation near the ground",
      "onyms": [
        "fog",
        "mist"
      ]
    },
    "end_wsp": {
      "name": "drippy.s.0",
      "definition": "wet with light rain",
      "onyms": [
        "drippy",
        "drizzly"
      ]
    }
  },
  "complete_link": {
    "score": 0.31019699573516846,
    "time": 0.00029778480529785156,
    "start_wsp": {
      "name": "mist.n.0",
      "definition": "a thin fog with condensation near the ground",
      "onyms": [
        "fog",
        "mist"
      ]
    },
    "end_wsp": {
      "name": "drippy.s.0",
      "definition": "wet with light rain",
      "onyms": [
        "drippy",
        "drizzly"
      ]
    }
  },
  "single_link": {
    "score": 0.4357459843158722,
    "time": 0.0002887248992919922,
    "start_wsp": {
      "name": "mist.n.0",
      "definition": "a thin fog with condensation near the ground",
      "onyms": [
        "fog",
        "mist"
      ]
    },
    "end_wsp": {
      "name": "drippy.s.2",
      "definition": "effusively or insincerely emotional",
      "onyms": [
        "sentimental",
        "schmalzy",
        "mushy",
        "maudlin",
        "mawkish",
        "schmaltzy",
        "drippy",
        "hokey",
        "soupy",
        "kitschy",
        "soppy",
        "slushy",
        "bathetic"
      ]
    }
  },
  "total_vector": {
    "score": 0.4638519585132599,
    "time": 5.808057546615601,
    "start_wsp": {
      "name": "mist.n.0",
      "definition": "a thin fog with condensation near the ground",
      "onyms": [
        "fog",
        "mist"
      ]
    },
    "end_wsp": {
      "name": "drippy.s.0",
      "definition": "wet with light rain",
      "onyms": [
        "drippy",
        "drizzly"
      ]
    }
  }
}