{
  "average_link": {
    "score": 0.07898666057735682,
    "time": 0.0005142688751220703,
    "start_wsp": {
      "name": "mold.n.4",
      "definition": "a fungus that produces a superficial growth on various kinds of damp or decaying organic matter",
      "onyms": [
        "mould",
        "rhizopus",
        "fungus",
        "mold",
        "mucor",
        "water_mold"
      ]
    },
    "end_wsp": {
      "name": "cling.n.0",
      "definition": "fruit (especially peach) whose flesh adheres strongly to the pit",
      "onyms": [
        "clingstone",
        "edible_fruit",
        "cling"
      ]
    }
  },
  "average_vector": {
    "score": 0.9153781533241272,
    "time": 1.3264234066009521,
    "start_wsp": {
      "name": "mold.v.12",
      "definition": "fit tightly, follow the contours of",
      "onyms": [
        "cling",
        "cleave",
        "adhere",
        "cohere",
        "stick",
        "mold"
      ]
    },
    "end_wsp": {
      "name": "cling.v.1",
      "definition": "come or be in close contact with; stick or hold together and resist separation",
      "onyms": [
        "contact",
        "cling",
        "cleave",
        "adhere",
        "conglutinate",
        "cohere",
        "stick",
        "mold",
        "meet",
        "touch",
        "adjoin",
        "agglutinate"
      ]
    }
  },
  "complete_link": {
    "score": 0.0959344431757927,
    "time": 0.0005240440368652344,
    "start_wsp": {
      "name": "mold.v.12",
      "definition": "fit tightly, follow the contours of",
      "onyms": [
        "cling",
        "cleave",
        "adhere",
        "cohere",
        "stick",
        "mold"
      ]
    },
    "end_wsp": {
      "name": "cling.n.0",
      "definition": "fruit (especially peach) whose flesh adheres strongly to the pit",
      "onyms": [
        "clingstone",
        "edible_fruit",
        "cling"
      ]
    }
  },
  "single_link": {
    "score": 1.0000001192092896,
    "time": 0.0005009174346923828,
    "start_wsp": {
      "name": "mold.n.0",
      "definition": "the distinctive form in which a thing is made",
      "onyms": [
        "mould",
        "cast",
        "solid",
        "mold",
        "stamp"
      ]
    },
    "end_wsp": {
      "name": "cling.v.1",
      "definition": "come or be in close contact with; stick or hold together and resist separation",
      "onyms": [
        "contact",
        "cling",
        "cleave",
        "adhere",
        "conglutinate",
        "cohere",
        "stick",
        "mold",
        "meet",
        "touch",
        "adjoin",
        "agglutinate"
      ]
    }
  },
  "total_vector": {
    "score": 0.915378212928772,
    "time": 1.3475146293640137,
    "start_wsp": {
      "name": "mold.v.12",
      "definition": "fit tightly, follow the contours of",
      "onyms": [
        "cling",
        "cleave",
        "adhere",
        "cohere",
        "stick",
        "mold"
      ]
    },
    "end_wsp": {
      "name": "cling.v.1",
      "definition": "come or be in close contact with; stick or hold together and resist separation",
      "onyms": [
        "contact",
        "cling",
        "cleave",
        "adhere",
        "conglutinate",
        "cohere",
        "stick",
        "mold",
        "meet",
        "touch",
        "adjoin",
        "agglutinate"
      ]
    }
  }
}