{
  "average_link": {
    "score": 0.05963883900807963,
    "time": 8.654594421386719e-05,
    "start_wsp": {
      "name": "monument.n.1",
      "definition": "an important site that is marked and preserved as public property",
      "onyms": [
        "monument",
        "market_cross",
        "land_site",
        "Stonehenge",
        "site"
      ]
    },
    "end_wsp": {
      "name": "remembering.v.8",
      "definition": "call to remembrance; keep alive the memory of someone or something, as in a ceremony",
      "onyms": [
        "commemorate",
        "remember"
      ]
    }
  },
  "average_vector": {
    "score": 0.41012728214263916,
    "time": 1.3287649154663086,
    "start_wsp": {
      "name": "monument.n.0",
      "definition": "a structure erected to commemorate persons or events",
      "onyms": [
        "memorial_tablet",
        "triumphal_arch",
        "plaque",
        "gravestone",
        "Pyramids_of_Egypt",
        "megalithic_structure",
        "monument",
        "Pyramid",
        "Seven_Wonders_of_the_World",
        "Great_Pyramid",
        "Washington_Monument",
        "structure",
        "memorial",
        "brass",
        "national_monument",
        "Seven_Wonders_of_the_Ancient_World",
        "tombstone",
        "cenotaph",
        "headstone",
        "megalith",
        "Statue_of_Liberty",
        "construction",
        "empty_tomb",
        "pantheon",
        "Lincoln_Memorial"
      ]
    },
    "end_wsp": {
      "name": "remembering.v.8",
      "definition": "call to remembrance; keep alive the memory of someone or something, as in a ceremony",
      "onyms": [
        "commemorate",
        "remember"
      ]
    }
  },
  "complete_link": {
    "score": 0.07047426700592041,
    "time": 7.200241088867188e-05,
    "start_wsp": {
      "name": "monument.n.2",
      "definition": "a burial vault (usually for some famous person)",
      "onyms": [
        "burial_chamber",
        "monument",
        "sepulchre",
        "sepulture",
        "sepulcher",
        "repository"
      ]
    },
    "end_wsp": {
      "name": "remembering.v.8",
      "definition": "call to remembrance; keep alive the memory of someone or something, as in a ceremony",
      "onyms": [
        "commemorate",
        "remember"
      ]
    }
  },
  "single_link": {
    "score": 0.5063228011131287,
    "time": 6.604194641113281e-05,
    "start_wsp": {
      "name": "monument.n.0",
      "definition": "a structure erected to commemorate persons or events",
      "onyms": [
        "memorial_tablet",
        "triumphal_arch",
        "plaque",
        "gravestone",
        "Pyramids_of_Egypt",
        "megalithic_structure",
        "monument",
        "Pyramid",
        "Seven_Wonders_of_the_World",
        "Great_Pyramid",
        "Washington_Monument",
        "structure",
        "memorial",
        "brass",
        "national_monument",
        "Seven_Wonders_of_the_Ancient_World",
        "tombstone",
        "cenotaph",
        "headstone",
        "megalith",
        "Statue_of_Liberty",
        "construction",
        "empty_tomb",
        "pantheon",
        "Lincoln_Memorial"
      ]
    },
    "end_wsp": {
      "name": "remembering.v.8",
      "definition": "call to remembrance; keep alive the memory of someone or something, as in a ceremony",
      "onyms": [
        "commemorate",
        "remember"
      ]
    }
  },
  "total_vector": {
    "score": 0.41012728214263916,
    "time": 1.3202149868011475,
    "start_wsp": {
      "name": "monument.n.0",
      "definition": "a structure erected to commemorate persons or events",
      "onyms": [
        "memorial_tablet",
        "triumphal_arch",
        "plaque",
        "gravestone",
        "Pyramids_of_Egypt",
        "megalithic_structure",
        "monument",
        "Pyramid",
        "Seven_Wonders_of_the_World",
        "Great_Pyramid",
        "Washington_Monument",
        "structure",
        "memorial",
        "brass",
        "national_monument",
        "Seven_Wonders_of_the_Ancient_World",
        "tombstone",
        "cenotaph",
        "headstone",
        "megalith",
        "Statue_of_Liberty",
        "construction",
        "empty_tomb",
        "pantheon",
        "Lincoln_Memorial"
      ]
    },
    "end_wsp": {
      "name": "remembering.v.8",
      "definition": "call to remembrance; keep alive the memory of someone or something, as in a ceremony",
      "onyms": [
        "commemorate",
        "remember"
      ]
    }
  }
}