{
  "average_link": {
    "score": 0.6101727485656738,
    "time": 5.626678466796875e-05,
    "start_wsp": {
      "name": "much.n.0",
      "definition": "a great amount or extent",
      "onyms": [
        "large_indefinite_amount",
        "large_indefinite_quantity",
        "much"
      ]
    },
    "end_wsp": {
      "name": "practically.r.2",
      "definition": "(degree adverb used before a noun phrase) for all practical purposes but not completely",
      "onyms": [
        "practically",
        "much"
      ]
    }
  },
  "average_vector": {
    "score": 1.0,
    "time": 1.3579468727111816,
    "start_wsp": {
      "name": "much.r.5",
      "definition": "(degree adverb used before a noun phrase) for all practical purposes but not completely",
      "onyms": [
        "practically",
        "much"
      ]
    },
    "end_wsp": {
      "name": "practically.r.2",
      "definition": "(degree adverb used before a noun phrase) for all practical purposes but not completely",
      "onyms": [
        "practically",
        "much"
      ]
    }
  },
  "complete_link": {
    "score": 0.22034549713134766,
    "time": 5.5789947509765625e-05,
    "start_wsp": {
      "name": "much.n.0",
      "definition": "a great amount or extent",
      "onyms": [
        "large_indefinite_amount",
        "large_indefinite_quantity",
        "much"
      ]
    },
    "end_wsp": {
      "name": "practically.r.0",
      "definition": "almost; nearly",
      "onyms": [
        "practically"
      ]
    }
  },
  "single_link": {
    "score": 1.0,
    "time": 6.771087646484375e-05,
    "start_wsp": {
      "name": "much.n.0",
      "definition": "a great amount or extent",
      "onyms": [
        "large_indefinite_amount",
        "large_indefinite_quantity",
        "much"
      ]
    },
    "end_wsp": {
      "name": "practically.r.2",
      "definition": "(degree adverb used before a noun phrase) for all practical purposes but not completely",
      "onyms": [
        "practically",
        "much"
      ]
    }
  },
  "total_vector": {
    "score": 1.0,
    "time": 1.4193215370178223,
    "start_wsp": {
      "name": "much.r.5",
      "definition": "(degree adverb used before a noun phrase) for all practical purposes but not completely",
      "onyms": [
        "practically",
        "much"
      ]
    },
    "end_wsp": {
      "name": "practically.r.2",
      "definition": "(degree adverb used before a noun phrase) for all practical purposes but not completely",
      "onyms": [
        "practically",
        "much"
      ]
    }
  }
}