{
  "average_link": {
    "score": 0.1314591351165918,
    "time": 0.00019097328186035156,
    "start_wsp": {
      "name": "nationalist.s.2",
      "definition": "devotion to the interests or culture of a particular nation including promoting the interests of one country over those of others",
      "onyms": [
        "nationalist",
        "nationalistic"
      ]
    },
    "end_wsp": {
      "name": "advocate.n.0",
      "definition": "a person who pleads for a cause or propounds an idea",
      "onyms": [
        "spokesperson",
        "advocate",
        "vindicator",
        "protectionist",
        "unilateralist",
        "suffragist",
        "somebody",
        "Darwinian",
        "sponsor",
        "someone",
        "ideologue",
        "isolationist",
        "neutralist",
        "Platonist",
        "republican",
        "person",
        "secessionist",
        "soul",
        "neoclassicist",
        "irridentist",
        "humanist",
        "democrat",
        "proponent",
        "libertarian",
        "supporter",
        "mortal",
        "Marxist",
        "partitionist",
        "interpreter",
        "friend",
        "representative",
        "Thatcherite",
        "nationalist",
        "voice",
        "exponent",
        "secularist",
        "teleologist",
        "champion",
        "booster",
        "separationist",
        "ideologist",
        "humanitarian",
        "ruralist",
        "admirer",
        "Jansenist",
        "drumbeater",
        "individual",
        "ritualist",
        "separatist",
        "supremacist",
        "partisan",
        "constitutionalist",
        "irredentist",
        "federalist",
        "justifier",
        "presenter",
        "internationalist",
        "nullifier",
        "apologist",
        "populist",
        "Maoist",
        "advocator",
        "pro-lifer",
        "zealot",
        "Gnostic",
        "protagonist"
      ]
    }
  },
  "average_vector": {
    "score": 0.7289593815803528,
    "time": 4.995249509811401,
    "start_wsp": {
      "name": "nationalist.n.1",
      "definition": "an advocate of national independence of or a strong national government",
      "onyms": [
        "nationalist_leader",
        "advocate",
        "proponent",
        "nationalist",
        "advocator",
        "exponent"
      ]
    },
    "end_wsp": {
      "name": "advocate.n.0",
      "definition": "a person who pleads for a cause or propounds an idea",
      "onyms": [
        "spokesperson",
        "advocate",
        "vindicator",
        "protectionist",
        "unilateralist",
        "suffragist",
        "somebody",
        "Darwinian",
        "sponsor",
        "someone",
        "ideologue",
        "isolationist",
        "neutralist",
        "Platonist",
        "republican",
        "person",
        "secessionist",
        "soul",
        "neoclassicist",
        "irridentist",
        "humanist",
        "democrat",
        "proponent",
        "libertarian",
        "supporter",
        "mortal",
        "Marxist",
        "partitionist",
        "interpreter",
        "friend",
        "representative",
        "Thatcherite",
        "nationalist",
        "voice",
        "exponent",
        "secularist",
        "teleologist",
        "champion",
        "booster",
        "separationist",
        "ideologist",
        "humanitarian",
        "ruralist",
        "admirer",
        "Jansenist",
        "drumbeater",
        "individual",
        "ritualist",
        "separatist",
        "supremacist",
        "partisan",
        "constitutionalist",
        "irredentist",
        "federalist",
        "justifier",
        "presenter",
        "internationalist",
        "nullifier",
        "apologist",
        "populist",
        "Maoist",
        "advocator",
        "pro-lifer",
        "zealot",
        "Gnostic",
        "protagonist"
      ]
    }
  },
  "complete_link": {
    "score": 0.07050516456365585,
    "time": 0.00020003318786621094,
    "start_wsp": {
      "name": "nationalist.s.2",
      "definition": "devotion to the interests or culture of a particular nation including promoting the interests of one country over those of others",
      "onyms": [
        "nationalist",
        "nationalistic"
      ]
    },
    "end_wsp": {
      "name": "advocate.v.3",
      "definition": "speak, plead, or argue in favor of",
      "onyms": [
        "moralize",
        "urge",
        "advocate",
        "urge_on",
        "preach",
        "preachify",
        "exhort",
        "moralise",
        "sermonise",
        "sermonize",
        "press"
      ]
    }
  },
  "single_link": {
    "score": 1.0,
    "time": 0.00018668174743652344,
    "start_wsp": {
      "name": "nationalist.n.0",
      "definition": "one who loves and defends his or her country",
      "onyms": [
        "Tadeusz_Andrzej_Bonawentura_Kosciuszko",
        "Maud_Gonne",
        "Giuseppe_Mazzini",
        "jingo",
        "Mazzini",
        "Gonne",
        "Kosciusko",
        "chauvinist",
        "Garibaldi",
        "patrioteer",
        "Giuseppe_Garibaldi",
        "nationalist",
        "national",
        "flag-waver",
        "jingoist",
        "subject",
        "hundred-percenter",
        "Kosciuszko",
        "patriot",
        "Thaddeus_Kosciusko"
      ]
    },
    "end_wsp": {
      "name": "advocate.n.0",
      "definition": "a person who pleads for a cause or propounds an idea",
      "onyms": [
        "spokesperson",
        "advocate",
        "vindicator",
        "protectionist",
        "unilateralist",
        "suffragist",
        "somebody",
        "Darwinian",
        "sponsor",
        "someone",
        "ideologue",
        "isolationist",
        "neutralist",
        "Platonist",
        "republican",
        "person",
        "secessionist",
        "soul",
        "neoclassicist",
        "irridentist",
        "humanist",
        "democrat",
        "proponent",
        "libertarian",
        "supporter",
        "mortal",
        "Marxist",
        "partitionist",
        "interpreter",
        "friend",
        "representative",
        "Thatcherite",
        "nationalist",
        "voice",
        "exponent",
        "secularist",
        "teleologist",
        "champion",
        "booster",
        "separationist",
        "ideologist",
        "humanitarian",
        "ruralist",
        "admirer",
        "Jansenist",
        "drumbeater",
        "individual",
        "ritualist",
        "separatist",
        "supremacist",
        "partisan",
        "constitutionalist",
        "irredentist",
        "federalist",
        "justifier",
        "presenter",
        "internationalist",
        "nullifier",
        "apologist",
        "populist",
        "Maoist",
        "advocator",
        "pro-lifer",
        "zealot",
        "Gnostic",
        "protagonist"
      ]
    }
  },
  "total_vector": {
    "score": 0.7289593815803528,
    "time": 4.588117599487305,
    "start_wsp": {
      "name": "nationalist.n.1",
      "definition": "an advocate of national independence of or a strong national government",
      "onyms": [
        "nationalist_leader",
        "advocate",
        "proponent",
        "nationalist",
        "advocator",
        "exponent"
      ]
    },
    "end_wsp": {
      "name": "advocate.n.0",
      "definition": "a person who pleads for a cause or propounds an idea",
      "onyms": [
        "spokesperson",
        "advocate",
        "vindicator",
        "protectionist",
        "unilateralist",
        "suffragist",
        "somebody",
        "Darwinian",
        "sponsor",
        "someone",
        "ideologue",
        "isolationist",
        "neutralist",
        "Platonist",
        "republican",
        "person",
        "secessionist",
        "soul",
        "neoclassicist",
        "irridentist",
        "humanist",
        "democrat",
        "proponent",
        "libertarian",
        "supporter",
        "mortal",
        "Marxist",
        "partitionist",
        "interpreter",
        "friend",
        "representative",
        "Thatcherite",
        "nationalist",
        "voice",
        "exponent",
        "secularist",
        "teleologist",
        "champion",
        "booster",
        "separationist",
        "ideologist",
        "humanitarian",
        "ruralist",
        "admirer",
        "Jansenist",
        "drumbeater",
        "individual",
        "ritualist",
        "separatist",
        "supremacist",
        "partisan",
        "constitutionalist",
        "irredentist",
        "federalist",
        "justifier",
        "presenter",
        "internationalist",
        "nullifier",
        "apologist",
        "populist",
        "Maoist",
        "advocator",
        "pro-lifer",
        "zealot",
        "Gnostic",
        "protagonist"
      ]
    }
  }
}