{
  "average_link": {
    "score": 0.04836859779059887,
    "time": 0.0010406970977783203,
    "start_wsp": {
      "name": "nettled.s.2",
      "definition": "aroused to impatience or anger",
      "onyms": [
        "pissed",
        "peeved",
        "pissed_off",
        "irritated",
        "riled",
        "steamed",
        "nettled",
        "miffed",
        "stung",
        "annoyed",
        "roiled"
      ]
    },
    "end_wsp": {
      "name": "irritated.s.3",
      "definition": "aroused to impatience or anger",
      "onyms": [
        "pissed",
        "peeved",
        "pissed_off",
        "irritated",
        "riled",
        "steamed",
        "nettled",
        "miffed",
        "stung",
        "annoyed",
        "roiled"
      ]
    }
  },
  "average_vector": {
    "score": 1.0,
    "time": 1.31209135055542,
    "start_wsp": {
      "name": "nettled.v.1",
      "definition": "cause annoyance in; disturb, especially by minor irritations",
      "onyms": [
        "rankle",
        "plague",
        "nettle",
        "beset",
        "vex",
        "get",
        "fret",
        "chivy",
        "chevy",
        "devil",
        "hassle",
        "annoy",
        "harass",
        "rile",
        "eat_into",
        "antagonise",
        "rag",
        "get_at",
        "antagonize",
        "bother",
        "irritate",
        "gravel",
        "molest",
        "displease",
        "ruffle",
        "chafe",
        "nark",
        "peeve",
        "provoke",
        "grate",
        "chevvy",
        "harry",
        "chivvy",
        "get_under_one's_skin",
        "get_to"
      ]
    },
    "end_wsp": {
      "name": "irritated.v.0",
      "definition": "cause annoyance in; disturb, especially by minor irritations",
      "onyms": [
        "rankle",
        "plague",
        "nettle",
        "beset",
        "vex",
        "get",
        "fret",
        "chivy",
        "chevy",
        "devil",
        "hassle",
        "annoy",
        "harass",
        "rile",
        "eat_into",
        "antagonise",
        "rag",
        "get_at",
        "antagonize",
        "bother",
        "irritate",
        "gravel",
        "molest",
        "displease",
        "ruffle",
        "chafe",
        "nark",
        "peeve",
        "provoke",
        "grate",
        "chevvy",
        "harry",
        "chivvy",
        "get_under_one's_skin",
        "get_to"
      ]
    }
  },
  "complete_link": {
    "score": 0.05862336605787277,
    "time": 0.0009696483612060547,
    "start_wsp": {
      "name": "nettled.s.2",
      "definition": "aroused to impatience or anger",
      "onyms": [
        "pissed",
        "peeved",
        "pissed_off",
        "irritated",
        "riled",
        "steamed",
        "nettled",
        "miffed",
        "stung",
        "annoyed",
        "roiled"
      ]
    },
    "end_wsp": {
      "name": "irritated.s.3",
      "definition": "aroused to impatience or anger",
      "onyms": [
        "pissed",
        "peeved",
        "pissed_off",
        "irritated",
        "riled",
        "steamed",
        "nettled",
        "miffed",
        "stung",
        "annoyed",
        "roiled"
      ]
    }
  },
  "single_link": {
    "score": 1.0000001192092896,
    "time": 0.0009908676147460938,
    "start_wsp": {
      "name": "nettled.s.2",
      "definition": "aroused to impatience or anger",
      "onyms": [
        "pissed",
        "peeved",
        "pissed_off",
        "irritated",
        "riled",
        "steamed",
        "nettled",
        "miffed",
        "stung",
        "annoyed",
        "roiled"
      ]
    },
    "end_wsp": {
      "name": "irritated.s.3",
      "definition": "aroused to impatience or anger",
      "onyms": [
        "pissed",
        "peeved",
        "pissed_off",
        "irritated",
        "riled",
        "steamed",
        "nettled",
        "miffed",
        "stung",
        "annoyed",
        "roiled"
      ]
    }
  },
  "total_vector": {
    "score": 1.0,
    "time": 1.3227996826171875,
    "start_wsp": {
      "name": "nettled.v.1",
      "definition": "cause annoyance in; disturb, especially by minor irritations",
      "onyms": [
        "rankle",
        "plague",
        "nettle",
        "beset",
        "vex",
        "get",
        "fret",
        "chivy",
        "chevy",
        "devil",
        "hassle",
        "annoy",
        "harass",
        "rile",
        "eat_into",
        "antagonise",
        "rag",
        "get_at",
        "antagonize",
        "bother",
        "irritate",
        "gravel",
        "molest",
        "displease",
        "ruffle",
        "chafe",
        "nark",
        "peeve",
        "provoke",
        "grate",
        "chevvy",
        "harry",
        "chivvy",
        "get_under_one's_skin",
        "get_to"
      ]
    },
    "end_wsp": {
      "name": "irritated.v.0",
      "definition": "cause annoyance in; disturb, especially by minor irritations",
      "onyms": [
        "rankle",
        "plague",
        "nettle",
        "beset",
        "vex",
        "get",
        "fret",
        "chivy",
        "chevy",
        "devil",
        "hassle",
        "annoy",
        "harass",
        "rile",
        "eat_into",
        "antagonise",
        "rag",
        "get_at",
        "antagonize",
        "bother",
        "irritate",
        "gravel",
        "molest",
        "displease",
        "ruffle",
        "chafe",
        "nark",
        "peeve",
        "provoke",
        "grate",
        "chevvy",
        "harry",
        "chivvy",
        "get_under_one's_skin",
        "get_to"
      ]
    }
  }
}