{
  "average_link": {
    "score": 0.38939430767839606,
    "time": 9.34600830078125e-05,
    "start_wsp": {
      "name": "night.n.3",
      "definition": "the dark part of the diurnal cycle considered a time unit",
      "onyms": [
        "unit_of_time",
        "time_unit",
        "night"
      ]
    },
    "end_wsp": {
      "name": "twilight.n.0",
      "definition": "the time of day immediately following sunset",
      "onyms": [
        "fall",
        "hour",
        "twilight",
        "night",
        "gloam",
        "eventide",
        "dusk",
        "crepuscle",
        "evenfall",
        "time_of_day",
        "eve",
        "even",
        "evening",
        "crepuscule",
        "gloaming",
        "nightfall"
      ]
    }
  },
  "average_vector": {
    "score": 0.9474189877510071,
    "time": 1.4306652545928955,
    "start_wsp": {
      "name": "night.n.5",
      "definition": "a shortening of nightfall",
      "onyms": [
        "fall",
        "crepuscule",
        "twilight",
        "night",
        "gloam",
        "crepuscle",
        "evenfall",
        "nightfall",
        "gloaming",
        "dusk"
      ]
    },
    "end_wsp": {
      "name": "twilight.n.0",
      "definition": "the time of day immediately following sunset",
      "onyms": [
        "fall",
        "hour",
        "twilight",
        "night",
        "gloam",
        "eventide",
        "dusk",
        "crepuscle",
        "evenfall",
        "time_of_day",
        "eve",
        "even",
        "evening",
        "crepuscule",
        "gloaming",
        "nightfall"
      ]
    }
  },
  "complete_link": {
    "score": 0.1287190467119217,
    "time": 7.510185241699219e-05,
    "start_wsp": {
      "name": "night.n.3",
      "definition": "the dark part of the diurnal cycle considered a time unit",
      "onyms": [
        "unit_of_time",
        "time_unit",
        "night"
      ]
    },
    "end_wsp": {
      "name": "twilight.n.0",
      "definition": "the time of day immediately following sunset",
      "onyms": [
        "fall",
        "hour",
        "twilight",
        "night",
        "gloam",
        "eventide",
        "dusk",
        "crepuscle",
        "evenfall",
        "time_of_day",
        "eve",
        "even",
        "evening",
        "crepuscule",
        "gloaming",
        "nightfall"
      ]
    }
  },
  "single_link": {
    "score": 1.0,
    "time": 7.271766662597656e-05,
    "start_wsp": {
      "name": "night.n.0",
      "definition": "the time after sunset and before sunrise while it is dark outside",
      "onyms": [
        "midnight",
        "solar_day",
        "night",
        "weeknight",
        "time_period",
        "dark",
        "wedding_night",
        "lights-out",
        "twenty-four_hours",
        "late-night_hour",
        "24-hour_interval",
        "period_of_time",
        "mean_solar_day",
        "small_hours",
        "day",
        "evening",
        "twenty-four_hour_period",
        "period",
        "nighttime"
      ]
    },
    "end_wsp": {
      "name": "twilight.n.0",
      "definition": "the time of day immediately following sunset",
      "onyms": [
        "fall",
        "hour",
        "twilight",
        "night",
        "gloam",
        "eventide",
        "dusk",
        "crepuscle",
        "evenfall",
        "time_of_day",
        "eve",
        "even",
        "evening",
        "crepuscule",
        "gloaming",
        "nightfall"
      ]
    }
  },
  "total_vector": {
    "score": 0.9474190473556519,
    "time": 1.4454119205474854,
    "start_wsp": {
      "name": "night.n.5",
      "definition": "a shortening of nightfall",
      "onyms": [
        "fall",
        "crepuscule",
        "twilight",
        "night",
        "gloam",
        "crepuscle",
        "evenfall",
        "nightfall",
        "gloaming",
        "dusk"
      ]
    },
    "end_wsp": {
      "name": "twilight.n.0",
      "definition": "the time of day immediately following sunset",
      "onyms": [
        "fall",
        "hour",
        "twilight",
        "night",
        "gloam",
        "eventide",
        "dusk",
        "crepuscle",
        "evenfall",
        "time_of_day",
        "eve",
        "even",
        "evening",
        "crepuscule",
        "gloaming",
        "nightfall"
      ]
    }
  }
}