{
  "average_link": {
    "score": 0.3273605704307556,
    "time": 0.00019240379333496094,
    "start_wsp": {
      "name": "nipped.v.1",
      "definition": "give a small sharp bite to",
      "onyms": [
        "nip",
        "seize_with_teeth",
        "bite"
      ]
    },
    "end_wsp": {
      "name": "nip.v.7",
      "definition": "give a small sharp bite to",
      "onyms": [
        "nip",
        "seize_with_teeth",
        "bite"
      ]
    }
  },
  "average_vector": {
    "score": 1.0,
    "time": 1.3573682308197021,
    "start_wsp": {
      "name": "nipped.v.0",
      "definition": "squeeze tightly between the fingers",
      "onyms": [
        "grip",
        "nip",
        "twitch",
        "squeeze",
        "pinch",
        "tweak",
        "twinge",
        "goose",
        "tweet"
      ]
    },
    "end_wsp": {
      "name": "nip.v.6",
      "definition": "squeeze tightly between the fingers",
      "onyms": [
        "grip",
        "nip",
        "twitch",
        "squeeze",
        "pinch",
        "tweak",
        "twinge",
        "goose",
        "tweet"
      ]
    }
  },
  "complete_link": {
    "score": 0.30944228172302246,
    "time": 0.00019121170043945312,
    "start_wsp": {
      "name": "nipped.v.1",
      "definition": "give a small sharp bite to",
      "onyms": [
        "nip",
        "seize_with_teeth",
        "bite"
      ]
    },
    "end_wsp": {
      "name": "nip.v.7",
      "definition": "give a small sharp bite to",
      "onyms": [
        "nip",
        "seize_with_teeth",
        "bite"
      ]
    }
  },
  "single_link": {
    "score": 1.0000001192092896,
    "time": 0.0001780986785888672,
    "start_wsp": {
      "name": "nipped.v.2",
      "definition": "sever or remove by pinching or snipping",
      "onyms": [
        "nip_off",
        "cut",
        "nip",
        "snip_off",
        "clip",
        "snip"
      ]
    },
    "end_wsp": {
      "name": "nip.n.5",
      "definition": "a small sharp bite or snip",
      "onyms": [
        "nip",
        "clip",
        "pinch",
        "bite",
        "clipping",
        "chomp",
        "snip"
      ]
    }
  },
  "total_vector": {
    "score": 1.0,
    "time": 1.333237886428833,
    "start_wsp": {
      "name": "nipped.v.0",
      "definition": "squeeze tightly between the fingers",
      "onyms": [
        "grip",
        "nip",
        "twitch",
        "squeeze",
        "pinch",
        "tweak",
        "twinge",
        "goose",
        "tweet"
      ]
    },
    "end_wsp": {
      "name": "nip.v.6",
      "definition": "squeeze tightly between the fingers",
      "onyms": [
        "grip",
        "nip",
        "twitch",
        "squeeze",
        "pinch",
        "tweak",
        "twinge",
        "goose",
        "tweet"
      ]
    }
  }
}