{
  "average_link": {
    "score": 0.123126070946455,
    "time": 6.890296936035156e-05,
    "start_wsp": {
      "name": "obscure.s.9",
      "definition": "not drawing attention",
      "onyms": [
        "obscure",
        "unnoticeable"
      ]
    },
    "end_wsp": {
      "name": "occluded.s.1",
      "definition": "closed off",
      "onyms": [
        "occluded"
      ]
    }
  },
  "average_vector": {
    "score": 0.4999767541885376,
    "time": 33.38546848297119,
    "start_wsp": {
      "name": "obscure.v.4",
      "definition": "make undecipherable or imperceptible by obscuring or concealing",
      "onyms": [
        "alter",
        "modify",
        "hide",
        "obscure",
        "veil",
        "change",
        "obliterate",
        "blot_out",
        "mystify"
      ]
    },
    "end_wsp": {
      "name": "occluded.v.0",
      "definition": "block passage through",
      "onyms": [
        "impede",
        "close_up",
        "block_off",
        "screen",
        "bar",
        "choke_off",
        "obturate",
        "jam",
        "clog",
        "asphyxiate",
        "blockade",
        "congest",
        "block",
        "stifle",
        "block_up",
        "barricado",
        "block_out",
        "clog_up",
        "stop",
        "barricade",
        "dam",
        "dam_up",
        "back_up",
        "earth_up",
        "suffocate",
        "occlude",
        "hinder",
        "choke",
        "foul",
        "land_up",
        "tie_up",
        "obstruct"
      ]
    }
  },
  "complete_link": {
    "score": 0.19912292063236237,
    "time": 0.0001785755157470703,
    "start_wsp": {
      "name": "obscure.s.9",
      "definition": "not drawing attention",
      "onyms": [
        "obscure",
        "unnoticeable"
      ]
    },
    "end_wsp": {
      "name": "occluded.s.1",
      "definition": "closed off",
      "onyms": [
        "occluded"
      ]
    }
  },
  "single_link": {
    "score": 0.5222026109695435,
    "time": 0.0002162456512451172,
    "start_wsp": {
      "name": "obscure.v.0",
      "definition": "make less visible or unclear",
      "onyms": [
        "becloud",
        "obnubilate",
        "hide",
        "obscure",
        "mist",
        "conceal",
        "cloud",
        "fog",
        "befog",
        "overshadow",
        "haze_over"
      ]
    },
    "end_wsp": {
      "name": "occluded.v.0",
      "definition": "block passage through",
      "onyms": [
        "impede",
        "close_up",
        "block_off",
        "screen",
        "bar",
        "choke_off",
        "obturate",
        "jam",
        "clog",
        "asphyxiate",
        "blockade",
        "congest",
        "block",
        "stifle",
        "block_up",
        "barricado",
        "block_out",
        "clog_up",
        "stop",
        "barricade",
        "dam",
        "dam_up",
        "back_up",
        "earth_up",
        "suffocate",
        "occlude",
        "hinder",
        "choke",
        "foul",
        "land_up",
        "tie_up",
        "obstruct"
      ]
    }
  },
  "total_vector": {
    "score": 0.4999767541885376,
    "time": 31.96867036819458,
    "start_wsp": {
      "name": "obscure.v.4",
      "definition": "make undecipherable or imperceptible by obscuring or concealing",
      "onyms": [
        "alter",
        "modify",
        "hide",
        "obscure",
        "veil",
        "change",
        "obliterate",
        "blot_out",
        "mystify"
      ]
    },
    "end_wsp": {
      "name": "occluded.v.0",
      "definition": "block passage through",
      "onyms": [
        "impede",
        "close_up",
        "block_off",
        "screen",
        "bar",
        "choke_off",
        "obturate",
        "jam",
        "clog",
        "asphyxiate",
        "blockade",
        "congest",
        "block",
        "stifle",
        "block_up",
        "barricado",
        "block_out",
        "clog_up",
        "stop",
        "barricade",
        "dam",
        "dam_up",
        "back_up",
        "earth_up",
        "suffocate",
        "occlude",
        "hinder",
        "choke",
        "foul",
        "land_up",
        "tie_up",
        "obstruct"
      ]
    }
  }
}