{
  "average_link": {
    "score": 0.41729213297367096,
    "time": 7.462501525878906e-05,
    "start_wsp": {
      "name": "open.v.11",
      "definition": "have an opening or passage or outlet",
      "onyms": [
        "open"
      ]
    },
    "end_wsp": {
      "name": "undetermined.s.2",
      "definition": "not brought to a conclusion; subject to further thought",
      "onyms": [
        "undecided",
        "unresolved",
        "open",
        "undetermined"
      ]
    }
  },
  "average_vector": {
    "score": 0.9999999403953552,
    "time": 1.395427942276001,
    "start_wsp": {
      "name": "open.s.26",
      "definition": "not brought to a conclusion; subject to further thought",
      "onyms": [
        "undecided",
        "unresolved",
        "open",
        "undetermined"
      ]
    },
    "end_wsp": {
      "name": "undetermined.s.2",
      "definition": "not brought to a conclusion; subject to further thought",
      "onyms": [
        "undecided",
        "unresolved",
        "open",
        "undetermined"
      ]
    }
  },
  "complete_link": {
    "score": 0.24595366418361664,
    "time": 4.935264587402344e-05,
    "start_wsp": {
      "name": "open.v.11",
      "definition": "have an opening or passage or outlet",
      "onyms": [
        "open"
      ]
    },
    "end_wsp": {
      "name": "undetermined.a.0",
      "definition": "not yet having been ascertained or determined",
      "onyms": [
        "undetermined"
      ]
    }
  },
  "single_link": {
    "score": 1.0,
    "time": 4.8160552978515625e-05,
    "start_wsp": {
      "name": "open.n.0",
      "definition": "a clear or unobstructed space or expanse of land or water",
      "onyms": [
        "country",
        "open",
        "area",
        "clear"
      ]
    },
    "end_wsp": {
      "name": "undetermined.s.2",
      "definition": "not brought to a conclusion; subject to further thought",
      "onyms": [
        "undecided",
        "unresolved",
        "open",
        "undetermined"
      ]
    }
  },
  "total_vector": {
    "score": 0.9999999403953552,
    "time": 1.3903770446777344,
    "start_wsp": {
      "name": "open.s.26",
      "definition": "not brought to a conclusion; subject to further thought",
      "onyms": [
        "undecided",
        "unresolved",
        "open",
        "undetermined"
      ]
    },
    "end_wsp": {
      "name": "undetermined.s.2",
      "definition": "not brought to a conclusion; subject to further thought",
      "onyms": [
        "undecided",
        "unresolved",
        "open",
        "undetermined"
      ]
    }
  }
}