{
  "average_link": {
    "score": 0.10593772795982659,
    "time": 0.0002853870391845703,
    "start_wsp": {
      "name": "overloaded.v.0",
      "definition": "become overloaded",
      "onyms": [
        "overload"
      ]
    },
    "end_wsp": {
      "name": "word.n.2",
      "definition": "information about recent and important events",
      "onyms": [
        "word",
        "information",
        "info",
        "news",
        "update",
        "latest",
        "intelligence",
        "good_word",
        "tidings"
      ]
    }
  },
  "average_vector": {
    "score": 0.29695671796798706,
    "time": 1.3260350227355957,
    "start_wsp": {
      "name": "overloaded.v.2",
      "definition": "place too much a load on",
      "onyms": [
        "load",
        "laden",
        "overload",
        "lade",
        "surcharge",
        "overcharge",
        "load_up"
      ]
    },
    "end_wsp": {
      "name": "word.n.6",
      "definition": "a word is a string of bits stored in computer memory",
      "onyms": [
        "kibibyte",
        "KB",
        "word",
        "kB",
        "K",
        "byte",
        "KiB",
        "kilobyte",
        "computer_memory_unit"
      ]
    }
  },
  "complete_link": {
    "score": 0.040842920541763306,
    "time": 0.0003025531768798828,
    "start_wsp": {
      "name": "overloaded.v.0",
      "definition": "become overloaded",
      "onyms": [
        "overload"
      ]
    },
    "end_wsp": {
      "name": "word.n.3",
      "definition": "a verbal command for action",
      "onyms": [
        "order",
        "word"
      ]
    }
  },
  "single_link": {
    "score": 0.30417943000793457,
    "time": 0.0002849102020263672,
    "start_wsp": {
      "name": "overloaded.v.1",
      "definition": "fill to excess so that function is impaired",
      "onyms": [
        "make_full",
        "overload",
        "clog",
        "fill",
        "fill_up"
      ]
    },
    "end_wsp": {
      "name": "word.v.10",
      "definition": "put into words or an expression",
      "onyms": [
        "formulate",
        "express",
        "dogmatise",
        "cast",
        "redact",
        "evince",
        "formularize",
        "articulate",
        "lexicalise",
        "frame",
        "formularise",
        "ask",
        "word",
        "show",
        "put",
        "give_voice",
        "phrase",
        "dogmatize",
        "couch",
        "lexicalize"
      ]
    }
  },
  "total_vector": {
    "score": 0.29695671796798706,
    "time": 1.3197953701019287,
    "start_wsp": {
      "name": "overloaded.v.2",
      "definition": "place too much a load on",
      "onyms": [
        "load",
        "laden",
        "overload",
        "lade",
        "surcharge",
        "overcharge",
        "load_up"
      ]
    },
    "end_wsp": {
      "name": "word.n.6",
      "definition": "a word is a string of bits stored in computer memory",
      "onyms": [
        "kibibyte",
        "KB",
        "word",
        "kB",
        "K",
        "byte",
        "KiB",
        "kilobyte",
        "computer_memory_unit"
      ]
    }
  }
}