{
  "average_link": {
    "score": 0.1686134680553719,
    "time": 0.00018978118896484375,
    "start_wsp": {
      "name": "pacifier.n.2",
      "definition": "device used for an infant to suck or bite on",
      "onyms": [
        "device",
        "comforter",
        "teething_ring",
        "pacifier",
        "baby's_dummy"
      ]
    },
    "end_wsp": {
      "name": "comforter.n.3",
      "definition": "device used for an infant to suck or bite on",
      "onyms": [
        "device",
        "comforter",
        "teething_ring",
        "pacifier",
        "baby's_dummy"
      ]
    }
  },
  "average_vector": {
    "score": 1.0,
    "time": 3.986649513244629,
    "start_wsp": {
      "name": "pacifier.n.2",
      "definition": "device used for an infant to suck or bite on",
      "onyms": [
        "device",
        "comforter",
        "teething_ring",
        "pacifier",
        "baby's_dummy"
      ]
    },
    "end_wsp": {
      "name": "comforter.n.3",
      "definition": "device used for an infant to suck or bite on",
      "onyms": [
        "device",
        "comforter",
        "teething_ring",
        "pacifier",
        "baby's_dummy"
      ]
    }
  },
  "complete_link": {
    "score": 0.1532694548368454,
    "time": 0.0002181529998779297,
    "start_wsp": {
      "name": "pacifier.n.2",
      "definition": "device used for an infant to suck or bite on",
      "onyms": [
        "device",
        "comforter",
        "teething_ring",
        "pacifier",
        "baby's_dummy"
      ]
    },
    "end_wsp": {
      "name": "comforter.n.3",
      "definition": "device used for an infant to suck or bite on",
      "onyms": [
        "device",
        "comforter",
        "teething_ring",
        "pacifier",
        "baby's_dummy"
      ]
    }
  },
  "single_link": {
    "score": 1.0,
    "time": 0.0003857612609863281,
    "start_wsp": {
      "name": "pacifier.n.0",
      "definition": "someone who tries to bring peace",
      "onyms": [
        "mediator",
        "intercessor",
        "intermediator",
        "pacifier",
        "intermediary",
        "reconciler",
        "appeaser",
        "conciliator",
        "peacemaker",
        "go-between",
        "make-peace"
      ]
    },
    "end_wsp": {
      "name": "comforter.n.3",
      "definition": "device used for an infant to suck or bite on",
      "onyms": [
        "device",
        "comforter",
        "teething_ring",
        "pacifier",
        "baby's_dummy"
      ]
    }
  },
  "total_vector": {
    "score": 1.0,
    "time": 2.8479647636413574,
    "start_wsp": {
      "name": "pacifier.n.2",
      "definition": "device used for an infant to suck or bite on",
      "onyms": [
        "device",
        "comforter",
        "teething_ring",
        "pacifier",
        "baby's_dummy"
      ]
    },
    "end_wsp": {
      "name": "comforter.n.3",
      "definition": "device used for an infant to suck or bite on",
      "onyms": [
        "device",
        "comforter",
        "teething_ring",
        "pacifier",
        "baby's_dummy"
      ]
    }
  }
}