{
  "average_link": {
    "score": 0.07751401200657711,
    "time": 0.00011348724365234375,
    "start_wsp": {
      "name": "paneled.s.2",
      "definition": "fitted or decorated with panels or wainscoting",
      "onyms": [
        "paneled",
        "wainscoted"
      ]
    },
    "end_wsp": {
      "name": "us.n.2",
      "definition": "a heavy toxic silvery-white radioactive metallic element; occurs in many isotopes; used for nuclear fuels and nuclear weapons",
      "onyms": [
        "metallic_element",
        "metal",
        "pitchblende",
        "uranium",
        "uraninite",
        "U",
        "uranium_235",
        "atomic_number_92",
        "uranium_238"
      ]
    }
  },
  "average_vector": {
    "score": 0.23813125491142273,
    "time": 1.3382081985473633,
    "start_wsp": {
      "name": "paneled.s.2",
      "definition": "fitted or decorated with panels or wainscoting",
      "onyms": [
        "paneled",
        "wainscoted"
      ]
    },
    "end_wsp": {
      "name": "us.n.2",
      "definition": "a heavy toxic silvery-white radioactive metallic element; occurs in many isotopes; used for nuclear fuels and nuclear weapons",
      "onyms": [
        "metallic_element",
        "metal",
        "pitchblende",
        "uranium",
        "uraninite",
        "U",
        "uranium_235",
        "atomic_number_92",
        "uranium_238"
      ]
    }
  },
  "complete_link": {
    "score": 0.0031656508799642324,
    "time": 0.00011086463928222656,
    "start_wsp": {
      "name": "paneled.s.2",
      "definition": "fitted or decorated with panels or wainscoting",
      "onyms": [
        "paneled",
        "wainscoted"
      ]
    },
    "end_wsp": {
      "name": "us.n.1",
      "definition": "a base containing nitrogen that is found in RNA (but not in DNA) and derived from pyrimidine; pairs with adenine",
      "onyms": [
        "nucleotide",
        "RNA",
        "ribonucleic_acid",
        "uracil",
        "U",
        "base"
      ]
    }
  },
  "single_link": {
    "score": 0.30510640144348145,
    "time": 0.00010752677917480469,
    "start_wsp": {
      "name": "paneled.v.0",
      "definition": "decorate with panels",
      "onyms": [
        "beautify",
        "panel",
        "embellish",
        "ornament",
        "decorate",
        "grace",
        "adorn"
      ]
    },
    "end_wsp": {
      "name": "us.n.2",
      "definition": "a heavy toxic silvery-white radioactive metallic element; occurs in many isotopes; used for nuclear fuels and nuclear weapons",
      "onyms": [
        "metallic_element",
        "metal",
        "pitchblende",
        "uranium",
        "uraninite",
        "U",
        "uranium_235",
        "atomic_number_92",
        "uranium_238"
      ]
    }
  },
  "total_vector": {
    "score": 0.23813126981258392,
    "time": 1.3305935859680176,
    "start_wsp": {
      "name": "paneled.s.2",
      "definition": "fitted or decorated with panels or wainscoting",
      "onyms": [
        "paneled",
        "wainscoted"
      ]
    },
    "end_wsp": {
      "name": "us.n.2",
      "definition": "a heavy toxic silvery-white radioactive metallic element; occurs in many isotopes; used for nuclear fuels and nuclear weapons",
      "onyms": [
        "metallic_element",
        "metal",
        "pitchblende",
        "uranium",
        "uraninite",
        "U",
        "uranium_235",
        "atomic_number_92",
        "uranium_238"
      ]
    }
  }
}