{
  "average_link": {
    "score": 0.3043428430190453,
    "time": 5.245208740234375e-05,
    "start_wsp": {
      "name": "particular.s.4",
      "definition": "separate and distinct from others of the same group or category",
      "onyms": [
        "particular"
      ]
    },
    "end_wsp": {
      "name": "fact.n.0",
      "definition": "a piece of information about circumstances that exist or events that have occurred",
      "onyms": [
        "general",
        "specific",
        "information",
        "point",
        "reason",
        "item",
        "observation",
        "particular",
        "score",
        "matter_of_fact",
        "fact",
        "case",
        "truth",
        "detail"
      ]
    }
  },
  "average_vector": {
    "score": 0.7306671738624573,
    "time": 1.4432613849639893,
    "start_wsp": {
      "name": "particular.n.0",
      "definition": "a fact about some part (as opposed to general)",
      "onyms": [
        "fact",
        "specific",
        "particular"
      ]
    },
    "end_wsp": {
      "name": "fact.n.0",
      "definition": "a piece of information about circumstances that exist or events that have occurred",
      "onyms": [
        "general",
        "specific",
        "information",
        "point",
        "reason",
        "item",
        "observation",
        "particular",
        "score",
        "matter_of_fact",
        "fact",
        "case",
        "truth",
        "detail"
      ]
    }
  },
  "complete_link": {
    "score": 0.09760596603155136,
    "time": 4.935264587402344e-05,
    "start_wsp": {
      "name": "particular.s.4",
      "definition": "separate and distinct from others of the same group or category",
      "onyms": [
        "particular"
      ]
    },
    "end_wsp": {
      "name": "fact.n.2",
      "definition": "an event known to have happened or something known to have existed",
      "onyms": [
        "reality",
        "realism",
        "realness",
        "fact"
      ]
    }
  },
  "single_link": {
    "score": 1.0,
    "time": 4.792213439941406e-05,
    "start_wsp": {
      "name": "particular.n.0",
      "definition": "a fact about some part (as opposed to general)",
      "onyms": [
        "fact",
        "specific",
        "particular"
      ]
    },
    "end_wsp": {
      "name": "fact.n.0",
      "definition": "a piece of information about circumstances that exist or events that have occurred",
      "onyms": [
        "general",
        "specific",
        "information",
        "point",
        "reason",
        "item",
        "observation",
        "particular",
        "score",
        "matter_of_fact",
        "fact",
        "case",
        "truth",
        "detail"
      ]
    }
  },
  "total_vector": {
    "score": 0.7306671738624573,
    "time": 1.417511224746704,
    "start_wsp": {
      "name": "particular.n.0",
      "definition": "a fact about some part (as opposed to general)",
      "onyms": [
        "fact",
        "specific",
        "particular"
      ]
    },
    "end_wsp": {
      "name": "fact.n.0",
      "definition": "a piece of information about circumstances that exist or events that have occurred",
      "onyms": [
        "general",
        "specific",
        "information",
        "point",
        "reason",
        "item",
        "observation",
        "particular",
        "score",
        "matter_of_fact",
        "fact",
        "case",
        "truth",
        "detail"
      ]
    }
  }
}