{
  "average_link": {
    "score": 0.4526098718245824,
    "time": 0.0006215572357177734,
    "start_wsp": {
      "name": "pasty.s.2",
      "definition": "resembling paste in color; pallid",
      "onyms": [
        "pastelike",
        "pasty"
      ]
    },
    "end_wsp": {
      "name": "patch.n.2",
      "definition": "a piece of cloth used as decoration or to mend or cover a hole",
      "onyms": [
        "flash",
        "pasty",
        "piece_of_material",
        "patch",
        "shoulder_patch",
        "piece_of_cloth"
      ]
    }
  },
  "average_vector": {
    "score": 0.8964743614196777,
    "time": 1.3071818351745605,
    "start_wsp": {
      "name": "pasty.n.1",
      "definition": "(usually used in the plural) one of a pair of adhesive patches worn to cover the nipples of exotic dancers and striptease performers",
      "onyms": [
        "patch",
        "pasty"
      ]
    },
    "end_wsp": {
      "name": "patch.n.2",
      "definition": "a piece of cloth used as decoration or to mend or cover a hole",
      "onyms": [
        "flash",
        "pasty",
        "piece_of_material",
        "patch",
        "shoulder_patch",
        "piece_of_cloth"
      ]
    }
  },
  "complete_link": {
    "score": 0.21277502179145813,
    "time": 0.0006725788116455078,
    "start_wsp": {
      "name": "pasty.s.2",
      "definition": "resembling paste in color; pallid",
      "onyms": [
        "pastelike",
        "pasty"
      ]
    },
    "end_wsp": {
      "name": "patch.n.7",
      "definition": "a protective cloth covering for an injured eye",
      "onyms": [
        "eyepatch",
        "cloth_covering",
        "patch"
      ]
    }
  },
  "single_link": {
    "score": 1.0,
    "time": 0.0005514621734619141,
    "start_wsp": {
      "name": "pasty.n.0",
      "definition": "small meat pie or turnover",
      "onyms": [
        "meat_pie",
        "pork_pie",
        "Cornish_pasty",
        "pasty"
      ]
    },
    "end_wsp": {
      "name": "patch.n.2",
      "definition": "a piece of cloth used as decoration or to mend or cover a hole",
      "onyms": [
        "flash",
        "pasty",
        "piece_of_material",
        "patch",
        "shoulder_patch",
        "piece_of_cloth"
      ]
    }
  },
  "total_vector": {
    "score": 0.8964743614196777,
    "time": 1.2907469272613525,
    "start_wsp": {
      "name": "pasty.n.1",
      "definition": "(usually used in the plural) one of a pair of adhesive patches worn to cover the nipples of exotic dancers and striptease performers",
      "onyms": [
        "patch",
        "pasty"
      ]
    },
    "end_wsp": {
      "name": "patch.n.2",
      "definition": "a piece of cloth used as decoration or to mend or cover a hole",
      "onyms": [
        "flash",
        "pasty",
        "piece_of_material",
        "patch",
        "shoulder_patch",
        "piece_of_cloth"
      ]
    }
  }
}