{
  "average_link": {
    "score": 0.06654786118705358,
    "time": 0.0011477470397949219,
    "start_wsp": {
      "name": "pasture.n.1",
      "definition": "bulky food like grass or hay for browsing or grazing horses or cattle",
      "onyms": [
        "grass",
        "pasturage",
        "pasture",
        "eatage",
        "forage",
        "fodder"
      ]
    },
    "end_wsp": {
      "name": "crop.v.9",
      "definition": "let feed in a field or pasture or meadow",
      "onyms": [
        "grass",
        "drift",
        "pasture",
        "crop",
        "graze",
        "feed",
        "give"
      ]
    }
  },
  "average_vector": {
    "score": 1.0,
    "time": 2.8833234310150146,
    "start_wsp": {
      "name": "pasture.v.2",
      "definition": "let feed in a field or pasture or meadow",
      "onyms": [
        "grass",
        "drift",
        "pasture",
        "crop",
        "graze",
        "feed",
        "give"
      ]
    },
    "end_wsp": {
      "name": "crop.v.9",
      "definition": "let feed in a field or pasture or meadow",
      "onyms": [
        "grass",
        "drift",
        "pasture",
        "crop",
        "graze",
        "feed",
        "give"
      ]
    }
  },
  "complete_link": {
    "score": 0.06791897118091583,
    "time": 0.0012056827545166016,
    "start_wsp": {
      "name": "pasture.n.1",
      "definition": "bulky food like grass or hay for browsing or grazing horses or cattle",
      "onyms": [
        "grass",
        "pasturage",
        "pasture",
        "eatage",
        "forage",
        "fodder"
      ]
    },
    "end_wsp": {
      "name": "crop.n.0",
      "definition": "the yield from plants in a single growing season",
      "onyms": [
        "harvest",
        "crop",
        "output",
        "fruitage",
        "yield"
      ]
    }
  },
  "single_link": {
    "score": 1.0,
    "time": 0.0011723041534423828,
    "start_wsp": {
      "name": "pasture.n.0",
      "definition": "a field covered with grass or herbage and suitable for grazing by livestock",
      "onyms": [
        "pastureland",
        "ley",
        "grazing_land",
        "pasture",
        "lea",
        "common_land",
        "country",
        "commons",
        "cow_pasture",
        "grassland",
        "rural_area"
      ]
    },
    "end_wsp": {
      "name": "crop.v.9",
      "definition": "let feed in a field or pasture or meadow",
      "onyms": [
        "grass",
        "drift",
        "pasture",
        "crop",
        "graze",
        "feed",
        "give"
      ]
    }
  },
  "total_vector": {
    "score": 1.0000001192092896,
    "time": 3.2104790210723877,
    "start_wsp": {
      "name": "pasture.v.3",
      "definition": "feed as in a meadow or pasture",
      "onyms": [
        "pasture",
        "crop",
        "graze",
        "range",
        "feed",
        "eat",
        "browse"
      ]
    },
    "end_wsp": {
      "name": "crop.v.10",
      "definition": "feed as in a meadow or pasture",
      "onyms": [
        "pasture",
        "crop",
        "graze",
        "range",
        "feed",
        "eat",
        "browse"
      ]
    }
  }
}