{
  "average_link": {
    "score": 0.0899442619730339,
    "time": 0.0008018016815185547,
    "start_wsp": {
      "name": "pedagogy.n.0",
      "definition": "the principles and methods of instruction",
      "onyms": [
        "maieutic_method",
        "teaching_method",
        "method",
        "pedagogics",
        "Socratic_method",
        "pedagogy"
      ]
    },
    "end_wsp": {
      "name": "teaching.n.0",
      "definition": "the profession of a teacher",
      "onyms": [
        "tutorship",
        "lesson",
        "schooling",
        "teaching",
        "lecturing",
        "spoonfeeding",
        "indoctrination",
        "education",
        "teaching_reading",
        "language_teaching",
        "instruction",
        "catechesis",
        "hypnopedia",
        "tutelage",
        "tuition",
        "pedagogy",
        "lecture",
        "sleep-learning",
        "catechetical_instruction"
      ]
    }
  },
  "average_vector": {
    "score": 1.0,
    "time": 2.8003077507019043,
    "start_wsp": {
      "name": "pedagogy.n.1",
      "definition": "the profession of a teacher",
      "onyms": [
        "tutorship",
        "lesson",
        "schooling",
        "teaching",
        "lecturing",
        "spoonfeeding",
        "indoctrination",
        "education",
        "teaching_reading",
        "language_teaching",
        "instruction",
        "catechesis",
        "hypnopedia",
        "tutelage",
        "tuition",
        "pedagogy",
        "lecture",
        "sleep-learning",
        "catechetical_instruction"
      ]
    },
    "end_wsp": {
      "name": "teaching.n.0",
      "definition": "the profession of a teacher",
      "onyms": [
        "tutorship",
        "lesson",
        "schooling",
        "teaching",
        "lecturing",
        "spoonfeeding",
        "indoctrination",
        "education",
        "teaching_reading",
        "language_teaching",
        "instruction",
        "catechesis",
        "hypnopedia",
        "tutelage",
        "tuition",
        "pedagogy",
        "lecture",
        "sleep-learning",
        "catechetical_instruction"
      ]
    }
  },
  "complete_link": {
    "score": 0.10586781054735184,
    "time": 0.00078582763671875,
    "start_wsp": {
      "name": "pedagogy.n.0",
      "definition": "the principles and methods of instruction",
      "onyms": [
        "maieutic_method",
        "teaching_method",
        "method",
        "pedagogics",
        "Socratic_method",
        "pedagogy"
      ]
    },
    "end_wsp": {
      "name": "teaching.n.1",
      "definition": "a doctrine that is taught",
      "onyms": [
        "mitzvah",
        "mitsvah",
        "doctrine",
        "school_of_thought",
        "commandment",
        "Golden_Rule",
        "philosophy",
        "precept",
        "teaching",
        "ism",
        "philosophical_system"
      ]
    }
  },
  "single_link": {
    "score": 1.0,
    "time": 0.0006854534149169922,
    "start_wsp": {
      "name": "pedagogy.n.1",
      "definition": "the profession of a teacher",
      "onyms": [
        "tutorship",
        "lesson",
        "schooling",
        "teaching",
        "lecturing",
        "spoonfeeding",
        "indoctrination",
        "education",
        "teaching_reading",
        "language_teaching",
        "instruction",
        "catechesis",
        "hypnopedia",
        "tutelage",
        "tuition",
        "pedagogy",
        "lecture",
        "sleep-learning",
        "catechetical_instruction"
      ]
    },
    "end_wsp": {
      "name": "teaching.n.0",
      "definition": "the profession of a teacher",
      "onyms": [
        "tutorship",
        "lesson",
        "schooling",
        "teaching",
        "lecturing",
        "spoonfeeding",
        "indoctrination",
        "education",
        "teaching_reading",
        "language_teaching",
        "instruction",
        "catechesis",
        "hypnopedia",
        "tutelage",
        "tuition",
        "pedagogy",
        "lecture",
        "sleep-learning",
        "catechetical_instruction"
      ]
    }
  },
  "total_vector": {
    "score": 1.0,
    "time": 2.737225294113159,
    "start_wsp": {
      "name": "pedagogy.n.1",
      "definition": "the profession of a teacher",
      "onyms": [
        "tutorship",
        "lesson",
        "schooling",
        "teaching",
        "lecturing",
        "spoonfeeding",
        "indoctrination",
        "education",
        "teaching_reading",
        "language_teaching",
        "instruction",
        "catechesis",
        "hypnopedia",
        "tutelage",
        "tuition",
        "pedagogy",
        "lecture",
        "sleep-learning",
        "catechetical_instruction"
      ]
    },
    "end_wsp": {
      "name": "teaching.n.0",
      "definition": "the profession of a teacher",
      "onyms": [
        "tutorship",
        "lesson",
        "schooling",
        "teaching",
        "lecturing",
        "spoonfeeding",
        "indoctrination",
        "education",
        "teaching_reading",
        "language_teaching",
        "instruction",
        "catechesis",
        "hypnopedia",
        "tutelage",
        "tuition",
        "pedagogy",
        "lecture",
        "sleep-learning",
        "catechetical_instruction"
      ]
    }
  }
}