{
  "average_link": {
    "score": 0.09860469750128686,
    "time": 0.0005016326904296875,
    "start_wsp": {
      "name": "pens.n.4",
      "definition": "female swan",
      "onyms": [
        "swan",
        "pen"
      ]
    },
    "end_wsp": {
      "name": "ink.v.3",
      "definition": "mark, coat, cover, or stain with ink",
      "onyms": [
        "ink",
        "mark"
      ]
    }
  },
  "average_vector": {
    "score": 0.5147448182106018,
    "time": 10.429167747497559,
    "start_wsp": {
      "name": "pens.n.0",
      "definition": "a writing implement with a point from which ink flows",
      "onyms": [
        "ballpen",
        "Biro",
        "quill",
        "ballpoint_pen",
        "felt-tip_pen",
        "Sharpie",
        "pen",
        "pen_nib",
        "Magic_Marker",
        "felt_tip",
        "ballpoint",
        "fountain_pen",
        "writing_implement",
        "felt-tipped_pen",
        "quill_pen",
        "nib"
      ]
    },
    "end_wsp": {
      "name": "ink.n.0",
      "definition": "a liquid used for printing or writing or drawing",
      "onyms": [
        "ink",
        "printer's_ink",
        "indelible_ink",
        "printing_ink",
        "drawing_ink",
        "writing_ink",
        "liquid",
        "magnetic_ink",
        "India_ink"
      ]
    }
  },
  "complete_link": {
    "score": 0.04384469613432884,
    "time": 0.0005729198455810547,
    "start_wsp": {
      "name": "pens.n.0",
      "definition": "a writing implement with a point from which ink flows",
      "onyms": [
        "ballpen",
        "Biro",
        "quill",
        "ballpoint_pen",
        "felt-tip_pen",
        "Sharpie",
        "pen",
        "pen_nib",
        "Magic_Marker",
        "felt_tip",
        "ballpoint",
        "fountain_pen",
        "writing_implement",
        "felt-tipped_pen",
        "quill_pen",
        "nib"
      ]
    },
    "end_wsp": {
      "name": "ink.v.3",
      "definition": "mark, coat, cover, or stain with ink",
      "onyms": [
        "ink",
        "mark"
      ]
    }
  },
  "single_link": {
    "score": 0.47951728105545044,
    "time": 0.0004506111145019531,
    "start_wsp": {
      "name": "pens.n.0",
      "definition": "a writing implement with a point from which ink flows",
      "onyms": [
        "ballpen",
        "Biro",
        "quill",
        "ballpoint_pen",
        "felt-tip_pen",
        "Sharpie",
        "pen",
        "pen_nib",
        "Magic_Marker",
        "felt_tip",
        "ballpoint",
        "fountain_pen",
        "writing_implement",
        "felt-tipped_pen",
        "quill_pen",
        "nib"
      ]
    },
    "end_wsp": {
      "name": "ink.n.0",
      "definition": "a liquid used for printing or writing or drawing",
      "onyms": [
        "ink",
        "printer's_ink",
        "indelible_ink",
        "printing_ink",
        "drawing_ink",
        "writing_ink",
        "liquid",
        "magnetic_ink",
        "India_ink"
      ]
    }
  },
  "total_vector": {
    "score": 0.5147448182106018,
    "time": 12.637874841690063,
    "start_wsp": {
      "name": "pens.n.0",
      "definition": "a writing implement with a point from which ink flows",
      "onyms": [
        "ballpen",
        "Biro",
        "quill",
        "ballpoint_pen",
        "felt-tip_pen",
        "Sharpie",
        "pen",
        "pen_nib",
        "Magic_Marker",
        "felt_tip",
        "ballpoint",
        "fountain_pen",
        "writing_implement",
        "felt-tipped_pen",
        "quill_pen",
        "nib"
      ]
    },
    "end_wsp": {
      "name": "ink.n.0",
      "definition": "a liquid used for printing or writing or drawing",
      "onyms": [
        "ink",
        "printer's_ink",
        "indelible_ink",
        "printing_ink",
        "drawing_ink",
        "writing_ink",
        "liquid",
        "magnetic_ink",
        "India_ink"
      ]
    }
  }
}