{
  "average_link": {
    "score": 0.2066140379756689,
    "time": 5.316734313964844e-05,
    "start_wsp": {
      "name": "perforation.n.0",
      "definition": "a line of small holes for tearing at a particular place",
      "onyms": [
        "perforation",
        "hole"
      ]
    },
    "end_wsp": {
      "name": "hole.v.9",
      "definition": "make holes in",
      "onyms": [
        "core_out",
        "hollow_out",
        "hollow",
        "hole"
      ]
    }
  },
  "average_vector": {
    "score": 0.7639932632446289,
    "time": 1.387174129486084,
    "start_wsp": {
      "name": "perforation.n.0",
      "definition": "a line of small holes for tearing at a particular place",
      "onyms": [
        "perforation",
        "hole"
      ]
    },
    "end_wsp": {
      "name": "hole.n.0",
      "definition": "an opening into or through something",
      "onyms": [
        "knothole",
        "cranny",
        "rathole",
        "gap",
        "leak",
        "hole",
        "opening",
        "aperture",
        "perforation",
        "bolt-hole",
        "ozone_hole",
        "bullet_hole"
      ]
    }
  },
  "complete_link": {
    "score": 0.1610233336687088,
    "time": 5.078315734863281e-05,
    "start_wsp": {
      "name": "perforation.n.0",
      "definition": "a line of small holes for tearing at a particular place",
      "onyms": [
        "perforation",
        "hole"
      ]
    },
    "end_wsp": {
      "name": "hole.v.9",
      "definition": "make holes in",
      "onyms": [
        "core_out",
        "hollow_out",
        "hollow",
        "hole"
      ]
    }
  },
  "single_link": {
    "score": 1.0,
    "time": 4.9114227294921875e-05,
    "start_wsp": {
      "name": "perforation.n.0",
      "definition": "a line of small holes for tearing at a particular place",
      "onyms": [
        "perforation",
        "hole"
      ]
    },
    "end_wsp": {
      "name": "hole.n.0",
      "definition": "an opening into or through something",
      "onyms": [
        "knothole",
        "cranny",
        "rathole",
        "gap",
        "leak",
        "hole",
        "opening",
        "aperture",
        "perforation",
        "bolt-hole",
        "ozone_hole",
        "bullet_hole"
      ]
    }
  },
  "total_vector": {
    "score": 0.7639932632446289,
    "time": 1.379828929901123,
    "start_wsp": {
      "name": "perforation.n.0",
      "definition": "a line of small holes for tearing at a particular place",
      "onyms": [
        "perforation",
        "hole"
      ]
    },
    "end_wsp": {
      "name": "hole.n.0",
      "definition": "an opening into or through something",
      "onyms": [
        "knothole",
        "cranny",
        "rathole",
        "gap",
        "leak",
        "hole",
        "opening",
        "aperture",
        "perforation",
        "bolt-hole",
        "ozone_hole",
        "bullet_hole"
      ]
    }
  }
}