{
  "average_link": {
    "score": 0.31165120005607605,
    "time": 0.0003020763397216797,
    "start_wsp": {
      "name": "perturbing.v.1",
      "definition": "disturb or interfere with the usual path of an electron or atom",
      "onyms": [
        "deviate",
        "perturb"
      ]
    },
    "end_wsp": {
      "name": "perturb.v.1",
      "definition": "disturb or interfere with the usual path of an electron or atom",
      "onyms": [
        "deviate",
        "perturb"
      ]
    }
  },
  "average_vector": {
    "score": 1.0,
    "time": 10.141207695007324,
    "start_wsp": {
      "name": "perturbing.v.1",
      "definition": "disturb or interfere with the usual path of an electron or atom",
      "onyms": [
        "deviate",
        "perturb"
      ]
    },
    "end_wsp": {
      "name": "perturb.v.1",
      "definition": "disturb or interfere with the usual path of an electron or atom",
      "onyms": [
        "deviate",
        "perturb"
      ]
    }
  },
  "complete_link": {
    "score": 0.24660485982894897,
    "time": 0.0003032684326171875,
    "start_wsp": {
      "name": "perturbing.v.1",
      "definition": "disturb or interfere with the usual path of an electron or atom",
      "onyms": [
        "deviate",
        "perturb"
      ]
    },
    "end_wsp": {
      "name": "perturb.v.1",
      "definition": "disturb or interfere with the usual path of an electron or atom",
      "onyms": [
        "deviate",
        "perturb"
      ]
    }
  },
  "single_link": {
    "score": 1.0000001192092896,
    "time": 0.000316619873046875,
    "start_wsp": {
      "name": "perturbing.v.0",
      "definition": "disturb in mind or make uneasy or cause to be worried or alarmed",
      "onyms": [
        "unhinge",
        "cark",
        "distract",
        "perturb",
        "disorder",
        "disturb",
        "upset",
        "trouble",
        "worry",
        "vex",
        "disquiet"
      ]
    },
    "end_wsp": {
      "name": "perturb.v.0",
      "definition": "disturb in mind or make uneasy or cause to be worried or alarmed",
      "onyms": [
        "unhinge",
        "cark",
        "distract",
        "perturb",
        "disorder",
        "disturb",
        "upset",
        "trouble",
        "worry",
        "vex",
        "disquiet"
      ]
    }
  },
  "total_vector": {
    "score": 1.0,
    "time": 12.31534743309021,
    "start_wsp": {
      "name": "perturbing.v.1",
      "definition": "disturb or interfere with the usual path of an electron or atom",
      "onyms": [
        "deviate",
        "perturb"
      ]
    },
    "end_wsp": {
      "name": "perturb.v.1",
      "definition": "disturb or interfere with the usual path of an electron or atom",
      "onyms": [
        "deviate",
        "perturb"
      ]
    }
  }
}