{
  "average_link": {
    "score": 0.2470397487282753,
    "time": 0.00042247772216796875,
    "start_wsp": {
      "name": "pillory.n.0",
      "definition": "a wooden instrument of punishment on a post with holes for the wrists and neck; offenders were locked in and so exposed to public scorn",
      "onyms": [
        "pillory",
        "instrument_of_punishment"
      ]
    },
    "end_wsp": {
      "name": "expose.v.8",
      "definition": "expose while ridiculing; especially of pretentious or false claims and ideas",
      "onyms": [
        "make_fun",
        "ridicule",
        "unmask",
        "roast",
        "guy",
        "blackguard",
        "jest_at",
        "uncloak",
        "expose",
        "debunk",
        "rib",
        "poke_fun",
        "laugh_at"
      ]
    }
  },
  "average_vector": {
    "score": 0.7642045617103577,
    "time": 3.212977647781372,
    "start_wsp": {
      "name": "pillory.v.1",
      "definition": "expose to ridicule or public scorn",
      "onyms": [
        "gibbet",
        "display",
        "pillory",
        "exhibit",
        "expose"
      ]
    },
    "end_wsp": {
      "name": "expose.v.3",
      "definition": "to show, make visible or apparent",
      "onyms": [
        "flash",
        "gibbet",
        "pillory",
        "produce",
        "exhibit",
        "posture",
        "open",
        "brandish",
        "bring_forth",
        "hold_up",
        "display",
        "bench",
        "ostentate",
        "flaunt",
        "swank",
        "sit",
        "pose",
        "moon",
        "show",
        "show_off",
        "model",
        "expose"
      ]
    }
  },
  "complete_link": {
    "score": 0.10732275247573853,
    "time": 0.0004355907440185547,
    "start_wsp": {
      "name": "pillory.n.0",
      "definition": "a wooden instrument of punishment on a post with holes for the wrists and neck; offenders were locked in and so exposed to public scorn",
      "onyms": [
        "pillory",
        "instrument_of_punishment"
      ]
    },
    "end_wsp": {
      "name": "expose.v.5",
      "definition": "disclose to view as by removing a cover",
      "onyms": [
        "face",
        "uncover",
        "disclose",
        "unveil",
        "reveal",
        "expose",
        "bring_out"
      ]
    }
  },
  "single_link": {
    "score": 1.0,
    "time": 0.00043773651123046875,
    "start_wsp": {
      "name": "pillory.n.0",
      "definition": "a wooden instrument of punishment on a post with holes for the wrists and neck; offenders were locked in and so exposed to public scorn",
      "onyms": [
        "pillory",
        "instrument_of_punishment"
      ]
    },
    "end_wsp": {
      "name": "expose.v.3",
      "definition": "to show, make visible or apparent",
      "onyms": [
        "flash",
        "gibbet",
        "pillory",
        "produce",
        "exhibit",
        "posture",
        "open",
        "brandish",
        "bring_forth",
        "hold_up",
        "display",
        "bench",
        "ostentate",
        "flaunt",
        "swank",
        "sit",
        "pose",
        "moon",
        "show",
        "show_off",
        "model",
        "expose"
      ]
    }
  },
  "total_vector": {
    "score": 0.7642045617103577,
    "time": 3.1175918579101562,
    "start_wsp": {
      "name": "pillory.v.1",
      "definition": "expose to ridicule or public scorn",
      "onyms": [
        "gibbet",
        "display",
        "pillory",
        "exhibit",
        "expose"
      ]
    },
    "end_wsp": {
      "name": "expose.v.3",
      "definition": "to show, make visible or apparent",
      "onyms": [
        "flash",
        "gibbet",
        "pillory",
        "produce",
        "exhibit",
        "posture",
        "open",
        "brandish",
        "bring_forth",
        "hold_up",
        "display",
        "bench",
        "ostentate",
        "flaunt",
        "swank",
        "sit",
        "pose",
        "moon",
        "show",
        "show_off",
        "model",
        "expose"
      ]
    }
  }
}