{
  "average_link": {
    "score": 0.3177039697766304,
    "time": 0.0002052783966064453,
    "start_wsp": {
      "name": "platen.n.1",
      "definition": "the flat plate of a printing press that presses the paper against the type",
      "onyms": [
        "platen",
        "plate"
      ]
    },
    "end_wsp": {
      "name": "plate.n.6",
      "definition": "the thin under portion of the forequarter",
      "onyms": [
        "cut_of_beef",
        "plate"
      ]
    }
  },
  "average_vector": {
    "score": 0.7381559610366821,
    "time": 9.565388202667236,
    "start_wsp": {
      "name": "platen.n.1",
      "definition": "the flat plate of a printing press that presses the paper against the type",
      "onyms": [
        "platen",
        "plate"
      ]
    },
    "end_wsp": {
      "name": "plate.n.6",
      "definition": "the thin under portion of the forequarter",
      "onyms": [
        "cut_of_beef",
        "plate"
      ]
    }
  },
  "complete_link": {
    "score": 0.2708158791065216,
    "time": 0.00023221969604492188,
    "start_wsp": {
      "name": "platen.n.0",
      "definition": "work table of a machine tool",
      "onyms": [
        "platen",
        "table"
      ]
    },
    "end_wsp": {
      "name": "plate.n.6",
      "definition": "the thin under portion of the forequarter",
      "onyms": [
        "cut_of_beef",
        "plate"
      ]
    }
  },
  "single_link": {
    "score": 1.0,
    "time": 0.00022101402282714844,
    "start_wsp": {
      "name": "platen.n.0",
      "definition": "work table of a machine tool",
      "onyms": [
        "platen",
        "table"
      ]
    },
    "end_wsp": {
      "name": "plate.n.1",
      "definition": "a sheet of metal or wood or glass or plastic",
      "onyms": [
        "storage-battery_grid",
        "gusset",
        "pleximeter",
        "license_plate",
        "escutcheon",
        "fishplate",
        "damper",
        "fin_keel",
        "cylinder_head",
        "L-plate",
        "nameplate",
        "flat_solid",
        "plate",
        "tap",
        "disk",
        "disc",
        "plate_iron",
        "platen",
        "baffle",
        "baffle_board",
        "numberplate",
        "sheet",
        "engraving",
        "gusset_plate",
        "grid",
        "lamella",
        "plessimeter"
      ]
    }
  },
  "total_vector": {
    "score": 0.7381559610366821,
    "time": 11.179575681686401,
    "start_wsp": {
      "name": "platen.n.1",
      "definition": "the flat plate of a printing press that presses the paper against the type",
      "onyms": [
        "platen",
        "plate"
      ]
    },
    "end_wsp": {
      "name": "plate.n.6",
      "definition": "the thin under portion of the forequarter",
      "onyms": [
        "cut_of_beef",
        "plate"
      ]
    }
  }
}