{
  "average_link": {
    "score": 0.29422471299767494,
    "time": 6.67572021484375e-05,
    "start_wsp": {
      "name": "plotter.n.3",
      "definition": "an instrument (usually driven by a computer) for drawing graphs or pictures",
      "onyms": [
        "instrument",
        "plotter"
      ]
    },
    "end_wsp": {
      "name": "instrument.n.4",
      "definition": "the semantic role of the entity (usually inanimate) that the agent uses to perform an action or start a process",
      "onyms": [
        "semantic_role",
        "instrument",
        "instrumental_role",
        "participant_role"
      ]
    }
  },
  "average_vector": {
    "score": 0.6945622563362122,
    "time": 1.2956759929656982,
    "start_wsp": {
      "name": "plotter.n.3",
      "definition": "an instrument (usually driven by a computer) for drawing graphs or pictures",
      "onyms": [
        "instrument",
        "plotter"
      ]
    },
    "end_wsp": {
      "name": "instrument.n.0",
      "definition": "a device that requires skill for proper use",
      "onyms": [
        "medical_instrument",
        "weapon",
        "instrument",
        "sonograph",
        "instrument_of_execution",
        "measuring_instrument",
        "navigational_instrument",
        "device",
        "optical_instrument",
        "cautery",
        "tracer",
        "analyzer",
        "arm",
        "surveying_instrument",
        "whip",
        "measuring_device",
        "surveyor's_instrument",
        "cauterant",
        "analyser",
        "plotter",
        "weapon_system",
        "extractor",
        "engine",
        "measuring_system",
        "scientific_instrument",
        "drafting_instrument",
        "instrument_of_punishment"
      ]
    }
  },
  "complete_link": {
    "score": 0.17689891159534454,
    "time": 7.176399230957031e-05,
    "start_wsp": {
      "name": "plotter.n.3",
      "definition": "an instrument (usually driven by a computer) for drawing graphs or pictures",
      "onyms": [
        "instrument",
        "plotter"
      ]
    },
    "end_wsp": {
      "name": "instrument.n.4",
      "definition": "the semantic role of the entity (usually inanimate) that the agent uses to perform an action or start a process",
      "onyms": [
        "semantic_role",
        "instrument",
        "instrumental_role",
        "participant_role"
      ]
    }
  },
  "single_link": {
    "score": 1.0,
    "time": 6.198883056640625e-05,
    "start_wsp": {
      "name": "plotter.n.0",
      "definition": "a planner who draws up a personal scheme of action",
      "onyms": [
        "schemer",
        "plotter",
        "angler",
        "politician",
        "planner",
        "contriver",
        "deviser"
      ]
    },
    "end_wsp": {
      "name": "instrument.n.0",
      "definition": "a device that requires skill for proper use",
      "onyms": [
        "medical_instrument",
        "weapon",
        "instrument",
        "sonograph",
        "instrument_of_execution",
        "measuring_instrument",
        "navigational_instrument",
        "device",
        "optical_instrument",
        "cautery",
        "tracer",
        "analyzer",
        "arm",
        "surveying_instrument",
        "whip",
        "measuring_device",
        "surveyor's_instrument",
        "cauterant",
        "analyser",
        "plotter",
        "weapon_system",
        "extractor",
        "engine",
        "measuring_system",
        "scientific_instrument",
        "drafting_instrument",
        "instrument_of_punishment"
      ]
    }
  },
  "total_vector": {
    "score": 0.6945622563362122,
    "time": 1.2781963348388672,
    "start_wsp": {
      "name": "plotter.n.3",
      "definition": "an instrument (usually driven by a computer) for drawing graphs or pictures",
      "onyms": [
        "instrument",
        "plotter"
      ]
    },
    "end_wsp": {
      "name": "instrument.n.0",
      "definition": "a device that requires skill for proper use",
      "onyms": [
        "medical_instrument",
        "weapon",
        "instrument",
        "sonograph",
        "instrument_of_execution",
        "measuring_instrument",
        "navigational_instrument",
        "device",
        "optical_instrument",
        "cautery",
        "tracer",
        "analyzer",
        "arm",
        "surveying_instrument",
        "whip",
        "measuring_device",
        "surveyor's_instrument",
        "cauterant",
        "analyser",
        "plotter",
        "weapon_system",
        "extractor",
        "engine",
        "measuring_system",
        "scientific_instrument",
        "drafting_instrument",
        "instrument_of_punishment"
      ]
    }
  }
}