{
  "average_link": {
    "score": 0.3203461542725563,
    "time": 9.870529174804688e-05,
    "start_wsp": {
      "name": "poaching.v.2",
      "definition": "cook in a simmering liquid",
      "onyms": [
        "poach",
        "cook"
      ]
    },
    "end_wsp": {
      "name": "cooking.v.1",
      "definition": "prepare a hot meal",
      "onyms": [
        "cook",
        "create_from_raw_stuff",
        "create_from_raw_material"
      ]
    }
  },
  "average_vector": {
    "score": 0.7826463580131531,
    "time": 12.71377944946289,
    "start_wsp": {
      "name": "poaching.v.2",
      "definition": "cook in a simmering liquid",
      "onyms": [
        "poach",
        "cook"
      ]
    },
    "end_wsp": {
      "name": "cooking.v.1",
      "definition": "prepare a hot meal",
      "onyms": [
        "cook",
        "create_from_raw_stuff",
        "create_from_raw_material"
      ]
    }
  },
  "complete_link": {
    "score": 0.2813846170902252,
    "time": 9.298324584960938e-05,
    "start_wsp": {
      "name": "poaching.v.2",
      "definition": "cook in a simmering liquid",
      "onyms": [
        "poach",
        "cook"
      ]
    },
    "end_wsp": {
      "name": "cooking.v.1",
      "definition": "prepare a hot meal",
      "onyms": [
        "cook",
        "create_from_raw_stuff",
        "create_from_raw_material"
      ]
    }
  },
  "single_link": {
    "score": 1.0,
    "time": 9.322166442871094e-05,
    "start_wsp": {
      "name": "poaching.n.0",
      "definition": "cooking in simmering liquid",
      "onyms": [
        "cooking",
        "preparation",
        "cookery",
        "poaching"
      ]
    },
    "end_wsp": {
      "name": "cooking.n.0",
      "definition": "the act of preparing something (as food) by the application of heat",
      "onyms": [
        "braising",
        "broil",
        "fusion_cooking",
        "cuisine",
        "browning",
        "preparation",
        "frying",
        "tenderization",
        "change_of_state",
        "roasting",
        "simmering",
        "grilling",
        "cookery",
        "broiling",
        "toasting",
        "tenderisation",
        "stewing",
        "percolation",
        "sauteing",
        "seasoning",
        "cooking",
        "poaching",
        "boiling",
        "baking",
        "culinary_art"
      ]
    }
  },
  "total_vector": {
    "score": 0.7826463580131531,
    "time": 12.612962007522583,
    "start_wsp": {
      "name": "poaching.v.2",
      "definition": "cook in a simmering liquid",
      "onyms": [
        "poach",
        "cook"
      ]
    },
    "end_wsp": {
      "name": "cooking.v.1",
      "definition": "prepare a hot meal",
      "onyms": [
        "cook",
        "create_from_raw_stuff",
        "create_from_raw_material"
      ]
    }
  }
}