{
  "average_link": {
    "score": 0.17607029775778452,
    "time": 0.0002090930938720703,
    "start_wsp": {
      "name": "poacher.n.2",
      "definition": "small slender fish (to 8 inches) with body covered by bony plates; chiefly of deeper northern Pacific waters",
      "onyms": [
        "Agonus_cataphractus",
        "Aspidophoroides_monopterygius",
        "pogge",
        "armed_bullhead",
        "scorpaenoid_fish",
        "family_Agonidae",
        "sea_poker",
        "poacher",
        "Agonidae",
        "sea_poacher",
        "alligatorfish",
        "scorpaenoid"
      ]
    },
    "end_wsp": {
      "name": "worker.n.2",
      "definition": "sterile member of a colony of social insects that forages for food and cares for the larvae",
      "onyms": [
        "worker",
        "soldier",
        "worker_bee",
        "insect"
      ]
    }
  },
  "average_vector": {
    "score": 0.5682516098022461,
    "time": 1.3804724216461182,
    "start_wsp": {
      "name": "poacher.n.1",
      "definition": "a cooking vessel designed to poach food (such as fish or eggs)",
      "onyms": [
        "cookware",
        "vessel",
        "cooking_utensil",
        "poacher"
      ]
    },
    "end_wsp": {
      "name": "worker.n.0",
      "definition": "a person who works at a specific occupation",
      "onyms": [
        "wiper",
        "shelver",
        "boater",
        "melter",
        "quarrier",
        "helper",
        "shingler",
        "thrower",
        "someone",
        "trained_worker",
        "unpaid_worker",
        "gatherer",
        "comber",
        "workmate",
        "working_girl",
        "toiler",
        "assistant",
        "unionist",
        "scab",
        "rat",
        "employable",
        "freelancer",
        "winder",
        "tugger",
        "tacker",
        "splitter",
        "tier_up",
        "temporary",
        "freelance",
        "shoveler",
        "bill_poster",
        "self-employed_person",
        "driver",
        "peeler",
        "processor",
        "slave",
        "accumulator",
        "pruner",
        "twiner",
        "boatman",
        "solderer",
        "independent",
        "mortal",
        "mopper",
        "lamplighter",
        "stemmer",
        "servant",
        "teaser",
        "free-lance",
        "bleacher",
        "collector",
        "trimmer",
        "individual",
        "nailer",
        "seasonal",
        "skilled_worker",
        "tiler",
        "plyer",
        "supporter",
        "tier",
        "striver",
        "help",
        "topper",
        "hanger",
        "finisher",
        "oiler",
        "part-timer",
        "tapper",
        "caster",
        "throwster",
        "person",
        "soul",
        "quarryman",
        "temp",
        "shoveller",
        "puller",
        "worker",
        "beater",
        "union_member",
        "stringer",
        "scrubber",
        "stainer",
        "muzzler",
        "ragsorter",
        "sheller",
        "free_lance",
        "waterman",
        "gutter",
        "splicer",
        "blackleg",
        "cornhusker",
        "charcoal_burner",
        "trade_unionist",
        "temporary_worker",
        "employee",
        "stripper",
        "skidder",
        "retainer",
        "strikebreaker",
        "somebody",
        "hard_worker",
        "wallah",
        "poster",
        "plier",
        "bill_sticker",
        "washer",
        "sprigger",
        "skilled_workman",
        "volunteer",
        "planter",
        "dragger",
        "moonlighter",
        "seasonal_worker",
        "carter"
      ]
    }
  },
  "complete_link": {
    "score": 0.15110565721988678,
    "time": 0.0002219676971435547,
    "start_wsp": {
      "name": "poacher.n.2",
      "definition": "small slender fish (to 8 inches) with body covered by bony plates; chiefly of deeper northern Pacific waters",
      "onyms": [
        "Agonus_cataphractus",
        "Aspidophoroides_monopterygius",
        "pogge",
        "armed_bullhead",
        "scorpaenoid_fish",
        "family_Agonidae",
        "sea_poker",
        "poacher",
        "Agonidae",
        "sea_poacher",
        "alligatorfish",
        "scorpaenoid"
      ]
    },
    "end_wsp": {
      "name": "worker.n.2",
      "definition": "sterile member of a colony of social insects that forages for food and cares for the larvae",
      "onyms": [
        "worker",
        "soldier",
        "worker_bee",
        "insect"
      ]
    }
  },
  "single_link": {
    "score": 0.49014970660209656,
    "time": 0.00020694732666015625,
    "start_wsp": {
      "name": "poacher.n.1",
      "definition": "a cooking vessel designed to poach food (such as fish or eggs)",
      "onyms": [
        "cookware",
        "vessel",
        "cooking_utensil",
        "poacher"
      ]
    },
    "end_wsp": {
      "name": "worker.n.0",
      "definition": "a person who works at a specific occupation",
      "onyms": [
        "wiper",
        "shelver",
        "boater",
        "melter",
        "quarrier",
        "helper",
        "shingler",
        "thrower",
        "someone",
        "trained_worker",
        "unpaid_worker",
        "gatherer",
        "comber",
        "workmate",
        "working_girl",
        "toiler",
        "assistant",
        "unionist",
        "scab",
        "rat",
        "employable",
        "freelancer",
        "winder",
        "tugger",
        "tacker",
        "splitter",
        "tier_up",
        "temporary",
        "freelance",
        "shoveler",
        "bill_poster",
        "self-employed_person",
        "driver",
        "peeler",
        "processor",
        "slave",
        "accumulator",
        "pruner",
        "twiner",
        "boatman",
        "solderer",
        "independent",
        "mortal",
        "mopper",
        "lamplighter",
        "stemmer",
        "servant",
        "teaser",
        "free-lance",
        "bleacher",
        "collector",
        "trimmer",
        "individual",
        "nailer",
        "seasonal",
        "skilled_worker",
        "tiler",
        "plyer",
        "supporter",
        "tier",
        "striver",
        "help",
        "topper",
        "hanger",
        "finisher",
        "oiler",
        "part-timer",
        "tapper",
        "caster",
        "throwster",
        "person",
        "soul",
        "quarryman",
        "temp",
        "shoveller",
        "puller",
        "worker",
        "beater",
        "union_member",
        "stringer",
        "scrubber",
        "stainer",
        "muzzler",
        "ragsorter",
        "sheller",
        "free_lance",
        "waterman",
        "gutter",
        "splicer",
        "blackleg",
        "cornhusker",
        "charcoal_burner",
        "trade_unionist",
        "temporary_worker",
        "employee",
        "stripper",
        "skidder",
        "retainer",
        "strikebreaker",
        "somebody",
        "hard_worker",
        "wallah",
        "poster",
        "plier",
        "bill_sticker",
        "washer",
        "sprigger",
        "skilled_workman",
        "volunteer",
        "planter",
        "dragger",
        "moonlighter",
        "seasonal_worker",
        "carter"
      ]
    }
  },
  "total_vector": {
    "score": 0.5682516098022461,
    "time": 1.3749756813049316,
    "start_wsp": {
      "name": "poacher.n.1",
      "definition": "a cooking vessel designed to poach food (such as fish or eggs)",
      "onyms": [
        "cookware",
        "vessel",
        "cooking_utensil",
        "poacher"
      ]
    },
    "end_wsp": {
      "name": "worker.n.0",
      "definition": "a person who works at a specific occupation",
      "onyms": [
        "wiper",
        "shelver",
        "boater",
        "melter",
        "quarrier",
        "helper",
        "shingler",
        "thrower",
        "someone",
        "trained_worker",
        "unpaid_worker",
        "gatherer",
        "comber",
        "workmate",
        "working_girl",
        "toiler",
        "assistant",
        "unionist",
        "scab",
        "rat",
        "employable",
        "freelancer",
        "winder",
        "tugger",
        "tacker",
        "splitter",
        "tier_up",
        "temporary",
        "freelance",
        "shoveler",
        "bill_poster",
        "self-employed_person",
        "driver",
        "peeler",
        "processor",
        "slave",
        "accumulator",
        "pruner",
        "twiner",
        "boatman",
        "solderer",
        "independent",
        "mortal",
        "mopper",
        "lamplighter",
        "stemmer",
        "servant",
        "teaser",
        "free-lance",
        "bleacher",
        "collector",
        "trimmer",
        "individual",
        "nailer",
        "seasonal",
        "skilled_worker",
        "tiler",
        "plyer",
        "supporter",
        "tier",
        "striver",
        "help",
        "topper",
        "hanger",
        "finisher",
        "oiler",
        "part-timer",
        "tapper",
        "caster",
        "throwster",
        "person",
        "soul",
        "quarryman",
        "temp",
        "shoveller",
        "puller",
        "worker",
        "beater",
        "union_member",
        "stringer",
        "scrubber",
        "stainer",
        "muzzler",
        "ragsorter",
        "sheller",
        "free_lance",
        "waterman",
        "gutter",
        "splicer",
        "blackleg",
        "cornhusker",
        "charcoal_burner",
        "trade_unionist",
        "temporary_worker",
        "employee",
        "stripper",
        "skidder",
        "retainer",
        "strikebreaker",
        "somebody",
        "hard_worker",
        "wallah",
        "poster",
        "plier",
        "bill_sticker",
        "washer",
        "sprigger",
        "skilled_workman",
        "volunteer",
        "planter",
        "dragger",
        "moonlighter",
        "seasonal_worker",
        "carter"
      ]
    }
  }
}