{
  "average_link": {
    "score": 0.11150008189678193,
    "time": 0.0003483295440673828,
    "start_wsp": {
      "name": "portrayal.n.2",
      "definition": "a representation by picture or portraiture",
      "onyms": [
        "portraying",
        "depiction",
        "mirror",
        "depicting",
        "representational_process",
        "portrayal"
      ]
    },
    "end_wsp": {
      "name": "depicting.n.0",
      "definition": "a representation by picture or portraiture",
      "onyms": [
        "portraying",
        "depiction",
        "mirror",
        "depicting",
        "representational_process",
        "portrayal"
      ]
    }
  },
  "average_vector": {
    "score": 1.0,
    "time": 1.4478912353515625,
    "start_wsp": {
      "name": "portrayal.n.2",
      "definition": "a representation by picture or portraiture",
      "onyms": [
        "portraying",
        "depiction",
        "mirror",
        "depicting",
        "representational_process",
        "portrayal"
      ]
    },
    "end_wsp": {
      "name": "depicting.n.0",
      "definition": "a representation by picture or portraiture",
      "onyms": [
        "portraying",
        "depiction",
        "mirror",
        "depicting",
        "representational_process",
        "portrayal"
      ]
    }
  },
  "complete_link": {
    "score": 0.11127974838018417,
    "time": 0.0003724098205566406,
    "start_wsp": {
      "name": "portrayal.n.2",
      "definition": "a representation by picture or portraiture",
      "onyms": [
        "portraying",
        "depiction",
        "mirror",
        "depicting",
        "representational_process",
        "portrayal"
      ]
    },
    "end_wsp": {
      "name": "depicting.n.0",
      "definition": "a representation by picture or portraiture",
      "onyms": [
        "portraying",
        "depiction",
        "mirror",
        "depicting",
        "representational_process",
        "portrayal"
      ]
    }
  },
  "single_link": {
    "score": 1.0,
    "time": 0.0003418922424316406,
    "start_wsp": {
      "name": "portrayal.n.0",
      "definition": "a word picture of a person's appearance and character",
      "onyms": [
        "depiction",
        "word-painting",
        "picture",
        "portrait",
        "characterization",
        "portraiture",
        "portrayal",
        "delineation",
        "characterisation",
        "word_picture"
      ]
    },
    "end_wsp": {
      "name": "depicting.n.0",
      "definition": "a representation by picture or portraiture",
      "onyms": [
        "portraying",
        "depiction",
        "mirror",
        "depicting",
        "representational_process",
        "portrayal"
      ]
    }
  },
  "total_vector": {
    "score": 1.0,
    "time": 1.423499584197998,
    "start_wsp": {
      "name": "portrayal.n.2",
      "definition": "a representation by picture or portraiture",
      "onyms": [
        "portraying",
        "depiction",
        "mirror",
        "depicting",
        "representational_process",
        "portrayal"
      ]
    },
    "end_wsp": {
      "name": "depicting.n.0",
      "definition": "a representation by picture or portraiture",
      "onyms": [
        "portraying",
        "depiction",
        "mirror",
        "depicting",
        "representational_process",
        "portrayal"
      ]
    }
  }
}