{
  "average_link": {
    "score": 0.3749454685797294,
    "time": 0.00011873245239257812,
    "start_wsp": {
      "name": "posterior.a.2",
      "definition": "located at or near or behind a part or near the end of a structure",
      "onyms": [
        "posterior"
      ]
    },
    "end_wsp": {
      "name": "ulterior.s.2",
      "definition": "coming at a subsequent time or stage",
      "onyms": [
        "ulterior",
        "later",
        "posterior"
      ]
    }
  },
  "average_vector": {
    "score": 1.0,
    "time": 1.306760549545288,
    "start_wsp": {
      "name": "posterior.s.3",
      "definition": "coming at a subsequent time or stage",
      "onyms": [
        "ulterior",
        "later",
        "posterior"
      ]
    },
    "end_wsp": {
      "name": "ulterior.s.2",
      "definition": "coming at a subsequent time or stage",
      "onyms": [
        "ulterior",
        "later",
        "posterior"
      ]
    }
  },
  "complete_link": {
    "score": 0.11843370646238327,
    "time": 0.00011038780212402344,
    "start_wsp": {
      "name": "posterior.a.2",
      "definition": "located at or near or behind a part or near the end of a structure",
      "onyms": [
        "posterior"
      ]
    },
    "end_wsp": {
      "name": "ulterior.s.1",
      "definition": "beyond or outside an area of immediate interest; remote; ; - G.B.Shaw",
      "onyms": [
        "ulterior"
      ]
    }
  },
  "single_link": {
    "score": 1.0,
    "time": 0.00011134147644042969,
    "start_wsp": {
      "name": "posterior.n.0",
      "definition": "the fleshy part of the human body that you sit on",
      "onyms": [
        "arse",
        "can",
        "derriere",
        "ass",
        "posterior",
        "buttocks",
        "nates",
        "tail",
        "hind_end",
        "keister",
        "hindquarters",
        "bum",
        "stern",
        "buns",
        "backside",
        "prat",
        "trunk",
        "seat",
        "tush",
        "rump",
        "butt",
        "body",
        "fanny",
        "tail_end",
        "behind",
        "torso",
        "rear_end",
        "bottom",
        "body_part",
        "fundament",
        "tooshie",
        "rear"
      ]
    },
    "end_wsp": {
      "name": "ulterior.s.2",
      "definition": "coming at a subsequent time or stage",
      "onyms": [
        "ulterior",
        "later",
        "posterior"
      ]
    }
  },
  "total_vector": {
    "score": 1.0,
    "time": 1.3211309909820557,
    "start_wsp": {
      "name": "posterior.s.3",
      "definition": "coming at a subsequent time or stage",
      "onyms": [
        "ulterior",
        "later",
        "posterior"
      ]
    },
    "end_wsp": {
      "name": "ulterior.s.2",
      "definition": "coming at a subsequent time or stage",
      "onyms": [
        "ulterior",
        "later",
        "posterior"
      ]
    }
  }
}