{
  "average_link": {
    "score": 0.04001827469619457,
    "time": 0.0005786418914794922,
    "start_wsp": {
      "name": "posture.n.3",
      "definition": "capability in terms of personnel and materiel that affect the capacity to fight a war",
      "onyms": [
        "strength",
        "sea_power",
        "capability",
        "firepower",
        "capableness",
        "posture",
        "military_posture",
        "military_capability",
        "military_strength"
      ]
    },
    "end_wsp": {
      "name": "carriage.n.2",
      "definition": "characteristic way of bearing one's body",
      "onyms": [
        "awkwardness",
        "manner_of_walking",
        "carriage",
        "gracefulness",
        "clumsiness",
        "bearing",
        "bodily_property",
        "posture",
        "slouch",
        "walk"
      ]
    }
  },
  "average_vector": {
    "score": 1.0,
    "time": 1.301527738571167,
    "start_wsp": {
      "name": "posture.n.1",
      "definition": "characteristic way of bearing one's body",
      "onyms": [
        "awkwardness",
        "manner_of_walking",
        "carriage",
        "gracefulness",
        "clumsiness",
        "bearing",
        "bodily_property",
        "posture",
        "slouch",
        "walk"
      ]
    },
    "end_wsp": {
      "name": "carriage.n.2",
      "definition": "characteristic way of bearing one's body",
      "onyms": [
        "awkwardness",
        "manner_of_walking",
        "carriage",
        "gracefulness",
        "clumsiness",
        "bearing",
        "bodily_property",
        "posture",
        "slouch",
        "walk"
      ]
    }
  },
  "complete_link": {
    "score": -0.029307490214705467,
    "time": 0.0006117820739746094,
    "start_wsp": {
      "name": "posture.n.1",
      "definition": "characteristic way of bearing one's body",
      "onyms": [
        "awkwardness",
        "manner_of_walking",
        "carriage",
        "gracefulness",
        "clumsiness",
        "bearing",
        "bodily_property",
        "posture",
        "slouch",
        "walk"
      ]
    },
    "end_wsp": {
      "name": "carriage.n.3",
      "definition": "a machine part that carries something else",
      "onyms": [
        "typewriter_carriage",
        "typewriter",
        "carriage",
        "lathe",
        "mechanism"
      ]
    }
  },
  "single_link": {
    "score": 1.0,
    "time": 0.0005598068237304688,
    "start_wsp": {
      "name": "posture.n.0",
      "definition": "the arrangement of the body and its limbs",
      "onyms": [
        "sprawl",
        "missionary_position",
        "posture",
        "lithotomy_position",
        "ballet_position",
        "presentation",
        "position",
        "sprawling",
        "guard",
        "stance",
        "tuck",
        "lotus_position",
        "eversion",
        "order_arms",
        "attitude",
        "asana",
        "pose",
        "bodily_property",
        "ectopia",
        "decubitus"
      ]
    },
    "end_wsp": {
      "name": "carriage.n.2",
      "definition": "characteristic way of bearing one's body",
      "onyms": [
        "awkwardness",
        "manner_of_walking",
        "carriage",
        "gracefulness",
        "clumsiness",
        "bearing",
        "bodily_property",
        "posture",
        "slouch",
        "walk"
      ]
    }
  },
  "total_vector": {
    "score": 1.0,
    "time": 1.3180053234100342,
    "start_wsp": {
      "name": "posture.n.1",
      "definition": "characteristic way of bearing one's body",
      "onyms": [
        "awkwardness",
        "manner_of_walking",
        "carriage",
        "gracefulness",
        "clumsiness",
        "bearing",
        "bodily_property",
        "posture",
        "slouch",
        "walk"
      ]
    },
    "end_wsp": {
      "name": "carriage.n.2",
      "definition": "characteristic way of bearing one's body",
      "onyms": [
        "awkwardness",
        "manner_of_walking",
        "carriage",
        "gracefulness",
        "clumsiness",
        "bearing",
        "bodily_property",
        "posture",
        "slouch",
        "walk"
      ]
    }
  }
}