{
  "average_link": {
    "score": 0.10061230455283765,
    "time": 0.00010943412780761719,
    "start_wsp": {
      "name": "preference.n.3",
      "definition": "grant of favor or advantage to one over another (especially to a country or countries in matters of international trade, such as levying duties)",
      "onyms": [
        "advantage",
        "vantage",
        "preference"
      ]
    },
    "end_wsp": {
      "name": "advantage.v.3",
      "definition": "give an advantage to",
      "onyms": [
        "advantage",
        "favour",
        "favor",
        "prefer"
      ]
    }
  },
  "average_vector": {
    "score": 0.654853880405426,
    "time": 1.350005865097046,
    "start_wsp": {
      "name": "preference.n.3",
      "definition": "grant of favor or advantage to one over another (especially to a country or countries in matters of international trade, such as levying duties)",
      "onyms": [
        "advantage",
        "vantage",
        "preference"
      ]
    },
    "end_wsp": {
      "name": "advantage.n.0",
      "definition": "the quality of having a superior or more favorable position",
      "onyms": [
        "gain",
        "tax_advantage",
        "asset",
        "start",
        "privilege",
        "favorable_position",
        "plus",
        "profitableness",
        "favorableness",
        "expedience",
        "favor",
        "superiority",
        "positivity",
        "expediency",
        "advantageousness",
        "clout",
        "profit",
        "homecourt_advantage",
        "lead",
        "advantage",
        "favourable_position",
        "good",
        "pull",
        "favour",
        "vantage",
        "leverage",
        "head_start",
        "handicap",
        "favourableness",
        "preference",
        "positiveness"
      ]
    }
  },
  "complete_link": {
    "score": 0.07951322942972183,
    "time": 0.00011229515075683594,
    "start_wsp": {
      "name": "preference.n.1",
      "definition": "a predisposition in favor of something",
      "onyms": [
        "orientation",
        "predilection",
        "predisposition",
        "preference"
      ]
    },
    "end_wsp": {
      "name": "advantage.v.3",
      "definition": "give an advantage to",
      "onyms": [
        "advantage",
        "favour",
        "favor",
        "prefer"
      ]
    }
  },
  "single_link": {
    "score": 1.0,
    "time": 0.00010395050048828125,
    "start_wsp": {
      "name": "preference.n.0",
      "definition": "a strong liking",
      "onyms": [
        "taste",
        "liking",
        "penchant",
        "predilection",
        "weakness",
        "preference",
        "acquired_taste"
      ]
    },
    "end_wsp": {
      "name": "advantage.n.0",
      "definition": "the quality of having a superior or more favorable position",
      "onyms": [
        "gain",
        "tax_advantage",
        "asset",
        "start",
        "privilege",
        "favorable_position",
        "plus",
        "profitableness",
        "favorableness",
        "expedience",
        "favor",
        "superiority",
        "positivity",
        "expediency",
        "advantageousness",
        "clout",
        "profit",
        "homecourt_advantage",
        "lead",
        "advantage",
        "favourable_position",
        "good",
        "pull",
        "favour",
        "vantage",
        "leverage",
        "head_start",
        "handicap",
        "favourableness",
        "preference",
        "positiveness"
      ]
    }
  },
  "total_vector": {
    "score": 0.654853880405426,
    "time": 1.3561680316925049,
    "start_wsp": {
      "name": "preference.n.3",
      "definition": "grant of favor or advantage to one over another (especially to a country or countries in matters of international trade, such as levying duties)",
      "onyms": [
        "advantage",
        "vantage",
        "preference"
      ]
    },
    "end_wsp": {
      "name": "advantage.n.0",
      "definition": "the quality of having a superior or more favorable position",
      "onyms": [
        "gain",
        "tax_advantage",
        "asset",
        "start",
        "privilege",
        "favorable_position",
        "plus",
        "profitableness",
        "favorableness",
        "expedience",
        "favor",
        "superiority",
        "positivity",
        "expediency",
        "advantageousness",
        "clout",
        "profit",
        "homecourt_advantage",
        "lead",
        "advantage",
        "favourable_position",
        "good",
        "pull",
        "favour",
        "vantage",
        "leverage",
        "head_start",
        "handicap",
        "favourableness",
        "preference",
        "positiveness"
      ]
    }
  }
}