{
  "average_link": {
    "score": 0.15233254600316287,
    "time": 0.0002410411834716797,
    "start_wsp": {
      "name": "press.v.16",
      "definition": "be urgent",
      "onyms": [
        "press",
        "be"
      ]
    },
    "end_wsp": {
      "name": "weigh.v.3",
      "definition": "have weight; have import, carry weight",
      "onyms": [
        "be",
        "count",
        "weigh",
        "press",
        "matter"
      ]
    }
  },
  "average_vector": {
    "score": 0.9999999403953552,
    "time": 1.3878400325775146,
    "start_wsp": {
      "name": "press.v.11",
      "definition": "to be oppressive or burdensome; ,",
      "onyms": [
        "weigh",
        "press",
        "matter",
        "count"
      ]
    },
    "end_wsp": {
      "name": "weigh.v.4",
      "definition": "to be oppressive or burdensome; ,",
      "onyms": [
        "weigh",
        "press",
        "matter",
        "count"
      ]
    }
  },
  "complete_link": {
    "score": 0.04669522866606712,
    "time": 0.00024437904357910156,
    "start_wsp": {
      "name": "press.n.5",
      "definition": "clamp to prevent wooden rackets from warping when not in use",
      "onyms": [
        "press",
        "clamp",
        "clinch"
      ]
    },
    "end_wsp": {
      "name": "weigh.v.1",
      "definition": "show consideration for; take into account",
      "onyms": [
        "weigh",
        "count",
        "consider"
      ]
    }
  },
  "single_link": {
    "score": 1.0,
    "time": 0.00026035308837890625,
    "start_wsp": {
      "name": "press.n.0",
      "definition": "the state of demanding notice or attention",
      "onyms": [
        "insistency",
        "urgency",
        "pressure",
        "imperativeness",
        "press",
        "insistence"
      ]
    },
    "end_wsp": {
      "name": "weigh.v.3",
      "definition": "have weight; have import, carry weight",
      "onyms": [
        "be",
        "count",
        "weigh",
        "press",
        "matter"
      ]
    }
  },
  "total_vector": {
    "score": 0.9999999403953552,
    "time": 1.3954181671142578,
    "start_wsp": {
      "name": "press.v.11",
      "definition": "to be oppressive or burdensome; ,",
      "onyms": [
        "weigh",
        "press",
        "matter",
        "count"
      ]
    },
    "end_wsp": {
      "name": "weigh.v.4",
      "definition": "to be oppressive or burdensome; ,",
      "onyms": [
        "weigh",
        "press",
        "matter",
        "count"
      ]
    }
  }
}