{
  "average_link": {
    "score": 0.03914106176321015,
    "time": 0.00030422210693359375,
    "start_wsp": {
      "name": "preserver.n.1",
      "definition": "a cook who preserves fruits or meat",
      "onyms": [
        "salter",
        "cook",
        "preserver"
      ]
    },
    "end_wsp": {
      "name": "preservation.n.2",
      "definition": "a process that saves organic substances from decay",
      "onyms": [
        "refrigeration",
        "plastination",
        "fixing",
        "infrigidation",
        "embalmment",
        "biological_process",
        "organic_process",
        "preservation",
        "fixation"
      ]
    }
  },
  "average_vector": {
    "score": 0.37247905135154724,
    "time": 1.3239614963531494,
    "start_wsp": {
      "name": "preserver.n.0",
      "definition": "a skilled worker who is employed to restore or refinish buildings or antique furniture",
      "onyms": [
        "restorer",
        "skilled_worker",
        "renovator",
        "skilled_workman",
        "trained_worker",
        "refinisher",
        "preserver"
      ]
    },
    "end_wsp": {
      "name": "preservation.n.2",
      "definition": "a process that saves organic substances from decay",
      "onyms": [
        "refrigeration",
        "plastination",
        "fixing",
        "infrigidation",
        "embalmment",
        "biological_process",
        "organic_process",
        "preservation",
        "fixation"
      ]
    }
  },
  "complete_link": {
    "score": 0.014055070467293262,
    "time": 0.00029349327087402344,
    "start_wsp": {
      "name": "preserver.n.2",
      "definition": "someone who keeps safe from harm or danger",
      "onyms": [
        "individual",
        "person",
        "protector",
        "defender",
        "somebody",
        "mortal",
        "someone",
        "soul",
        "guardian",
        "shielder",
        "preserver"
      ]
    },
    "end_wsp": {
      "name": "preservation.n.1",
      "definition": "the condition of being (well or ill) preserved",
      "onyms": [
        "preservation",
        "condition",
        "status"
      ]
    }
  },
  "single_link": {
    "score": 0.45187079906463623,
    "time": 0.0004963874816894531,
    "start_wsp": {
      "name": "preserver.n.2",
      "definition": "someone who keeps safe from harm or danger",
      "onyms": [
        "individual",
        "person",
        "protector",
        "defender",
        "somebody",
        "mortal",
        "someone",
        "soul",
        "guardian",
        "shielder",
        "preserver"
      ]
    },
    "end_wsp": {
      "name": "preservation.n.0",
      "definition": "the activity of protecting something from loss or danger",
      "onyms": [
        "immobilisation",
        "environmentalism",
        "self-preservation",
        "reservation",
        "saving",
        "immobilization",
        "conservation",
        "preservation",
        "protection"
      ]
    }
  },
  "total_vector": {
    "score": 0.37247905135154724,
    "time": 1.2909698486328125,
    "start_wsp": {
      "name": "preserver.n.0",
      "definition": "a skilled worker who is employed to restore or refinish buildings or antique furniture",
      "onyms": [
        "restorer",
        "skilled_worker",
        "renovator",
        "skilled_workman",
        "trained_worker",
        "refinisher",
        "preserver"
      ]
    },
    "end_wsp": {
      "name": "preservation.n.2",
      "definition": "a process that saves organic substances from decay",
      "onyms": [
        "refrigeration",
        "plastination",
        "fixing",
        "infrigidation",
        "embalmment",
        "biological_process",
        "organic_process",
        "preservation",
        "fixation"
      ]
    }
  }
}