{
  "average_link": {
    "score": 0.16047087725665835,
    "time": 4.267692565917969e-05,
    "start_wsp": {
      "name": "presence.n.1",
      "definition": "the immediate proximity of someone or something",
      "onyms": [
        "front",
        "presence",
        "proximity"
      ]
    },
    "end_wsp": {
      "name": "proximity.n.2",
      "definition": "a Gestalt principle of organization holding that (other things being equal) objects or events that are near to one another (in space or time) are perceived as belonging together as a unit",
      "onyms": [
        "Gestalt_principle_of_organization",
        "Gestalt_law_of_organization",
        "law_of_proximity",
        "proximity"
      ]
    }
  },
  "average_vector": {
    "score": 0.7960926294326782,
    "time": 1.3170766830444336,
    "start_wsp": {
      "name": "presence.n.1",
      "definition": "the immediate proximity of someone or something",
      "onyms": [
        "front",
        "presence",
        "proximity"
      ]
    },
    "end_wsp": {
      "name": "proximity.n.1",
      "definition": "the region close around a person or thing",
      "onyms": [
        "front",
        "neighbourhood",
        "neck_of_the_woods",
        "presence",
        "locality",
        "neighborhood",
        "vicinity",
        "proximity"
      ]
    }
  },
  "complete_link": {
    "score": 0.1436261087656021,
    "time": 4.00543212890625e-05,
    "start_wsp": {
      "name": "presence.n.5",
      "definition": "the act of being present",
      "onyms": [
        "attending",
        "attendance",
        "presence"
      ]
    },
    "end_wsp": {
      "name": "proximity.n.2",
      "definition": "a Gestalt principle of organization holding that (other things being equal) objects or events that are near to one another (in space or time) are perceived as belonging together as a unit",
      "onyms": [
        "Gestalt_principle_of_organization",
        "Gestalt_law_of_organization",
        "law_of_proximity",
        "proximity"
      ]
    }
  },
  "single_link": {
    "score": 1.0,
    "time": 3.8623809814453125e-05,
    "start_wsp": {
      "name": "presence.n.0",
      "definition": "the state of being present; current existence",
      "onyms": [
        "ubiety",
        "immanency",
        "presence",
        "inherence",
        "occurrence",
        "hereness",
        "being",
        "existence",
        "inherency",
        "omnipresence",
        "beingness",
        "ubiquitousness",
        "immanence",
        "thereness",
        "shadow",
        "ubiquity"
      ]
    },
    "end_wsp": {
      "name": "proximity.n.1",
      "definition": "the region close around a person or thing",
      "onyms": [
        "front",
        "neighbourhood",
        "neck_of_the_woods",
        "presence",
        "locality",
        "neighborhood",
        "vicinity",
        "proximity"
      ]
    }
  },
  "total_vector": {
    "score": 0.796092689037323,
    "time": 1.3232738971710205,
    "start_wsp": {
      "name": "presence.n.1",
      "definition": "the immediate proximity of someone or something",
      "onyms": [
        "front",
        "presence",
        "proximity"
      ]
    },
    "end_wsp": {
      "name": "proximity.n.1",
      "definition": "the region close around a person or thing",
      "onyms": [
        "front",
        "neighbourhood",
        "neck_of_the_woods",
        "presence",
        "locality",
        "neighborhood",
        "vicinity",
        "proximity"
      ]
    }
  }
}