{
  "average_link": {
    "score": 0.30460434034466743,
    "time": 0.0003235340118408203,
    "start_wsp": {
      "name": "privilege.n.2",
      "definition": "(law) the right to refuse to divulge information obtained in a confidential relationship",
      "onyms": [
        "attorney-client_privilege",
        "journalist's_privilege",
        "priest-penitent_privilege",
        "husband-wife_privilege",
        "informer's_privilege",
        "marital_communications_privilege",
        "privilege",
        "right",
        "physician-patient_privilege"
      ]
    },
    "end_wsp": {
      "name": "right.v.10",
      "definition": "regain an upright or proper position",
      "onyms": [
        "right",
        "change_posture"
      ]
    }
  },
  "average_vector": {
    "score": 0.7059984803199768,
    "time": 6.106454372406006,
    "start_wsp": {
      "name": "privilege.n.1",
      "definition": "a right reserved exclusively by a particular person or group (especially a hereditary or official right)",
      "onyms": [
        "easement",
        "prerogative",
        "exclusive_right",
        "privilege",
        "perquisite",
        "privilege_of_the_floor",
        "right"
      ]
    },
    "end_wsp": {
      "name": "right.n.0",
      "definition": "an abstract idea of that which is due to a person or governmental body by law or tradition or nature; ; - Eleanor Roosevelt",
      "onyms": [
        "floor",
        "right_of_search",
        "riparian_right",
        "voting_right",
        "privilege",
        "accession",
        "admission",
        "states'_rights",
        "representation",
        "human_right",
        "admittance",
        "prerogative",
        "abstraction",
        "perquisite",
        "due",
        "title",
        "right_of_action",
        "access",
        "water_right",
        "abstract",
        "entree",
        "legal_right",
        "pre-emption",
        "preemption",
        "exclusive_right",
        "grant",
        "cabotage",
        "claim",
        "advowson",
        "right_of_way",
        "right"
      ]
    }
  },
  "complete_link": {
    "score": 0.21841736137866974,
    "time": 0.0001957416534423828,
    "start_wsp": {
      "name": "privilege.n.2",
      "definition": "(law) the right to refuse to divulge information obtained in a confidential relationship",
      "onyms": [
        "attorney-client_privilege",
        "journalist's_privilege",
        "priest-penitent_privilege",
        "husband-wife_privilege",
        "informer's_privilege",
        "marital_communications_privilege",
        "privilege",
        "right",
        "physician-patient_privilege"
      ]
    },
    "end_wsp": {
      "name": "right.v.10",
      "definition": "regain an upright or proper position",
      "onyms": [
        "right",
        "change_posture"
      ]
    }
  },
  "single_link": {
    "score": 1.0,
    "time": 0.00017905235290527344,
    "start_wsp": {
      "name": "privilege.n.1",
      "definition": "a right reserved exclusively by a particular person or group (especially a hereditary or official right)",
      "onyms": [
        "easement",
        "prerogative",
        "exclusive_right",
        "privilege",
        "perquisite",
        "privilege_of_the_floor",
        "right"
      ]
    },
    "end_wsp": {
      "name": "right.n.0",
      "definition": "an abstract idea of that which is due to a person or governmental body by law or tradition or nature; ; - Eleanor Roosevelt",
      "onyms": [
        "floor",
        "right_of_search",
        "riparian_right",
        "voting_right",
        "privilege",
        "accession",
        "admission",
        "states'_rights",
        "representation",
        "human_right",
        "admittance",
        "prerogative",
        "abstraction",
        "perquisite",
        "due",
        "title",
        "right_of_action",
        "access",
        "water_right",
        "abstract",
        "entree",
        "legal_right",
        "pre-emption",
        "preemption",
        "exclusive_right",
        "grant",
        "cabotage",
        "claim",
        "advowson",
        "right_of_way",
        "right"
      ]
    }
  },
  "total_vector": {
    "score": 0.7059984803199768,
    "time": 6.9155495166778564,
    "start_wsp": {
      "name": "privilege.n.1",
      "definition": "a right reserved exclusively by a particular person or group (especially a hereditary or official right)",
      "onyms": [
        "easement",
        "prerogative",
        "exclusive_right",
        "privilege",
        "perquisite",
        "privilege_of_the_floor",
        "right"
      ]
    },
    "end_wsp": {
      "name": "right.n.0",
      "definition": "an abstract idea of that which is due to a person or governmental body by law or tradition or nature; ; - Eleanor Roosevelt",
      "onyms": [
        "floor",
        "right_of_search",
        "riparian_right",
        "voting_right",
        "privilege",
        "accession",
        "admission",
        "states'_rights",
        "representation",
        "human_right",
        "admittance",
        "prerogative",
        "abstraction",
        "perquisite",
        "due",
        "title",
        "right_of_action",
        "access",
        "water_right",
        "abstract",
        "entree",
        "legal_right",
        "pre-emption",
        "preemption",
        "exclusive_right",
        "grant",
        "cabotage",
        "claim",
        "advowson",
        "right_of_way",
        "right"
      ]
    }
  }
}