{
  "average_link": {
    "score": 0.2125765448086895,
    "time": 0.0002872943878173828,
    "start_wsp": {
      "name": "project.v.6",
      "definition": "cause to be heard",
      "onyms": [
        "project",
        "cause_to_be_perceived"
      ]
    },
    "end_wsp": {
      "name": "task.n.0",
      "definition": "any piece of work that is undertaken or attempted",
      "onyms": [
        "labor_of_love",
        "endurance_contest",
        "enterprise",
        "dangerous_undertaking",
        "assignment",
        "Manhattan_Project",
        "labour_of_love",
        "escapade",
        "duck_soup",
        "walkover",
        "project",
        "task",
        "no-brainer",
        "pushover",
        "venture",
        "work",
        "adventure",
        "endeavour",
        "child's_play",
        "breeze",
        "endeavor",
        "marathon",
        "baby",
        "large_order",
        "snap",
        "tall_order",
        "undertaking",
        "picnic",
        "piece_of_cake",
        "cinch",
        "proposition",
        "risky_venture",
        "labor"
      ]
    }
  },
  "average_vector": {
    "score": 1.0,
    "time": 7.425832748413086,
    "start_wsp": {
      "name": "project.n.0",
      "definition": "any piece of work that is undertaken or attempted",
      "onyms": [
        "labor_of_love",
        "endurance_contest",
        "enterprise",
        "dangerous_undertaking",
        "assignment",
        "Manhattan_Project",
        "labour_of_love",
        "escapade",
        "duck_soup",
        "walkover",
        "project",
        "task",
        "no-brainer",
        "pushover",
        "venture",
        "work",
        "adventure",
        "endeavour",
        "child's_play",
        "breeze",
        "endeavor",
        "marathon",
        "baby",
        "large_order",
        "snap",
        "tall_order",
        "undertaking",
        "picnic",
        "piece_of_cake",
        "cinch",
        "proposition",
        "risky_venture",
        "labor"
      ]
    },
    "end_wsp": {
      "name": "task.n.0",
      "definition": "any piece of work that is undertaken or attempted",
      "onyms": [
        "labor_of_love",
        "endurance_contest",
        "enterprise",
        "dangerous_undertaking",
        "assignment",
        "Manhattan_Project",
        "labour_of_love",
        "escapade",
        "duck_soup",
        "walkover",
        "project",
        "task",
        "no-brainer",
        "pushover",
        "venture",
        "work",
        "adventure",
        "endeavour",
        "child's_play",
        "breeze",
        "endeavor",
        "marathon",
        "baby",
        "large_order",
        "snap",
        "tall_order",
        "undertaking",
        "picnic",
        "piece_of_cake",
        "cinch",
        "proposition",
        "risky_venture",
        "labor"
      ]
    }
  },
  "complete_link": {
    "score": 0.03354789689183235,
    "time": 0.0002789497375488281,
    "start_wsp": {
      "name": "project.v.2",
      "definition": "communicate vividly",
      "onyms": [
        "intercommunicate",
        "project",
        "communicate"
      ]
    },
    "end_wsp": {
      "name": "task.v.2",
      "definition": "assign a task to",
      "onyms": [
        "delegate",
        "task",
        "depute",
        "assign",
        "designate"
      ]
    }
  },
  "single_link": {
    "score": 1.0000001192092896,
    "time": 0.000274658203125,
    "start_wsp": {
      "name": "project.n.0",
      "definition": "any piece of work that is undertaken or attempted",
      "onyms": [
        "labor_of_love",
        "endurance_contest",
        "enterprise",
        "dangerous_undertaking",
        "assignment",
        "Manhattan_Project",
        "labour_of_love",
        "escapade",
        "duck_soup",
        "walkover",
        "project",
        "task",
        "no-brainer",
        "pushover",
        "venture",
        "work",
        "adventure",
        "endeavour",
        "child's_play",
        "breeze",
        "endeavor",
        "marathon",
        "baby",
        "large_order",
        "snap",
        "tall_order",
        "undertaking",
        "picnic",
        "piece_of_cake",
        "cinch",
        "proposition",
        "risky_venture",
        "labor"
      ]
    },
    "end_wsp": {
      "name": "task.n.0",
      "definition": "any piece of work that is undertaken or attempted",
      "onyms": [
        "labor_of_love",
        "endurance_contest",
        "enterprise",
        "dangerous_undertaking",
        "assignment",
        "Manhattan_Project",
        "labour_of_love",
        "escapade",
        "duck_soup",
        "walkover",
        "project",
        "task",
        "no-brainer",
        "pushover",
        "venture",
        "work",
        "adventure",
        "endeavour",
        "child's_play",
        "breeze",
        "endeavor",
        "marathon",
        "baby",
        "large_order",
        "snap",
        "tall_order",
        "undertaking",
        "picnic",
        "piece_of_cake",
        "cinch",
        "proposition",
        "risky_venture",
        "labor"
      ]
    }
  },
  "total_vector": {
    "score": 1.0,
    "time": 7.767391920089722,
    "start_wsp": {
      "name": "project.n.0",
      "definition": "any piece of work that is undertaken or attempted",
      "onyms": [
        "labor_of_love",
        "endurance_contest",
        "enterprise",
        "dangerous_undertaking",
        "assignment",
        "Manhattan_Project",
        "labour_of_love",
        "escapade",
        "duck_soup",
        "walkover",
        "project",
        "task",
        "no-brainer",
        "pushover",
        "venture",
        "work",
        "adventure",
        "endeavour",
        "child's_play",
        "breeze",
        "endeavor",
        "marathon",
        "baby",
        "large_order",
        "snap",
        "tall_order",
        "undertaking",
        "picnic",
        "piece_of_cake",
        "cinch",
        "proposition",
        "risky_venture",
        "labor"
      ]
    },
    "end_wsp": {
      "name": "task.n.0",
      "definition": "any piece of work that is undertaken or attempted",
      "onyms": [
        "labor_of_love",
        "endurance_contest",
        "enterprise",
        "dangerous_undertaking",
        "assignment",
        "Manhattan_Project",
        "labour_of_love",
        "escapade",
        "duck_soup",
        "walkover",
        "project",
        "task",
        "no-brainer",
        "pushover",
        "venture",
        "work",
        "adventure",
        "endeavour",
        "child's_play",
        "breeze",
        "endeavor",
        "marathon",
        "baby",
        "large_order",
        "snap",
        "tall_order",
        "undertaking",
        "picnic",
        "piece_of_cake",
        "cinch",
        "proposition",
        "risky_venture",
        "labor"
      ]
    }
  }
}