{
  "average_link": {
    "score": 0.16165143872300783,
    "time": 0.0006463527679443359,
    "start_wsp": {
      "name": "prolongation.n.1",
      "definition": "amount or degree or range to which something extends",
      "onyms": [
        "lengthiness",
        "coextension",
        "longness",
        "extension",
        "prolongation"
      ]
    },
    "end_wsp": {
      "name": "extension.n.8",
      "definition": "amount or degree or range to which something extends",
      "onyms": [
        "lengthiness",
        "coextension",
        "longness",
        "extension",
        "prolongation"
      ]
    }
  },
  "average_vector": {
    "score": 1.0,
    "time": 1.3712656497955322,
    "start_wsp": {
      "name": "prolongation.n.1",
      "definition": "amount or degree or range to which something extends",
      "onyms": [
        "lengthiness",
        "coextension",
        "longness",
        "extension",
        "prolongation"
      ]
    },
    "end_wsp": {
      "name": "extension.n.8",
      "definition": "amount or degree or range to which something extends",
      "onyms": [
        "lengthiness",
        "coextension",
        "longness",
        "extension",
        "prolongation"
      ]
    }
  },
  "complete_link": {
    "score": 0.10382817685604095,
    "time": 0.0006067752838134766,
    "start_wsp": {
      "name": "prolongation.n.0",
      "definition": "the act of prolonging something",
      "onyms": [
        "lengthening",
        "perpetuation",
        "protraction",
        "continuation",
        "prolongation",
        "continuance"
      ]
    },
    "end_wsp": {
      "name": "extension.n.8",
      "definition": "amount or degree or range to which something extends",
      "onyms": [
        "lengthiness",
        "coextension",
        "longness",
        "extension",
        "prolongation"
      ]
    }
  },
  "single_link": {
    "score": 1.0,
    "time": 0.0005941390991210938,
    "start_wsp": {
      "name": "prolongation.n.0",
      "definition": "the act of prolonging something",
      "onyms": [
        "lengthening",
        "perpetuation",
        "protraction",
        "continuation",
        "prolongation",
        "continuance"
      ]
    },
    "end_wsp": {
      "name": "extension.n.8",
      "definition": "amount or degree or range to which something extends",
      "onyms": [
        "lengthiness",
        "coextension",
        "longness",
        "extension",
        "prolongation"
      ]
    }
  },
  "total_vector": {
    "score": 1.0,
    "time": 1.3761913776397705,
    "start_wsp": {
      "name": "prolongation.n.1",
      "definition": "amount or degree or range to which something extends",
      "onyms": [
        "lengthiness",
        "coextension",
        "longness",
        "extension",
        "prolongation"
      ]
    },
    "end_wsp": {
      "name": "extension.n.8",
      "definition": "amount or degree or range to which something extends",
      "onyms": [
        "lengthiness",
        "coextension",
        "longness",
        "extension",
        "prolongation"
      ]
    }
  }
}