{
  "average_link": {
    "score": 0.3663662001490593,
    "time": 0.0012218952178955078,
    "start_wsp": {
      "name": "punted.v.0",
      "definition": "kick the ball",
      "onyms": [
        "punt",
        "kick"
      ]
    },
    "end_wsp": {
      "name": "punt.v.3",
      "definition": "kick the ball",
      "onyms": [
        "punt",
        "kick"
      ]
    }
  },
  "average_vector": {
    "score": 1.0,
    "time": 5.58065128326416,
    "start_wsp": {
      "name": "punted.v.2",
      "definition": "place a bet on",
      "onyms": [
        "game",
        "bet_on",
        "stake",
        "double_up",
        "wager",
        "ante",
        "play",
        "back",
        "parlay",
        "gage",
        "punt",
        "bet"
      ]
    },
    "end_wsp": {
      "name": "punt.v.5",
      "definition": "place a bet on",
      "onyms": [
        "game",
        "bet_on",
        "stake",
        "double_up",
        "wager",
        "ante",
        "play",
        "back",
        "parlay",
        "gage",
        "punt",
        "bet"
      ]
    }
  },
  "complete_link": {
    "score": 0.46546483039855957,
    "time": 0.0011487007141113281,
    "start_wsp": {
      "name": "punted.v.0",
      "definition": "kick the ball",
      "onyms": [
        "punt",
        "kick"
      ]
    },
    "end_wsp": {
      "name": "punt.v.3",
      "definition": "kick the ball",
      "onyms": [
        "punt",
        "kick"
      ]
    }
  },
  "single_link": {
    "score": 1.0,
    "time": 0.001056671142578125,
    "start_wsp": {
      "name": "punted.v.0",
      "definition": "kick the ball",
      "onyms": [
        "punt",
        "kick"
      ]
    },
    "end_wsp": {
      "name": "punt.n.0",
      "definition": "formerly the basic unit of money in Ireland; equal to 100 pence",
      "onyms": [
        "Irish_monetary_unit",
        "pound",
        "penny",
        "punt",
        "Irish_pound",
        "Irish_punt"
      ]
    }
  },
  "total_vector": {
    "score": 1.0,
    "time": 6.06172513961792,
    "start_wsp": {
      "name": "punted.v.2",
      "definition": "place a bet on",
      "onyms": [
        "game",
        "bet_on",
        "stake",
        "double_up",
        "wager",
        "ante",
        "play",
        "back",
        "parlay",
        "gage",
        "punt",
        "bet"
      ]
    },
    "end_wsp": {
      "name": "punt.v.5",
      "definition": "place a bet on",
      "onyms": [
        "game",
        "bet_on",
        "stake",
        "double_up",
        "wager",
        "ante",
        "play",
        "back",
        "parlay",
        "gage",
        "punt",
        "bet"
      ]
    }
  }
}