{
  "average_link": {
    "score": 0.15490051276153988,
    "time": 6.580352783203125e-05,
    "start_wsp": {
      "name": "queue.n.0",
      "definition": "a line of people or vehicles waiting for something",
      "onyms": [
        "waiting_line",
        "gas_line",
        "unemployment_line",
        "chow_line",
        "checkout_line",
        "bread_line",
        "line",
        "breadline",
        "ticket_line",
        "queue",
        "reception_line"
      ]
    },
    "end_wsp": {
      "name": "line.n.23",
      "definition": "space for one line of print (one column wide and 1/14 inch deep) used to measure advertising",
      "onyms": [
        "agate_line",
        "area_unit",
        "line",
        "square_measure"
      ]
    }
  },
  "average_vector": {
    "score": 0.5902369022369385,
    "time": 1.3075001239776611,
    "start_wsp": {
      "name": "queue.v.3",
      "definition": "form a queue, form a line, stand in line",
      "onyms": [
        "stand_up",
        "line_up",
        "queue_up",
        "queue",
        "stand"
      ]
    },
    "end_wsp": {
      "name": "line.n.2",
      "definition": "a formation of people or things one behind another",
      "onyms": [
        "waiting_line",
        "line_of_succession",
        "queue",
        "trap_line",
        "file",
        "single_file",
        "line",
        "diagonal",
        "line_of_march",
        "conga_line",
        "formation",
        "picket_line",
        "Indian_file"
      ]
    }
  },
  "complete_link": {
    "score": 0.2516067922115326,
    "time": 6.4849853515625e-05,
    "start_wsp": {
      "name": "queue.v.3",
      "definition": "form a queue, form a line, stand in line",
      "onyms": [
        "stand_up",
        "line_up",
        "queue_up",
        "queue",
        "stand"
      ]
    },
    "end_wsp": {
      "name": "line.n.23",
      "definition": "space for one line of print (one column wide and 1/14 inch deep) used to measure advertising",
      "onyms": [
        "agate_line",
        "area_unit",
        "line",
        "square_measure"
      ]
    }
  },
  "single_link": {
    "score": 1.0,
    "time": 7.104873657226562e-05,
    "start_wsp": {
      "name": "queue.n.0",
      "definition": "a line of people or vehicles waiting for something",
      "onyms": [
        "waiting_line",
        "gas_line",
        "unemployment_line",
        "chow_line",
        "checkout_line",
        "bread_line",
        "line",
        "breadline",
        "ticket_line",
        "queue",
        "reception_line"
      ]
    },
    "end_wsp": {
      "name": "line.n.0",
      "definition": "a formation of people or things one beside another",
      "onyms": [
        "row",
        "rivet_line",
        "chorus",
        "line",
        "chorus_line",
        "diagonal",
        "rank",
        "lineup",
        "formation",
        "linemen"
      ]
    }
  },
  "total_vector": {
    "score": 0.5902369022369385,
    "time": 1.311558485031128,
    "start_wsp": {
      "name": "queue.v.3",
      "definition": "form a queue, form a line, stand in line",
      "onyms": [
        "stand_up",
        "line_up",
        "queue_up",
        "queue",
        "stand"
      ]
    },
    "end_wsp": {
      "name": "line.n.2",
      "definition": "a formation of people or things one behind another",
      "onyms": [
        "waiting_line",
        "line_of_succession",
        "queue",
        "trap_line",
        "file",
        "single_file",
        "line",
        "diagonal",
        "line_of_march",
        "conga_line",
        "formation",
        "picket_line",
        "Indian_file"
      ]
    }
  }
}