{
  "average_link": {
    "score": 0.11407493590377271,
    "time": 0.00019311904907226562,
    "start_wsp": {
      "name": "quivered.v.0",
      "definition": "shake with fast, tremulous movements",
      "onyms": [
        "tremble",
        "quake",
        "quiver",
        "palpitate"
      ]
    },
    "end_wsp": {
      "name": "quiver.v.4",
      "definition": "shake with fast, tremulous movements",
      "onyms": [
        "tremble",
        "quake",
        "quiver",
        "palpitate"
      ]
    }
  },
  "average_vector": {
    "score": 1.0,
    "time": 1.3403089046478271,
    "start_wsp": {
      "name": "quivered.v.1",
      "definition": "move back and forth very rapidly",
      "onyms": [
        "flitter",
        "flicker",
        "waver",
        "flutter",
        "quiver",
        "move_back_and_forth"
      ]
    },
    "end_wsp": {
      "name": "quiver.v.5",
      "definition": "move back and forth very rapidly",
      "onyms": [
        "flitter",
        "flicker",
        "waver",
        "flutter",
        "quiver",
        "move_back_and_forth"
      ]
    }
  },
  "complete_link": {
    "score": 0.1668480485677719,
    "time": 0.0002014636993408203,
    "start_wsp": {
      "name": "quivered.v.1",
      "definition": "move back and forth very rapidly",
      "onyms": [
        "flitter",
        "flicker",
        "waver",
        "flutter",
        "quiver",
        "move_back_and_forth"
      ]
    },
    "end_wsp": {
      "name": "quiver.v.5",
      "definition": "move back and forth very rapidly",
      "onyms": [
        "flitter",
        "flicker",
        "waver",
        "flutter",
        "quiver",
        "move_back_and_forth"
      ]
    }
  },
  "single_link": {
    "score": 1.0,
    "time": 0.00017714500427246094,
    "start_wsp": {
      "name": "quivered.v.0",
      "definition": "shake with fast, tremulous movements",
      "onyms": [
        "tremble",
        "quake",
        "quiver",
        "palpitate"
      ]
    },
    "end_wsp": {
      "name": "quiver.n.0",
      "definition": "an almost pleasurable sensation of fright",
      "onyms": [
        "fright",
        "shiver",
        "tingle",
        "shudder",
        "fearfulness",
        "chill",
        "quiver",
        "frisson",
        "fear",
        "thrill"
      ]
    }
  },
  "total_vector": {
    "score": 1.0,
    "time": 1.3319964408874512,
    "start_wsp": {
      "name": "quivered.v.1",
      "definition": "move back and forth very rapidly",
      "onyms": [
        "flitter",
        "flicker",
        "waver",
        "flutter",
        "quiver",
        "move_back_and_forth"
      ]
    },
    "end_wsp": {
      "name": "quiver.v.5",
      "definition": "move back and forth very rapidly",
      "onyms": [
        "flitter",
        "flicker",
        "waver",
        "flutter",
        "quiver",
        "move_back_and_forth"
      ]
    }
  }
}