{
  "average_link": {
    "score": 0.044652401303340285,
    "time": 0.0001266002655029297,
    "start_wsp": {
      "name": "recline.v.2",
      "definition": "lean in a comfortable resting position",
      "onyms": [
        "lie",
        "recline",
        "repose",
        "rest",
        "recumb"
      ]
    },
    "end_wsp": {
      "name": "bend.v.9",
      "definition": "bend one's back forward from the waist on down",
      "onyms": [
        "stoop",
        "bow",
        "bend",
        "crouch",
        "squinch",
        "cower",
        "huddle",
        "flex"
      ]
    }
  },
  "average_vector": {
    "score": 0.748199462890625,
    "time": 5.611934423446655,
    "start_wsp": {
      "name": "recline.v.0",
      "definition": "move the upper body backwards and down",
      "onyms": [
        "lean_back",
        "tilt",
        "lean",
        "tip",
        "recline",
        "fall_back",
        "angle",
        "slant"
      ]
    },
    "end_wsp": {
      "name": "bend.v.6",
      "definition": "form a curve",
      "onyms": [
        "stoop",
        "bow",
        "bend",
        "replicate",
        "cower",
        "curl",
        "curl_up",
        "slant",
        "change_shape",
        "change_form",
        "double_over",
        "tilt",
        "draw_in",
        "crook",
        "fawn",
        "crawl",
        "crouch",
        "lean",
        "tip",
        "creep",
        "cringe",
        "grovel",
        "retroflex",
        "arc",
        "flex",
        "angle",
        "arch",
        "double_up",
        "deform",
        "double",
        "incurvate",
        "curve"
      ]
    }
  },
  "complete_link": {
    "score": 0.19242985546588898,
    "time": 0.0001366138458251953,
    "start_wsp": {
      "name": "recline.v.0",
      "definition": "move the upper body backwards and down",
      "onyms": [
        "lean_back",
        "tilt",
        "lean",
        "tip",
        "recline",
        "fall_back",
        "angle",
        "slant"
      ]
    },
    "end_wsp": {
      "name": "bend.v.7",
      "definition": "change direction",
      "onyms": [
        "turn",
        "bend"
      ]
    }
  },
  "single_link": {
    "score": 1.0,
    "time": 0.00012683868408203125,
    "start_wsp": {
      "name": "recline.v.0",
      "definition": "move the upper body backwards and down",
      "onyms": [
        "lean_back",
        "tilt",
        "lean",
        "tip",
        "recline",
        "fall_back",
        "angle",
        "slant"
      ]
    },
    "end_wsp": {
      "name": "bend.v.6",
      "definition": "form a curve",
      "onyms": [
        "stoop",
        "bow",
        "bend",
        "replicate",
        "cower",
        "curl",
        "curl_up",
        "slant",
        "change_shape",
        "change_form",
        "double_over",
        "tilt",
        "draw_in",
        "crook",
        "fawn",
        "crawl",
        "crouch",
        "lean",
        "tip",
        "creep",
        "cringe",
        "grovel",
        "retroflex",
        "arc",
        "flex",
        "angle",
        "arch",
        "double_up",
        "deform",
        "double",
        "incurvate",
        "curve"
      ]
    }
  },
  "total_vector": {
    "score": 0.748199462890625,
    "time": 5.758819103240967,
    "start_wsp": {
      "name": "recline.v.0",
      "definition": "move the upper body backwards and down",
      "onyms": [
        "lean_back",
        "tilt",
        "lean",
        "tip",
        "recline",
        "fall_back",
        "angle",
        "slant"
      ]
    },
    "end_wsp": {
      "name": "bend.v.6",
      "definition": "form a curve",
      "onyms": [
        "stoop",
        "bow",
        "bend",
        "replicate",
        "cower",
        "curl",
        "curl_up",
        "slant",
        "change_shape",
        "change_form",
        "double_over",
        "tilt",
        "draw_in",
        "crook",
        "fawn",
        "crawl",
        "crouch",
        "lean",
        "tip",
        "creep",
        "cringe",
        "grovel",
        "retroflex",
        "arc",
        "flex",
        "angle",
        "arch",
        "double_up",
        "deform",
        "double",
        "incurvate",
        "curve"
      ]
    }
  }
}