{
  "average_link": {
    "score": 0.22088784724473953,
    "time": 5.054473876953125e-05,
    "start_wsp": {
      "name": "recollection.n.2",
      "definition": "something recalled to the mind",
      "onyms": [
        "memory",
        "recollection"
      ]
    },
    "end_wsp": {
      "name": "memory.n.4",
      "definition": "the area of cognitive psychology that studies memory processes",
      "onyms": [
        "memory",
        "cognitive_psychology"
      ]
    }
  },
  "average_vector": {
    "score": 0.914513349533081,
    "time": 1.3916802406311035,
    "start_wsp": {
      "name": "recollection.n.0",
      "definition": "the ability to recall past occurrences",
      "onyms": [
        "remembrance",
        "anamnesis",
        "retention",
        "memory",
        "retentiveness",
        "retentivity",
        "recollection"
      ]
    },
    "end_wsp": {
      "name": "memory.n.2",
      "definition": "the power of retaining and recalling past experience",
      "onyms": [
        "remembrance",
        "anamnesis",
        "mental_faculty",
        "recollection",
        "module",
        "retention",
        "memory",
        "retentiveness",
        "retentivity",
        "faculty"
      ]
    }
  },
  "complete_link": {
    "score": 0.1663505882024765,
    "time": 5.316734313964844e-05,
    "start_wsp": {
      "name": "recollection.n.2",
      "definition": "something recalled to the mind",
      "onyms": [
        "memory",
        "recollection"
      ]
    },
    "end_wsp": {
      "name": "memory.n.4",
      "definition": "the area of cognitive psychology that studies memory processes",
      "onyms": [
        "memory",
        "cognitive_psychology"
      ]
    }
  },
  "single_link": {
    "score": 1.0,
    "time": 4.935264587402344e-05,
    "start_wsp": {
      "name": "recollection.n.0",
      "definition": "the ability to recall past occurrences",
      "onyms": [
        "remembrance",
        "anamnesis",
        "retention",
        "memory",
        "retentiveness",
        "retentivity",
        "recollection"
      ]
    },
    "end_wsp": {
      "name": "memory.n.0",
      "definition": "something that is remembered",
      "onyms": [
        "reminiscence",
        "engram",
        "memory_trace",
        "screen_memory",
        "representation",
        "mental_representation",
        "memory",
        "internal_representation",
        "recollection",
        "confabulation"
      ]
    }
  },
  "total_vector": {
    "score": 0.914513349533081,
    "time": 1.3955070972442627,
    "start_wsp": {
      "name": "recollection.n.0",
      "definition": "the ability to recall past occurrences",
      "onyms": [
        "remembrance",
        "anamnesis",
        "retention",
        "memory",
        "retentiveness",
        "retentivity",
        "recollection"
      ]
    },
    "end_wsp": {
      "name": "memory.n.2",
      "definition": "the power of retaining and recalling past experience",
      "onyms": [
        "remembrance",
        "anamnesis",
        "mental_faculty",
        "recollection",
        "module",
        "retention",
        "memory",
        "retentiveness",
        "retentivity",
        "faculty"
      ]
    }
  }
}