{
  "average_link": {
    "score": 0.04615490823718054,
    "time": 0.00029540061950683594,
    "start_wsp": {
      "name": "recovery.n.0",
      "definition": "return to an original state",
      "onyms": [
        "betterment",
        "advance",
        "recovery",
        "improvement"
      ]
    },
    "end_wsp": {
      "name": "recover.v.2",
      "definition": "regain a former condition after a financial loss",
      "onyms": [
        "go_back",
        "recover",
        "rebound",
        "regress",
        "retrovert",
        "turn_back",
        "revert",
        "rally",
        "recuperate",
        "return"
      ]
    }
  },
  "average_vector": {
    "score": 0.6060928702354431,
    "time": 1.3853626251220703,
    "start_wsp": {
      "name": "recovery.n.1",
      "definition": "gradual healing (through rest) after sickness or injury",
      "onyms": [
        "recuperation",
        "convalescence",
        "recovery",
        "rally",
        "lysis",
        "healing"
      ]
    },
    "end_wsp": {
      "name": "recover.v.2",
      "definition": "regain a former condition after a financial loss",
      "onyms": [
        "go_back",
        "recover",
        "rebound",
        "regress",
        "retrovert",
        "turn_back",
        "revert",
        "rally",
        "recuperate",
        "return"
      ]
    }
  },
  "complete_link": {
    "score": 0.0646163746714592,
    "time": 0.00031447410583496094,
    "start_wsp": {
      "name": "recovery.n.0",
      "definition": "return to an original state",
      "onyms": [
        "betterment",
        "advance",
        "recovery",
        "improvement"
      ]
    },
    "end_wsp": {
      "name": "recover.v.2",
      "definition": "regain a former condition after a financial loss",
      "onyms": [
        "go_back",
        "recover",
        "rebound",
        "regress",
        "retrovert",
        "turn_back",
        "revert",
        "rally",
        "recuperate",
        "return"
      ]
    }
  },
  "single_link": {
    "score": 1.0,
    "time": 0.0002880096435546875,
    "start_wsp": {
      "name": "recovery.n.1",
      "definition": "gradual healing (through rest) after sickness or injury",
      "onyms": [
        "recuperation",
        "convalescence",
        "recovery",
        "rally",
        "lysis",
        "healing"
      ]
    },
    "end_wsp": {
      "name": "recover.v.2",
      "definition": "regain a former condition after a financial loss",
      "onyms": [
        "go_back",
        "recover",
        "rebound",
        "regress",
        "retrovert",
        "turn_back",
        "revert",
        "rally",
        "recuperate",
        "return"
      ]
    }
  },
  "total_vector": {
    "score": 0.6060928702354431,
    "time": 1.4008679389953613,
    "start_wsp": {
      "name": "recovery.n.1",
      "definition": "gradual healing (through rest) after sickness or injury",
      "onyms": [
        "recuperation",
        "convalescence",
        "recovery",
        "rally",
        "lysis",
        "healing"
      ]
    },
    "end_wsp": {
      "name": "recover.v.2",
      "definition": "regain a former condition after a financial loss",
      "onyms": [
        "go_back",
        "recover",
        "rebound",
        "regress",
        "retrovert",
        "turn_back",
        "revert",
        "rally",
        "recuperate",
        "return"
      ]
    }
  }
}