{
  "average_link": {
    "score": 0.196249895170331,
    "time": 0.0006597042083740234,
    "start_wsp": {
      "name": "regressed.v.0",
      "definition": "go back to a statistical means",
      "onyms": [
        "regress",
        "change"
      ]
    },
    "end_wsp": {
      "name": "regression.n.3",
      "definition": "returning to a former state",
      "onyms": [
        "regression",
        "regress",
        "retrogression",
        "retroversion",
        "reversal",
        "reversion"
      ]
    }
  },
  "average_vector": {
    "score": 0.7232707142829895,
    "time": 1.5244345664978027,
    "start_wsp": {
      "name": "regressed.v.0",
      "definition": "go back to a statistical means",
      "onyms": [
        "regress",
        "change"
      ]
    },
    "end_wsp": {
      "name": "regression.n.3",
      "definition": "returning to a former state",
      "onyms": [
        "regression",
        "regress",
        "retrogression",
        "retroversion",
        "reversal",
        "reversion"
      ]
    }
  },
  "complete_link": {
    "score": 0.12404317408800125,
    "time": 0.0004620552062988281,
    "start_wsp": {
      "name": "regressed.v.0",
      "definition": "go back to a statistical means",
      "onyms": [
        "regress",
        "change"
      ]
    },
    "end_wsp": {
      "name": "regression.n.3",
      "definition": "returning to a former state",
      "onyms": [
        "regression",
        "regress",
        "retrogression",
        "retroversion",
        "reversal",
        "reversion"
      ]
    }
  },
  "single_link": {
    "score": 1.0,
    "time": 0.0004475116729736328,
    "start_wsp": {
      "name": "regressed.v.0",
      "definition": "go back to a statistical means",
      "onyms": [
        "regress",
        "change"
      ]
    },
    "end_wsp": {
      "name": "regression.n.3",
      "definition": "returning to a former state",
      "onyms": [
        "regression",
        "regress",
        "retrogression",
        "retroversion",
        "reversal",
        "reversion"
      ]
    }
  },
  "total_vector": {
    "score": 0.7232707142829895,
    "time": 1.5415880680084229,
    "start_wsp": {
      "name": "regressed.v.0",
      "definition": "go back to a statistical means",
      "onyms": [
        "regress",
        "change"
      ]
    },
    "end_wsp": {
      "name": "regression.n.3",
      "definition": "returning to a former state",
      "onyms": [
        "regression",
        "regress",
        "retrogression",
        "retroversion",
        "reversal",
        "reversion"
      ]
    }
  }
}