{
  "average_link": {
    "score": 0.19409829591001784,
    "time": 0.0002484321594238281,
    "start_wsp": {
      "name": "rehabilitate.v.1",
      "definition": "reinstall politically",
      "onyms": [
        "rehabilitate",
        "reinstate"
      ]
    },
    "end_wsp": {
      "name": "restore.v.1",
      "definition": "return to life; get or give new life or energy",
      "onyms": [
        "reincarnate",
        "resurrect",
        "rejuvenate",
        "regenerate",
        "renew",
        "revive",
        "restore"
      ]
    }
  },
  "average_vector": {
    "score": 0.8458334803581238,
    "time": 1.4054033756256104,
    "start_wsp": {
      "name": "rehabilitate.v.0",
      "definition": "help to readapt, as to a former state of health or good repute",
      "onyms": [
        "reconstruct",
        "rehabilitate",
        "restore"
      ]
    },
    "end_wsp": {
      "name": "restore.v.0",
      "definition": "return to its original or usable and functioning condition",
      "onyms": [
        "defibrillate",
        "rehabilitate",
        "uncompress",
        "reinstate",
        "decompress",
        "regenerate",
        "restore",
        "renew",
        "reconstruct"
      ]
    }
  },
  "complete_link": {
    "score": 0.2169920951128006,
    "time": 0.00026679039001464844,
    "start_wsp": {
      "name": "rehabilitate.v.1",
      "definition": "reinstall politically",
      "onyms": [
        "rehabilitate",
        "reinstate"
      ]
    },
    "end_wsp": {
      "name": "restore.v.1",
      "definition": "return to life; get or give new life or energy",
      "onyms": [
        "reincarnate",
        "resurrect",
        "rejuvenate",
        "regenerate",
        "renew",
        "revive",
        "restore"
      ]
    }
  },
  "single_link": {
    "score": 1.0,
    "time": 0.00025081634521484375,
    "start_wsp": {
      "name": "rehabilitate.v.0",
      "definition": "help to readapt, as to a former state of health or good repute",
      "onyms": [
        "reconstruct",
        "rehabilitate",
        "restore"
      ]
    },
    "end_wsp": {
      "name": "restore.v.0",
      "definition": "return to its original or usable and functioning condition",
      "onyms": [
        "defibrillate",
        "rehabilitate",
        "uncompress",
        "reinstate",
        "decompress",
        "regenerate",
        "restore",
        "renew",
        "reconstruct"
      ]
    }
  },
  "total_vector": {
    "score": 0.8458334803581238,
    "time": 1.4562458992004395,
    "start_wsp": {
      "name": "rehabilitate.v.0",
      "definition": "help to readapt, as to a former state of health or good repute",
      "onyms": [
        "reconstruct",
        "rehabilitate",
        "restore"
      ]
    },
    "end_wsp": {
      "name": "restore.v.0",
      "definition": "return to its original or usable and functioning condition",
      "onyms": [
        "defibrillate",
        "rehabilitate",
        "uncompress",
        "reinstate",
        "decompress",
        "regenerate",
        "restore",
        "renew",
        "reconstruct"
      ]
    }
  }
}