{
  "average_link": {
    "score": 0.20454539634563304,
    "time": 0.001125335693359375,
    "start_wsp": {
      "name": "reined.v.1",
      "definition": "stop or slow up one's horse or oneself by or as if by pulling the reins",
      "onyms": [
        "halt",
        "stop",
        "rein_in",
        "rein"
      ]
    },
    "end_wsp": {
      "name": "rein.v.3",
      "definition": "stop or slow up one's horse or oneself by or as if by pulling the reins",
      "onyms": [
        "halt",
        "stop",
        "rein_in",
        "rein"
      ]
    }
  },
  "average_vector": {
    "score": 1.0,
    "time": 4.978806257247925,
    "start_wsp": {
      "name": "reined.v.0",
      "definition": "control and direct with or as if by reins",
      "onyms": [
        "draw_rein",
        "harness",
        "command",
        "rein",
        "control",
        "rein_in"
      ]
    },
    "end_wsp": {
      "name": "rein.v.2",
      "definition": "control and direct with or as if by reins",
      "onyms": [
        "draw_rein",
        "harness",
        "command",
        "rein",
        "control",
        "rein_in"
      ]
    }
  },
  "complete_link": {
    "score": 0.3199349045753479,
    "time": 0.0011086463928222656,
    "start_wsp": {
      "name": "reined.v.1",
      "definition": "stop or slow up one's horse or oneself by or as if by pulling the reins",
      "onyms": [
        "halt",
        "stop",
        "rein_in",
        "rein"
      ]
    },
    "end_wsp": {
      "name": "rein.v.3",
      "definition": "stop or slow up one's horse or oneself by or as if by pulling the reins",
      "onyms": [
        "halt",
        "stop",
        "rein_in",
        "rein"
      ]
    }
  },
  "single_link": {
    "score": 1.0000001192092896,
    "time": 0.0013442039489746094,
    "start_wsp": {
      "name": "reined.v.0",
      "definition": "control and direct with or as if by reins",
      "onyms": [
        "draw_rein",
        "harness",
        "command",
        "rein",
        "control",
        "rein_in"
      ]
    },
    "end_wsp": {
      "name": "rein.v.2",
      "definition": "control and direct with or as if by reins",
      "onyms": [
        "draw_rein",
        "harness",
        "command",
        "rein",
        "control",
        "rein_in"
      ]
    }
  },
  "total_vector": {
    "score": 1.0,
    "time": 5.049610376358032,
    "start_wsp": {
      "name": "reined.v.0",
      "definition": "control and direct with or as if by reins",
      "onyms": [
        "draw_rein",
        "harness",
        "command",
        "rein",
        "control",
        "rein_in"
      ]
    },
    "end_wsp": {
      "name": "rein.v.2",
      "definition": "control and direct with or as if by reins",
      "onyms": [
        "draw_rein",
        "harness",
        "command",
        "rein",
        "control",
        "rein_in"
      ]
    }
  }
}