{
  "average_link": {
    "score": 0.08857188210822642,
    "time": 0.00013017654418945312,
    "start_wsp": {
      "name": "release.n.6",
      "definition": "a legal document evidencing the discharge of a debt or obligation",
      "onyms": [
        "legal_instrument",
        "release",
        "instrument",
        "legal_document",
        "official_document",
        "acquittance"
      ]
    },
    "end_wsp": {
      "name": "publish.v.2",
      "definition": "have (one's written work) issued for publication",
      "onyms": [
        "write",
        "publish",
        "create_verbally"
      ]
    }
  },
  "average_vector": {
    "score": 0.9999999403953552,
    "time": 1.3365609645843506,
    "start_wsp": {
      "name": "release.v.15",
      "definition": "prepare and issue for public distribution or sale",
      "onyms": [
        "put_out",
        "publicise",
        "publicize",
        "bare",
        "release",
        "edit",
        "publish",
        "issue",
        "bring_out",
        "air"
      ]
    },
    "end_wsp": {
      "name": "publish.v.1",
      "definition": "prepare and issue for public distribution or sale",
      "onyms": [
        "put_out",
        "publicise",
        "publicize",
        "bare",
        "release",
        "edit",
        "publish",
        "issue",
        "bring_out",
        "air"
      ]
    }
  },
  "complete_link": {
    "score": 0.05866323038935661,
    "time": 0.00013756752014160156,
    "start_wsp": {
      "name": "release.v.18",
      "definition": "make (information) available for publication",
      "onyms": [
        "declassify",
        "free",
        "release",
        "issue",
        "supply"
      ]
    },
    "end_wsp": {
      "name": "publish.v.2",
      "definition": "have (one's written work) issued for publication",
      "onyms": [
        "write",
        "publish",
        "create_verbally"
      ]
    }
  },
  "single_link": {
    "score": 1.0,
    "time": 0.00012135505676269531,
    "start_wsp": {
      "name": "release.n.0",
      "definition": "merchandise issued for sale or public showing (especially a record or film)",
      "onyms": [
        "product",
        "ware",
        "merchandise",
        "release"
      ]
    },
    "end_wsp": {
      "name": "publish.v.1",
      "definition": "prepare and issue for public distribution or sale",
      "onyms": [
        "put_out",
        "publicise",
        "publicize",
        "bare",
        "release",
        "edit",
        "publish",
        "issue",
        "bring_out",
        "air"
      ]
    }
  },
  "total_vector": {
    "score": 1.0,
    "time": 1.3326051235198975,
    "start_wsp": {
      "name": "release.v.15",
      "definition": "prepare and issue for public distribution or sale",
      "onyms": [
        "put_out",
        "publicise",
        "publicize",
        "bare",
        "release",
        "edit",
        "publish",
        "issue",
        "bring_out",
        "air"
      ]
    },
    "end_wsp": {
      "name": "publish.v.1",
      "definition": "prepare and issue for public distribution or sale",
      "onyms": [
        "put_out",
        "publicise",
        "publicize",
        "bare",
        "release",
        "edit",
        "publish",
        "issue",
        "bring_out",
        "air"
      ]
    }
  }
}