{
  "average_link": {
    "score": 0.058791746854782105,
    "time": 0.0008966922760009766,
    "start_wsp": {
      "name": "remold.v.0",
      "definition": "cast again",
      "onyms": [
        "cast",
        "recast",
        "mould",
        "remold",
        "mold",
        "remould"
      ]
    },
    "end_wsp": {
      "name": "mold.v.10",
      "definition": "form by pouring (e.g., wax or hot metal) into a cast or mold",
      "onyms": [
        "press_out",
        "forge",
        "work",
        "mould",
        "cast",
        "recast",
        "remold",
        "mold",
        "sand_cast",
        "shape",
        "press",
        "form",
        "remould"
      ]
    }
  },
  "average_vector": {
    "score": 0.9180641770362854,
    "time": 1.413942813873291,
    "start_wsp": {
      "name": "remold.v.1",
      "definition": "shape again or shape differently",
      "onyms": [
        "forge",
        "work",
        "mould",
        "remold",
        "mold",
        "shape",
        "form",
        "reshape"
      ]
    },
    "end_wsp": {
      "name": "mold.v.10",
      "definition": "form by pouring (e.g., wax or hot metal) into a cast or mold",
      "onyms": [
        "press_out",
        "forge",
        "work",
        "mould",
        "cast",
        "recast",
        "remold",
        "mold",
        "sand_cast",
        "shape",
        "press",
        "form",
        "remould"
      ]
    }
  },
  "complete_link": {
    "score": 0.07717791199684143,
    "time": 0.0009016990661621094,
    "start_wsp": {
      "name": "remold.v.1",
      "definition": "shape again or shape differently",
      "onyms": [
        "forge",
        "work",
        "mould",
        "remold",
        "mold",
        "shape",
        "form",
        "reshape"
      ]
    },
    "end_wsp": {
      "name": "mold.n.0",
      "definition": "the distinctive form in which a thing is made",
      "onyms": [
        "mould",
        "cast",
        "solid",
        "mold",
        "stamp"
      ]
    }
  },
  "single_link": {
    "score": 1.0000001192092896,
    "time": 0.0008099079132080078,
    "start_wsp": {
      "name": "remold.v.0",
      "definition": "cast again",
      "onyms": [
        "cast",
        "recast",
        "mould",
        "remold",
        "mold",
        "remould"
      ]
    },
    "end_wsp": {
      "name": "mold.n.0",
      "definition": "the distinctive form in which a thing is made",
      "onyms": [
        "mould",
        "cast",
        "solid",
        "mold",
        "stamp"
      ]
    }
  },
  "total_vector": {
    "score": 0.9180641770362854,
    "time": 1.4063591957092285,
    "start_wsp": {
      "name": "remold.v.1",
      "definition": "shape again or shape differently",
      "onyms": [
        "forge",
        "work",
        "mould",
        "remold",
        "mold",
        "shape",
        "form",
        "reshape"
      ]
    },
    "end_wsp": {
      "name": "mold.v.10",
      "definition": "form by pouring (e.g., wax or hot metal) into a cast or mold",
      "onyms": [
        "press_out",
        "forge",
        "work",
        "mould",
        "cast",
        "recast",
        "remold",
        "mold",
        "sand_cast",
        "shape",
        "press",
        "form",
        "remould"
      ]
    }
  }
}