{
  "average_link": {
    "score": 0.059533500149846076,
    "time": 0.001287221908569336,
    "start_wsp": {
      "name": "renunciation.n.2",
      "definition": "an act (spoken or written) declaring that something is surrendered or disowned",
      "onyms": [
        "renouncement",
        "relinquishing",
        "renunciation",
        "resignation",
        "relinquishment"
      ]
    },
    "end_wsp": {
      "name": "renounce.v.0",
      "definition": "give up, such as power, as of monarchs and emperors, or duties and obligations",
      "onyms": [
        "abdicate",
        "renounce",
        "give_up",
        "resign",
        "vacate"
      ]
    }
  },
  "average_vector": {
    "score": 0.5886264443397522,
    "time": 1.4050698280334473,
    "start_wsp": {
      "name": "renunciation.n.2",
      "definition": "an act (spoken or written) declaring that something is surrendered or disowned",
      "onyms": [
        "renouncement",
        "relinquishing",
        "renunciation",
        "resignation",
        "relinquishment"
      ]
    },
    "end_wsp": {
      "name": "renounce.v.0",
      "definition": "give up, such as power, as of monarchs and emperors, or duties and obligations",
      "onyms": [
        "abdicate",
        "renounce",
        "give_up",
        "resign",
        "vacate"
      ]
    }
  },
  "complete_link": {
    "score": 0.07990381121635437,
    "time": 0.001211404800415039,
    "start_wsp": {
      "name": "renunciation.n.3",
      "definition": "the act of renouncing; sacrificing or giving up or surrendering (a possession or right or title or privilege etc.)",
      "onyms": [
        "giving_up",
        "forswearing",
        "self-abnegation",
        "denial",
        "forgoing",
        "forsaking",
        "rejection",
        "abnegation",
        "renunciation",
        "self-denial",
        "self-renunciation"
      ]
    },
    "end_wsp": {
      "name": "renounce.v.2",
      "definition": "turn away from; give up",
      "onyms": [
        "quit",
        "renounce",
        "abandon",
        "foreswear",
        "disclaim",
        "give_up",
        "relinquish"
      ]
    }
  },
  "single_link": {
    "score": 0.7775769829750061,
    "time": 0.00116729736328125,
    "start_wsp": {
      "name": "renunciation.n.2",
      "definition": "an act (spoken or written) declaring that something is surrendered or disowned",
      "onyms": [
        "renouncement",
        "relinquishing",
        "renunciation",
        "resignation",
        "relinquishment"
      ]
    },
    "end_wsp": {
      "name": "renounce.v.0",
      "definition": "give up, such as power, as of monarchs and emperors, or duties and obligations",
      "onyms": [
        "abdicate",
        "renounce",
        "give_up",
        "resign",
        "vacate"
      ]
    }
  },
  "total_vector": {
    "score": 0.5886264443397522,
    "time": 1.4318821430206299,
    "start_wsp": {
      "name": "renunciation.n.2",
      "definition": "an act (spoken or written) declaring that something is surrendered or disowned",
      "onyms": [
        "renouncement",
        "relinquishing",
        "renunciation",
        "resignation",
        "relinquishment"
      ]
    },
    "end_wsp": {
      "name": "renounce.v.0",
      "definition": "give up, such as power, as of monarchs and emperors, or duties and obligations",
      "onyms": [
        "abdicate",
        "renounce",
        "give_up",
        "resign",
        "vacate"
      ]
    }
  }
}