{
  "average_link": {
    "score": 0.2991754226386547,
    "time": 5.412101745605469e-05,
    "start_wsp": {
      "name": "replete.s.1",
      "definition": "filled to satisfaction with food or drink",
      "onyms": [
        "full",
        "replete"
      ]
    },
    "end_wsp": {
      "name": "full.s.7",
      "definition": "filled to satisfaction with food or drink",
      "onyms": [
        "full",
        "replete"
      ]
    }
  },
  "average_vector": {
    "score": 1.0,
    "time": 10.558669567108154,
    "start_wsp": {
      "name": "replete.s.1",
      "definition": "filled to satisfaction with food or drink",
      "onyms": [
        "full",
        "replete"
      ]
    },
    "end_wsp": {
      "name": "full.s.7",
      "definition": "filled to satisfaction with food or drink",
      "onyms": [
        "full",
        "replete"
      ]
    }
  },
  "complete_link": {
    "score": 0.19670163094997406,
    "time": 5.125999450683594e-05,
    "start_wsp": {
      "name": "replete.s.1",
      "definition": "filled to satisfaction with food or drink",
      "onyms": [
        "full",
        "replete"
      ]
    },
    "end_wsp": {
      "name": "full.a.4",
      "definition": "containing as much or as many as is possible or normal",
      "onyms": [
        "full"
      ]
    }
  },
  "single_link": {
    "score": 1.0000001192092896,
    "time": 5.0067901611328125e-05,
    "start_wsp": {
      "name": "replete.v.0",
      "definition": "fill to satisfaction",
      "onyms": [
        "sate",
        "consume",
        "take",
        "replete",
        "pall",
        "have",
        "satiate",
        "cloy",
        "take_in",
        "ingest",
        "fill"
      ]
    },
    "end_wsp": {
      "name": "full.s.7",
      "definition": "filled to satisfaction with food or drink",
      "onyms": [
        "full",
        "replete"
      ]
    }
  },
  "total_vector": {
    "score": 1.0,
    "time": 11.051145792007446,
    "start_wsp": {
      "name": "replete.s.1",
      "definition": "filled to satisfaction with food or drink",
      "onyms": [
        "full",
        "replete"
      ]
    },
    "end_wsp": {
      "name": "full.s.7",
      "definition": "filled to satisfaction with food or drink",
      "onyms": [
        "full",
        "replete"
      ]
    }
  }
}