{
  "average_link": {
    "score": 0.11480033991392702,
    "time": 0.00010085105895996094,
    "start_wsp": {
      "name": "repulsion.n.0",
      "definition": "the force by which bodies repel one another",
      "onyms": [
        "repulsion",
        "repulsive_force",
        "force"
      ]
    },
    "end_wsp": {
      "name": "stand.n.11",
      "definition": "a defensive effort",
      "onyms": [
        "repulsion",
        "standoff",
        "defence",
        "defense",
        "stand",
        "defensive_measure"
      ]
    }
  },
  "average_vector": {
    "score": 0.9089277386665344,
    "time": 10.205881595611572,
    "start_wsp": {
      "name": "repulsion.n.2",
      "definition": "the act of repulsing or repelling an attack; a successful defensive stand",
      "onyms": [
        "standoff",
        "repulsion",
        "stand"
      ]
    },
    "end_wsp": {
      "name": "stand.n.11",
      "definition": "a defensive effort",
      "onyms": [
        "repulsion",
        "standoff",
        "defence",
        "defense",
        "stand",
        "defensive_measure"
      ]
    }
  },
  "complete_link": {
    "score": 0.060095034539699554,
    "time": 0.00010251998901367188,
    "start_wsp": {
      "name": "repulsion.n.0",
      "definition": "the force by which bodies repel one another",
      "onyms": [
        "repulsion",
        "repulsive_force",
        "force"
      ]
    },
    "end_wsp": {
      "name": "stand.v.20",
      "definition": "be tall; have a height of; copula",
      "onyms": [
        "stand",
        "measure"
      ]
    }
  },
  "single_link": {
    "score": 1.0,
    "time": 9.655952453613281e-05,
    "start_wsp": {
      "name": "repulsion.n.0",
      "definition": "the force by which bodies repel one another",
      "onyms": [
        "repulsion",
        "repulsive_force",
        "force"
      ]
    },
    "end_wsp": {
      "name": "stand.n.11",
      "definition": "a defensive effort",
      "onyms": [
        "repulsion",
        "standoff",
        "defence",
        "defense",
        "stand",
        "defensive_measure"
      ]
    }
  },
  "total_vector": {
    "score": 0.9089277386665344,
    "time": 10.161668062210083,
    "start_wsp": {
      "name": "repulsion.n.2",
      "definition": "the act of repulsing or repelling an attack; a successful defensive stand",
      "onyms": [
        "standoff",
        "repulsion",
        "stand"
      ]
    },
    "end_wsp": {
      "name": "stand.n.11",
      "definition": "a defensive effort",
      "onyms": [
        "repulsion",
        "standoff",
        "defence",
        "defense",
        "stand",
        "defensive_measure"
      ]
    }
  }
}