{
  "average_link": {
    "score": 0.317673034965992,
    "time": 4.792213439941406e-05,
    "start_wsp": {
      "name": "requested.a.3",
      "definition": "asked for",
      "onyms": [
        "requested"
      ]
    },
    "end_wsp": {
      "name": "request.v.4",
      "definition": "inquire for (information)",
      "onyms": [
        "enquire",
        "inquire",
        "seek",
        "request",
        "wonder"
      ]
    }
  },
  "average_vector": {
    "score": 1.0,
    "time": 1.3185698986053467,
    "start_wsp": {
      "name": "requested.v.0",
      "definition": "express the need or desire for; ask for",
      "onyms": [
        "apply",
        "ask_in",
        "book",
        "solicit",
        "supplicate",
        "call",
        "demand",
        "petition",
        "ask_over",
        "beg",
        "order",
        "ask_round",
        "pass",
        "arrogate",
        "reserve",
        "communicate",
        "appeal",
        "put_across",
        "bespeak",
        "beg_off",
        "ask_out",
        "invoke",
        "quest",
        "tap",
        "call_for",
        "encore",
        "ask",
        "pass_on",
        "invite_out",
        "hold",
        "lay_claim",
        "take_out",
        "desire",
        "claim",
        "challenge",
        "request",
        "excuse",
        "invite",
        "pass_along"
      ]
    },
    "end_wsp": {
      "name": "request.v.2",
      "definition": "express the need or desire for; ask for",
      "onyms": [
        "apply",
        "ask_in",
        "book",
        "solicit",
        "supplicate",
        "call",
        "demand",
        "petition",
        "ask_over",
        "beg",
        "order",
        "ask_round",
        "pass",
        "arrogate",
        "reserve",
        "communicate",
        "appeal",
        "put_across",
        "bespeak",
        "beg_off",
        "ask_out",
        "invoke",
        "quest",
        "tap",
        "call_for",
        "encore",
        "ask",
        "pass_on",
        "invite_out",
        "hold",
        "lay_claim",
        "take_out",
        "desire",
        "claim",
        "challenge",
        "request",
        "excuse",
        "invite",
        "pass_along"
      ]
    }
  },
  "complete_link": {
    "score": 0.16561979055404663,
    "time": 4.982948303222656e-05,
    "start_wsp": {
      "name": "requested.a.3",
      "definition": "asked for",
      "onyms": [
        "requested"
      ]
    },
    "end_wsp": {
      "name": "request.v.3",
      "definition": "ask (a person) to do something",
      "onyms": [
        "say",
        "call",
        "offer",
        "bid",
        "enjoin",
        "order",
        "declare_oneself",
        "ask",
        "pop_the_question",
        "request",
        "propose",
        "invite",
        "tell"
      ]
    }
  },
  "single_link": {
    "score": 1.0000001192092896,
    "time": 4.4345855712890625e-05,
    "start_wsp": {
      "name": "requested.v.0",
      "definition": "express the need or desire for; ask for",
      "onyms": [
        "apply",
        "ask_in",
        "book",
        "solicit",
        "supplicate",
        "call",
        "demand",
        "petition",
        "ask_over",
        "beg",
        "order",
        "ask_round",
        "pass",
        "arrogate",
        "reserve",
        "communicate",
        "appeal",
        "put_across",
        "bespeak",
        "beg_off",
        "ask_out",
        "invoke",
        "quest",
        "tap",
        "call_for",
        "encore",
        "ask",
        "pass_on",
        "invite_out",
        "hold",
        "lay_claim",
        "take_out",
        "desire",
        "claim",
        "challenge",
        "request",
        "excuse",
        "invite",
        "pass_along"
      ]
    },
    "end_wsp": {
      "name": "request.v.2",
      "definition": "express the need or desire for; ask for",
      "onyms": [
        "apply",
        "ask_in",
        "book",
        "solicit",
        "supplicate",
        "call",
        "demand",
        "petition",
        "ask_over",
        "beg",
        "order",
        "ask_round",
        "pass",
        "arrogate",
        "reserve",
        "communicate",
        "appeal",
        "put_across",
        "bespeak",
        "beg_off",
        "ask_out",
        "invoke",
        "quest",
        "tap",
        "call_for",
        "encore",
        "ask",
        "pass_on",
        "invite_out",
        "hold",
        "lay_claim",
        "take_out",
        "desire",
        "claim",
        "challenge",
        "request",
        "excuse",
        "invite",
        "pass_along"
      ]
    }
  },
  "total_vector": {
    "score": 1.0,
    "time": 1.3299167156219482,
    "start_wsp": {
      "name": "requested.v.0",
      "definition": "express the need or desire for; ask for",
      "onyms": [
        "apply",
        "ask_in",
        "book",
        "solicit",
        "supplicate",
        "call",
        "demand",
        "petition",
        "ask_over",
        "beg",
        "order",
        "ask_round",
        "pass",
        "arrogate",
        "reserve",
        "communicate",
        "appeal",
        "put_across",
        "bespeak",
        "beg_off",
        "ask_out",
        "invoke",
        "quest",
        "tap",
        "call_for",
        "encore",
        "ask",
        "pass_on",
        "invite_out",
        "hold",
        "lay_claim",
        "take_out",
        "desire",
        "claim",
        "challenge",
        "request",
        "excuse",
        "invite",
        "pass_along"
      ]
    },
    "end_wsp": {
      "name": "request.v.2",
      "definition": "express the need or desire for; ask for",
      "onyms": [
        "apply",
        "ask_in",
        "book",
        "solicit",
        "supplicate",
        "call",
        "demand",
        "petition",
        "ask_over",
        "beg",
        "order",
        "ask_round",
        "pass",
        "arrogate",
        "reserve",
        "communicate",
        "appeal",
        "put_across",
        "bespeak",
        "beg_off",
        "ask_out",
        "invoke",
        "quest",
        "tap",
        "call_for",
        "encore",
        "ask",
        "pass_on",
        "invite_out",
        "hold",
        "lay_claim",
        "take_out",
        "desire",
        "claim",
        "challenge",
        "request",
        "excuse",
        "invite",
        "pass_along"
      ]
    }
  }
}