{
  "average_link": {
    "score": 0.0529718791690862,
    "time": 0.00024819374084472656,
    "start_wsp": {
      "name": "resign.v.3",
      "definition": "accept as inevitable",
      "onyms": [
        "resign",
        "accept",
        "submit",
        "reconcile"
      ]
    },
    "end_wsp": {
      "name": "release.v.19",
      "definition": "part with a possession or right",
      "onyms": [
        "free",
        "sacrifice",
        "hand",
        "release",
        "derequisition",
        "reach",
        "give_up",
        "pass_on",
        "give",
        "resign",
        "relinquish",
        "turn_over",
        "pass"
      ]
    }
  },
  "average_vector": {
    "score": 1.0,
    "time": 15.51584267616272,
    "start_wsp": {
      "name": "resign.v.2",
      "definition": "part with a possession or right",
      "onyms": [
        "free",
        "sacrifice",
        "hand",
        "release",
        "derequisition",
        "reach",
        "give_up",
        "pass_on",
        "give",
        "resign",
        "relinquish",
        "turn_over",
        "pass"
      ]
    },
    "end_wsp": {
      "name": "release.v.19",
      "definition": "part with a possession or right",
      "onyms": [
        "free",
        "sacrifice",
        "hand",
        "release",
        "derequisition",
        "reach",
        "give_up",
        "pass_on",
        "give",
        "resign",
        "relinquish",
        "turn_over",
        "pass"
      ]
    }
  },
  "complete_link": {
    "score": 0.05780331790447235,
    "time": 0.0002415180206298828,
    "start_wsp": {
      "name": "resign.v.0",
      "definition": "leave (a job, post, or position) voluntarily",
      "onyms": [
        "step_down",
        "abdicate",
        "quit",
        "renounce",
        "leave_office",
        "give_up",
        "resign",
        "vacate"
      ]
    },
    "end_wsp": {
      "name": "release.n.10",
      "definition": "a formal written statement of relinquishment",
      "onyms": [
        "immunity",
        "exemption",
        "granting_immunity",
        "waiver",
        "relinquishing",
        "release",
        "relinquishment",
        "discharge"
      ]
    }
  },
  "single_link": {
    "score": 1.0,
    "time": 0.0002377033233642578,
    "start_wsp": {
      "name": "resign.v.0",
      "definition": "leave (a job, post, or position) voluntarily",
      "onyms": [
        "step_down",
        "abdicate",
        "quit",
        "renounce",
        "leave_office",
        "give_up",
        "resign",
        "vacate"
      ]
    },
    "end_wsp": {
      "name": "release.v.19",
      "definition": "part with a possession or right",
      "onyms": [
        "free",
        "sacrifice",
        "hand",
        "release",
        "derequisition",
        "reach",
        "give_up",
        "pass_on",
        "give",
        "resign",
        "relinquish",
        "turn_over",
        "pass"
      ]
    }
  },
  "total_vector": {
    "score": 1.0,
    "time": 14.430567741394043,
    "start_wsp": {
      "name": "resign.v.2",
      "definition": "part with a possession or right",
      "onyms": [
        "free",
        "sacrifice",
        "hand",
        "release",
        "derequisition",
        "reach",
        "give_up",
        "pass_on",
        "give",
        "resign",
        "relinquish",
        "turn_over",
        "pass"
      ]
    },
    "end_wsp": {
      "name": "release.v.19",
      "definition": "part with a possession or right",
      "onyms": [
        "free",
        "sacrifice",
        "hand",
        "release",
        "derequisition",
        "reach",
        "give_up",
        "pass_on",
        "give",
        "resign",
        "relinquish",
        "turn_over",
        "pass"
      ]
    }
  }
}