{
  "average_link": {
    "score": 0.12676472449675202,
    "time": 0.00019288063049316406,
    "start_wsp": {
      "name": "retaking.v.1",
      "definition": "take back by force, as after a battle",
      "onyms": [
        "recapture",
        "take",
        "reconquer",
        "retake"
      ]
    },
    "end_wsp": {
      "name": "retake.n.0",
      "definition": "a shot or scene that is photographed again",
      "onyms": [
        "take",
        "retake"
      ]
    }
  },
  "average_vector": {
    "score": 1.0,
    "time": 1.294858455657959,
    "start_wsp": {
      "name": "retaking.v.2",
      "definition": "capture again",
      "onyms": [
        "recapture",
        "capture",
        "get",
        "catch",
        "retake"
      ]
    },
    "end_wsp": {
      "name": "retake.v.2",
      "definition": "capture again",
      "onyms": [
        "recapture",
        "capture",
        "get",
        "catch",
        "retake"
      ]
    }
  },
  "complete_link": {
    "score": 0.16793453693389893,
    "time": 0.00019598007202148438,
    "start_wsp": {
      "name": "retaking.v.2",
      "definition": "capture again",
      "onyms": [
        "recapture",
        "capture",
        "get",
        "catch",
        "retake"
      ]
    },
    "end_wsp": {
      "name": "retake.n.0",
      "definition": "a shot or scene that is photographed again",
      "onyms": [
        "take",
        "retake"
      ]
    }
  },
  "single_link": {
    "score": 1.0,
    "time": 0.00018405914306640625,
    "start_wsp": {
      "name": "retaking.v.1",
      "definition": "take back by force, as after a battle",
      "onyms": [
        "recapture",
        "take",
        "reconquer",
        "retake"
      ]
    },
    "end_wsp": {
      "name": "retake.n.0",
      "definition": "a shot or scene that is photographed again",
      "onyms": [
        "take",
        "retake"
      ]
    }
  },
  "total_vector": {
    "score": 1.0,
    "time": 1.3315796852111816,
    "start_wsp": {
      "name": "retaking.v.2",
      "definition": "capture again",
      "onyms": [
        "recapture",
        "capture",
        "get",
        "catch",
        "retake"
      ]
    },
    "end_wsp": {
      "name": "retake.v.2",
      "definition": "capture again",
      "onyms": [
        "recapture",
        "capture",
        "get",
        "catch",
        "retake"
      ]
    }
  }
}