{
  "average_link": {
    "score": 0.1818624660372734,
    "time": 0.00028824806213378906,
    "start_wsp": {
      "name": "reticulate.v.2",
      "definition": "divide so as to form a network",
      "onyms": [
        "form",
        "reticulate"
      ]
    },
    "end_wsp": {
      "name": "form.n.13",
      "definition": "an ability to perform well",
      "onyms": [
        "ability",
        "form"
      ]
    }
  },
  "average_vector": {
    "score": 0.5750532746315002,
    "time": 1.2817926406860352,
    "start_wsp": {
      "name": "reticulate.v.2",
      "definition": "divide so as to form a network",
      "onyms": [
        "form",
        "reticulate"
      ]
    },
    "end_wsp": {
      "name": "form.n.13",
      "definition": "an ability to perform well",
      "onyms": [
        "ability",
        "form"
      ]
    }
  },
  "complete_link": {
    "score": 0.09910669177770615,
    "time": 0.00026607513427734375,
    "start_wsp": {
      "name": "reticulate.v.2",
      "definition": "divide so as to form a network",
      "onyms": [
        "form",
        "reticulate"
      ]
    },
    "end_wsp": {
      "name": "form.n.11",
      "definition": "(physical chemistry) a distinct state of matter in a system; matter that is identical in chemical composition and physical state and separated from other material by the phase boundary",
      "onyms": [
        "phase",
        "dispersed_particles",
        "dispersing_medium",
        "dispersing_phase",
        "state_of_matter",
        "dispersion_medium",
        "state",
        "dispersed_phase",
        "form"
      ]
    }
  },
  "single_link": {
    "score": 1.0,
    "time": 0.00026607513427734375,
    "start_wsp": {
      "name": "reticulate.v.0",
      "definition": "form a net or a network",
      "onyms": [
        "reticulate",
        "change"
      ]
    },
    "end_wsp": {
      "name": "form.v.19",
      "definition": "give shape or form to",
      "onyms": [
        "alter",
        "crystallize",
        "roll",
        "sliver",
        "encircle",
        "fork",
        "individuate",
        "strain",
        "blow",
        "tabulate",
        "flatten",
        "block",
        "round_off",
        "dish",
        "square",
        "change",
        "scallop",
        "square_up",
        "dimension",
        "form",
        "round",
        "twist",
        "crystallise",
        "strike",
        "circle",
        "tie",
        "turn",
        "crystalise",
        "fit",
        "ridge",
        "round_out",
        "cup",
        "deform",
        "terrace",
        "distort",
        "draw",
        "scollop",
        "shape",
        "crystalize",
        "modify",
        "plume"
      ]
    }
  },
  "total_vector": {
    "score": 0.5750532746315002,
    "time": 1.2994024753570557,
    "start_wsp": {
      "name": "reticulate.v.2",
      "definition": "divide so as to form a network",
      "onyms": [
        "form",
        "reticulate"
      ]
    },
    "end_wsp": {
      "name": "form.n.13",
      "definition": "an ability to perform well",
      "onyms": [
        "ability",
        "form"
      ]
    }
  }
}