{
  "average_link": {
    "score": 0.056372369690507185,
    "time": 9.775161743164062e-05,
    "start_wsp": {
      "name": "retrofit.n.0",
      "definition": "a component or accessory added to something after it has been manufactured",
      "onyms": [
        "element",
        "retrofit",
        "component",
        "constituent"
      ]
    },
    "end_wsp": {
      "name": "part.n.3",
      "definition": "that which concerns a person with regard to a particular role or situation",
      "onyms": [
        "part",
        "concern"
      ]
    }
  },
  "average_vector": {
    "score": 0.5976691246032715,
    "time": 1.2775073051452637,
    "start_wsp": {
      "name": "retrofit.n.0",
      "definition": "a component or accessory added to something after it has been manufactured",
      "onyms": [
        "element",
        "retrofit",
        "component",
        "constituent"
      ]
    },
    "end_wsp": {
      "name": "part.n.0",
      "definition": "something determined in relation to something that includes it",
      "onyms": [
        "linguistic_unit",
        "subpart",
        "basis",
        "part",
        "residue",
        "portion",
        "item",
        "base",
        "substance",
        "relation",
        "component",
        "balance",
        "member",
        "language_unit",
        "meronymy",
        "component_part",
        "point",
        "unit",
        "particular",
        "residuum",
        "butt",
        "detail",
        "constituent",
        "remainder",
        "part_to_whole_relation",
        "residual",
        "rest"
      ]
    }
  },
  "complete_link": {
    "score": 0.02347707562148571,
    "time": 9.298324584960938e-05,
    "start_wsp": {
      "name": "retrofit.n.0",
      "definition": "a component or accessory added to something after it has been manufactured",
      "onyms": [
        "element",
        "retrofit",
        "component",
        "constituent"
      ]
    },
    "end_wsp": {
      "name": "part.r.17",
      "definition": "in part; in some degree; not wholly",
      "onyms": [
        "partially",
        "partly",
        "part"
      ]
    }
  },
  "single_link": {
    "score": 1.0,
    "time": 9.298324584960938e-05,
    "start_wsp": {
      "name": "retrofit.n.0",
      "definition": "a component or accessory added to something after it has been manufactured",
      "onyms": [
        "element",
        "retrofit",
        "component",
        "constituent"
      ]
    },
    "end_wsp": {
      "name": "part.n.0",
      "definition": "something determined in relation to something that includes it",
      "onyms": [
        "linguistic_unit",
        "subpart",
        "basis",
        "part",
        "residue",
        "portion",
        "item",
        "base",
        "substance",
        "relation",
        "component",
        "balance",
        "member",
        "language_unit",
        "meronymy",
        "component_part",
        "point",
        "unit",
        "particular",
        "residuum",
        "butt",
        "detail",
        "constituent",
        "remainder",
        "part_to_whole_relation",
        "residual",
        "rest"
      ]
    }
  },
  "total_vector": {
    "score": 0.5976691246032715,
    "time": 1.290942907333374,
    "start_wsp": {
      "name": "retrofit.n.0",
      "definition": "a component or accessory added to something after it has been manufactured",
      "onyms": [
        "element",
        "retrofit",
        "component",
        "constituent"
      ]
    },
    "end_wsp": {
      "name": "part.n.0",
      "definition": "something determined in relation to something that includes it",
      "onyms": [
        "linguistic_unit",
        "subpart",
        "basis",
        "part",
        "residue",
        "portion",
        "item",
        "base",
        "substance",
        "relation",
        "component",
        "balance",
        "member",
        "language_unit",
        "meronymy",
        "component_part",
        "point",
        "unit",
        "particular",
        "residuum",
        "butt",
        "detail",
        "constituent",
        "remainder",
        "part_to_whole_relation",
        "residual",
        "rest"
      ]
    }
  }
}