{
  "average_link": {
    "score": 0.08386908913100208,
    "time": 0.00010418891906738281,
    "start_wsp": {
      "name": "reversing.v.4",
      "definition": "reverse the position, order, relation, or condition of",
      "onyms": [
        "invert",
        "reverse",
        "reorder"
      ]
    },
    "end_wsp": {
      "name": "reversal.n.6",
      "definition": "the act of reversing the order or place of",
      "onyms": [
        "reordering",
        "reversal",
        "transposition"
      ]
    }
  },
  "average_vector": {
    "score": 0.6033612489700317,
    "time": 1.3165254592895508,
    "start_wsp": {
      "name": "reversing.v.1",
      "definition": "turn inside out or upside down",
      "onyms": [
        "alter",
        "turn_back",
        "reverse",
        "change",
        "invert",
        "modify"
      ]
    },
    "end_wsp": {
      "name": "reversal.n.7",
      "definition": "a major change in attitude or principle or point of view",
      "onyms": [
        "volte-face",
        "change",
        "reversal",
        "about-face",
        "policy_change",
        "undoing"
      ]
    }
  },
  "complete_link": {
    "score": 0.1206255629658699,
    "time": 9.822845458984375e-05,
    "start_wsp": {
      "name": "reversing.v.1",
      "definition": "turn inside out or upside down",
      "onyms": [
        "alter",
        "turn_back",
        "reverse",
        "change",
        "invert",
        "modify"
      ]
    },
    "end_wsp": {
      "name": "reversal.n.6",
      "definition": "the act of reversing the order or place of",
      "onyms": [
        "reordering",
        "reversal",
        "transposition"
      ]
    }
  },
  "single_link": {
    "score": 1.0,
    "time": 9.322166442871094e-05,
    "start_wsp": {
      "name": "reversing.v.0",
      "definition": "change to the contrary",
      "onyms": [
        "permute",
        "transpose",
        "desynchronise",
        "transmogrify",
        "revert",
        "reverse",
        "change_by_reversal",
        "switch_over",
        "flip",
        "desynchronize",
        "metamorphose",
        "return",
        "retrovert",
        "turn_the_tables",
        "alternate",
        "deconsecrate",
        "desecrate",
        "exchange",
        "change",
        "turn_the_tide",
        "interchange",
        "tack",
        "turn",
        "transfigure",
        "switch",
        "unhallow",
        "commutate",
        "regress",
        "correct",
        "turn_back",
        "undo",
        "commute",
        "flip-flop",
        "right",
        "falsify",
        "rectify"
      ]
    },
    "end_wsp": {
      "name": "reversal.n.0",
      "definition": "a change from one state to the opposite state",
      "onyms": [
        "change_of_state",
        "regression",
        "regress",
        "retrogression",
        "retroversion",
        "reversal",
        "reversion"
      ]
    }
  },
  "total_vector": {
    "score": 0.6033612489700317,
    "time": 1.331796407699585,
    "start_wsp": {
      "name": "reversing.v.1",
      "definition": "turn inside out or upside down",
      "onyms": [
        "alter",
        "turn_back",
        "reverse",
        "change",
        "invert",
        "modify"
      ]
    },
    "end_wsp": {
      "name": "reversal.n.7",
      "definition": "a major change in attitude or principle or point of view",
      "onyms": [
        "volte-face",
        "change",
        "reversal",
        "about-face",
        "policy_change",
        "undoing"
      ]
    }
  }
}