{
  "average_link": {
    "score": 0.21451813876628875,
    "time": 0.00031185150146484375,
    "start_wsp": {
      "name": "ride.v.9",
      "definition": "be contingent on",
      "onyms": [
        "hinge_on",
        "depend_on",
        "hinge_upon",
        "rest_on",
        "repose_on",
        "build_upon",
        "depend_upon",
        "turn_on",
        "build_on",
        "ride",
        "devolve_on"
      ]
    },
    "end_wsp": {
      "name": "carnival.n.2",
      "definition": "a traveling show; having sideshows and rides and games of skill etc.",
      "onyms": [
        "midway",
        "fair",
        "funfair",
        "show",
        "carnival"
      ]
    }
  },
  "average_vector": {
    "score": 0.6857022047042847,
    "time": 5.137804985046387,
    "start_wsp": {
      "name": "ride.n.1",
      "definition": "a mechanical device that you ride for amusement or excitement",
      "onyms": [
        "carousel",
        "merry-go-round",
        "roundabout",
        "funfair",
        "carrousel",
        "roller_coaster",
        "Ferris_wheel",
        "chute-the-chute",
        "ride",
        "mechanical_device",
        "amusement_park",
        "pleasure_ground",
        "big_dipper",
        "whirligig"
      ]
    },
    "end_wsp": {
      "name": "carnival.n.2",
      "definition": "a traveling show; having sideshows and rides and games of skill etc.",
      "onyms": [
        "midway",
        "fair",
        "funfair",
        "show",
        "carnival"
      ]
    }
  },
  "complete_link": {
    "score": 0.15155726671218872,
    "time": 0.0003294944763183594,
    "start_wsp": {
      "name": "ride.v.7",
      "definition": "be sustained or supported or borne",
      "onyms": [
        "float",
        "ride"
      ]
    },
    "end_wsp": {
      "name": "carnival.n.0",
      "definition": "a festival marked by merrymaking and processions",
      "onyms": [
        "Mardi_Gras",
        "carnival",
        "Fat_Tuesday",
        "festival",
        "fete"
      ]
    }
  },
  "single_link": {
    "score": 1.0,
    "time": 0.00032901763916015625,
    "start_wsp": {
      "name": "ride.n.1",
      "definition": "a mechanical device that you ride for amusement or excitement",
      "onyms": [
        "carousel",
        "merry-go-round",
        "roundabout",
        "funfair",
        "carrousel",
        "roller_coaster",
        "Ferris_wheel",
        "chute-the-chute",
        "ride",
        "mechanical_device",
        "amusement_park",
        "pleasure_ground",
        "big_dipper",
        "whirligig"
      ]
    },
    "end_wsp": {
      "name": "carnival.n.2",
      "definition": "a traveling show; having sideshows and rides and games of skill etc.",
      "onyms": [
        "midway",
        "fair",
        "funfair",
        "show",
        "carnival"
      ]
    }
  },
  "total_vector": {
    "score": 0.6857022047042847,
    "time": 5.237446069717407,
    "start_wsp": {
      "name": "ride.n.1",
      "definition": "a mechanical device that you ride for amusement or excitement",
      "onyms": [
        "carousel",
        "merry-go-round",
        "roundabout",
        "funfair",
        "carrousel",
        "roller_coaster",
        "Ferris_wheel",
        "chute-the-chute",
        "ride",
        "mechanical_device",
        "amusement_park",
        "pleasure_ground",
        "big_dipper",
        "whirligig"
      ]
    },
    "end_wsp": {
      "name": "carnival.n.2",
      "definition": "a traveling show; having sideshows and rides and games of skill etc.",
      "onyms": [
        "midway",
        "fair",
        "funfair",
        "show",
        "carnival"
      ]
    }
  }
}