{
  "average_link": {
    "score": 0.10128682217112293,
    "time": 0.00010061264038085938,
    "start_wsp": {
      "name": "rifle.v.2",
      "definition": "go through in search of something; search through someone's belongings in an unauthorized way",
      "onyms": [
        "search",
        "go",
        "rifle"
      ]
    },
    "end_wsp": {
      "name": "hunting.v.9",
      "definition": "search (an area) for prey",
      "onyms": [
        "search",
        "hunt",
        "look"
      ]
    }
  },
  "average_vector": {
    "score": 0.6419840455055237,
    "time": 14.058529376983643,
    "start_wsp": {
      "name": "rifle.v.2",
      "definition": "go through in search of something; search through someone's belongings in an unauthorized way",
      "onyms": [
        "search",
        "go",
        "rifle"
      ]
    },
    "end_wsp": {
      "name": "hunting.v.9",
      "definition": "search (an area) for prey",
      "onyms": [
        "search",
        "hunt",
        "look"
      ]
    }
  },
  "complete_link": {
    "score": 0.04114123433828354,
    "time": 9.799003601074219e-05,
    "start_wsp": {
      "name": "rifle.v.2",
      "definition": "go through in search of something; search through someone's belongings in an unauthorized way",
      "onyms": [
        "search",
        "go",
        "rifle"
      ]
    },
    "end_wsp": {
      "name": "hunting.v.9",
      "definition": "search (an area) for prey",
      "onyms": [
        "search",
        "hunt",
        "look"
      ]
    }
  },
  "single_link": {
    "score": 1.0,
    "time": 9.34600830078125e-05,
    "start_wsp": {
      "name": "rifle.v.2",
      "definition": "go through in search of something; search through someone's belongings in an unauthorized way",
      "onyms": [
        "search",
        "go",
        "rifle"
      ]
    },
    "end_wsp": {
      "name": "hunting.n.1",
      "definition": "the activity of looking thoroughly in order to find something or someone",
      "onyms": [
        "search",
        "looking_for",
        "foraging",
        "ransacking",
        "activity",
        "looking",
        "quest",
        "shakedown",
        "hunt",
        "hunting",
        "manhunt",
        "seeking",
        "forage",
        "frisk",
        "frisking",
        "scouring",
        "exploration",
        "rummage"
      ]
    }
  },
  "total_vector": {
    "score": 0.6419840455055237,
    "time": 11.767794132232666,
    "start_wsp": {
      "name": "rifle.v.2",
      "definition": "go through in search of something; search through someone's belongings in an unauthorized way",
      "onyms": [
        "search",
        "go",
        "rifle"
      ]
    },
    "end_wsp": {
      "name": "hunting.v.9",
      "definition": "search (an area) for prey",
      "onyms": [
        "search",
        "hunt",
        "look"
      ]
    }
  }
}