{
  "average_link": {
    "score": 0.08838762529194355,
    "time": 6.794929504394531e-05,
    "start_wsp": {
      "name": "ringer.n.3",
      "definition": "(horseshoes) the successful throw of a horseshoe or quoit so as to encircle a stake or peg",
      "onyms": [
        "ringer",
        "throw"
      ]
    },
    "end_wsp": {
      "name": "double.v.6",
      "definition": "hit a two-base hit",
      "onyms": [
        "hit",
        "double"
      ]
    }
  },
  "average_vector": {
    "score": 0.7770572304725647,
    "time": 1.3832736015319824,
    "start_wsp": {
      "name": "ringer.n.1",
      "definition": "a person who is almost identical to another",
      "onyms": [
        "look-alike",
        "clone",
        "ringer",
        "dead_ringer",
        "double",
        "image"
      ]
    },
    "end_wsp": {
      "name": "double.n.2",
      "definition": "someone who closely resembles a famous person (especially an actor)",
      "onyms": [
        "look-alike",
        "clone",
        "ringer",
        "individual",
        "dead_ringer",
        "somebody",
        "mortal",
        "someone",
        "soul",
        "double",
        "person",
        "image"
      ]
    }
  },
  "complete_link": {
    "score": 0.07296530902385712,
    "time": 6.890296936035156e-05,
    "start_wsp": {
      "name": "ringer.n.3",
      "definition": "(horseshoes) the successful throw of a horseshoe or quoit so as to encircle a stake or peg",
      "onyms": [
        "ringer",
        "throw"
      ]
    },
    "end_wsp": {
      "name": "double.v.6",
      "definition": "hit a two-base hit",
      "onyms": [
        "hit",
        "double"
      ]
    }
  },
  "single_link": {
    "score": 1.0,
    "time": 6.29425048828125e-05,
    "start_wsp": {
      "name": "ringer.n.0",
      "definition": "a person who rings church bells (as for summoning the congregation)",
      "onyms": [
        "ringer",
        "signaler",
        "toller",
        "bell_ringer",
        "signaller"
      ]
    },
    "end_wsp": {
      "name": "double.n.2",
      "definition": "someone who closely resembles a famous person (especially an actor)",
      "onyms": [
        "look-alike",
        "clone",
        "ringer",
        "individual",
        "dead_ringer",
        "somebody",
        "mortal",
        "someone",
        "soul",
        "double",
        "person",
        "image"
      ]
    }
  },
  "total_vector": {
    "score": 0.7770572304725647,
    "time": 1.3883979320526123,
    "start_wsp": {
      "name": "ringer.n.1",
      "definition": "a person who is almost identical to another",
      "onyms": [
        "look-alike",
        "clone",
        "ringer",
        "dead_ringer",
        "double",
        "image"
      ]
    },
    "end_wsp": {
      "name": "double.n.2",
      "definition": "someone who closely resembles a famous person (especially an actor)",
      "onyms": [
        "look-alike",
        "clone",
        "ringer",
        "individual",
        "dead_ringer",
        "somebody",
        "mortal",
        "someone",
        "soul",
        "double",
        "person",
        "image"
      ]
    }
  }
}