{
  "average_link": {
    "score": 0.1544472798705101,
    "time": 7.581710815429688e-05,
    "start_wsp": {
      "name": "ripped.v.2",
      "definition": "cut (wood) along the grain",
      "onyms": [
        "cut",
        "rip"
      ]
    },
    "end_wsp": {
      "name": "chiseled.v.2",
      "definition": "carve with a chisel",
      "onyms": [
        "carve",
        "chisel",
        "chip_at"
      ]
    }
  },
  "average_vector": {
    "score": 0.5370194911956787,
    "time": 5.21703314781189,
    "start_wsp": {
      "name": "ripped.v.1",
      "definition": "move precipitously or violently",
      "onyms": [
        "shoot",
        "shoot_down",
        "tear",
        "buck",
        "rip",
        "charge"
      ]
    },
    "end_wsp": {
      "name": "chiseled.v.1",
      "definition": "deprive somebody of something by deceit",
      "onyms": [
        "chisel",
        "gyp",
        "mulct",
        "victimize",
        "cheat",
        "swindle",
        "defraud",
        "diddle",
        "gip",
        "rip_off",
        "cozen",
        "soak",
        "welch",
        "rook",
        "whipsaw",
        "nobble",
        "bunco",
        "fleece",
        "victimise",
        "goldbrick",
        "beat",
        "bunk",
        "gazump",
        "surcharge",
        "scam",
        "hoodwink",
        "short-change",
        "welsh",
        "rob",
        "hook",
        "hornswoggle",
        "bilk",
        "juggle",
        "beguile",
        "pluck",
        "overcharge",
        "con",
        "plume"
      ]
    }
  },
  "complete_link": {
    "score": 0.27859845757484436,
    "time": 7.510185241699219e-05,
    "start_wsp": {
      "name": "ripped.v.2",
      "definition": "cut (wood) along the grain",
      "onyms": [
        "cut",
        "rip"
      ]
    },
    "end_wsp": {
      "name": "chiseled.v.2",
      "definition": "carve with a chisel",
      "onyms": [
        "carve",
        "chisel",
        "chip_at"
      ]
    }
  },
  "single_link": {
    "score": 0.485103577375412,
    "time": 6.914138793945312e-05,
    "start_wsp": {
      "name": "ripped.v.0",
      "definition": "tear or be torn violently",
      "onyms": [
        "pull",
        "rive",
        "snap",
        "rupture",
        "rip",
        "rend",
        "bust",
        "tear"
      ]
    },
    "end_wsp": {
      "name": "chiseled.v.1",
      "definition": "deprive somebody of something by deceit",
      "onyms": [
        "chisel",
        "gyp",
        "mulct",
        "victimize",
        "cheat",
        "swindle",
        "defraud",
        "diddle",
        "gip",
        "rip_off",
        "cozen",
        "soak",
        "welch",
        "rook",
        "whipsaw",
        "nobble",
        "bunco",
        "fleece",
        "victimise",
        "goldbrick",
        "beat",
        "bunk",
        "gazump",
        "surcharge",
        "scam",
        "hoodwink",
        "short-change",
        "welsh",
        "rob",
        "hook",
        "hornswoggle",
        "bilk",
        "juggle",
        "beguile",
        "pluck",
        "overcharge",
        "con",
        "plume"
      ]
    }
  },
  "total_vector": {
    "score": 0.5370194911956787,
    "time": 5.4914820194244385,
    "start_wsp": {
      "name": "ripped.v.1",
      "definition": "move precipitously or violently",
      "onyms": [
        "shoot",
        "shoot_down",
        "tear",
        "buck",
        "rip",
        "charge"
      ]
    },
    "end_wsp": {
      "name": "chiseled.v.1",
      "definition": "deprive somebody of something by deceit",
      "onyms": [
        "chisel",
        "gyp",
        "mulct",
        "victimize",
        "cheat",
        "swindle",
        "defraud",
        "diddle",
        "gip",
        "rip_off",
        "cozen",
        "soak",
        "welch",
        "rook",
        "whipsaw",
        "nobble",
        "bunco",
        "fleece",
        "victimise",
        "goldbrick",
        "beat",
        "bunk",
        "gazump",
        "surcharge",
        "scam",
        "hoodwink",
        "short-change",
        "welsh",
        "rob",
        "hook",
        "hornswoggle",
        "bilk",
        "juggle",
        "beguile",
        "pluck",
        "overcharge",
        "con",
        "plume"
      ]
    }
  }
}