{
  "average_link": {
    "score": 0.08654334545135497,
    "time": 0.00025773048400878906,
    "start_wsp": {
      "name": "robed.v.1",
      "definition": "cover as if with clothing",
      "onyms": [
        "spread_over",
        "cover",
        "drape",
        "robe",
        "clothe",
        "cloak"
      ]
    },
    "end_wsp": {
      "name": "robe.v.3",
      "definition": "cover as if with clothing",
      "onyms": [
        "spread_over",
        "cover",
        "drape",
        "robe",
        "clothe",
        "cloak"
      ]
    }
  },
  "average_vector": {
    "score": 1.0,
    "time": 2.9657535552978516,
    "start_wsp": {
      "name": "robed.v.0",
      "definition": "clothe formally; especially in ecclesiastical robes",
      "onyms": [
        "tog",
        "dress",
        "garment",
        "fit_out",
        "habilitate",
        "enclothe",
        "garb",
        "robe",
        "apparel",
        "clothe",
        "vest",
        "raiment"
      ]
    },
    "end_wsp": {
      "name": "robe.v.2",
      "definition": "clothe formally; especially in ecclesiastical robes",
      "onyms": [
        "tog",
        "dress",
        "garment",
        "fit_out",
        "habilitate",
        "enclothe",
        "garb",
        "robe",
        "apparel",
        "clothe",
        "vest",
        "raiment"
      ]
    }
  },
  "complete_link": {
    "score": 0.15341852605342865,
    "time": 0.0002760887145996094,
    "start_wsp": {
      "name": "robed.s.4",
      "definition": "dressed or clothed especially in fine attire; often used in combination",
      "onyms": [
        "garbed",
        "garmented",
        "appareled",
        "attired",
        "habilimented",
        "dressed",
        "robed"
      ]
    },
    "end_wsp": {
      "name": "robe.n.0",
      "definition": "any loose flowing garment",
      "onyms": [
        "bathrobe",
        "dressing_gown",
        "robe-de-chambre",
        "kimono",
        "abaya",
        "garment",
        "lounging_robe",
        "robe"
      ]
    }
  },
  "single_link": {
    "score": 1.0,
    "time": 0.00029158592224121094,
    "start_wsp": {
      "name": "robed.v.0",
      "definition": "clothe formally; especially in ecclesiastical robes",
      "onyms": [
        "tog",
        "dress",
        "garment",
        "fit_out",
        "habilitate",
        "enclothe",
        "garb",
        "robe",
        "apparel",
        "clothe",
        "vest",
        "raiment"
      ]
    },
    "end_wsp": {
      "name": "robe.n.0",
      "definition": "any loose flowing garment",
      "onyms": [
        "bathrobe",
        "dressing_gown",
        "robe-de-chambre",
        "kimono",
        "abaya",
        "garment",
        "lounging_robe",
        "robe"
      ]
    }
  },
  "total_vector": {
    "score": 1.0,
    "time": 2.6483571529388428,
    "start_wsp": {
      "name": "robed.v.0",
      "definition": "clothe formally; especially in ecclesiastical robes",
      "onyms": [
        "tog",
        "dress",
        "garment",
        "fit_out",
        "habilitate",
        "enclothe",
        "garb",
        "robe",
        "apparel",
        "clothe",
        "vest",
        "raiment"
      ]
    },
    "end_wsp": {
      "name": "robe.v.2",
      "definition": "clothe formally; especially in ecclesiastical robes",
      "onyms": [
        "tog",
        "dress",
        "garment",
        "fit_out",
        "habilitate",
        "enclothe",
        "garb",
        "robe",
        "apparel",
        "clothe",
        "vest",
        "raiment"
      ]
    }
  }
}