{
  "average_link": {
    "score": 0.18916135653853416,
    "time": 9.822845458984375e-05,
    "start_wsp": {
      "name": "rolling.v.5",
      "definition": "occur in soft rounded shapes",
      "onyms": [
        "undulate",
        "roll"
      ]
    },
    "end_wsp": {
      "name": "trilled.s.2",
      "definition": "uttered with a trill",
      "onyms": [
        "rolled",
        "rolling",
        "trilled"
      ]
    }
  },
  "average_vector": {
    "score": 1.0,
    "time": 1.3525710105895996,
    "start_wsp": {
      "name": "rolling.s.21",
      "definition": "uttered with a trill",
      "onyms": [
        "rolled",
        "rolling",
        "trilled"
      ]
    },
    "end_wsp": {
      "name": "trilled.s.2",
      "definition": "uttered with a trill",
      "onyms": [
        "rolled",
        "rolling",
        "trilled"
      ]
    }
  },
  "complete_link": {
    "score": 0.14966323971748352,
    "time": 0.00010561943054199219,
    "start_wsp": {
      "name": "rolling.s.21",
      "definition": "uttered with a trill",
      "onyms": [
        "rolled",
        "rolling",
        "trilled"
      ]
    },
    "end_wsp": {
      "name": "trilled.s.2",
      "definition": "uttered with a trill",
      "onyms": [
        "rolled",
        "rolling",
        "trilled"
      ]
    }
  },
  "single_link": {
    "score": 1.0,
    "time": 0.00010061264038085938,
    "start_wsp": {
      "name": "rolling.v.17",
      "definition": "pronounce with a roll, of the phoneme /r/",
      "onyms": [
        "pronounce",
        "enunciate",
        "enounce",
        "roll",
        "say",
        "sound_out",
        "articulate"
      ]
    },
    "end_wsp": {
      "name": "trilled.v.0",
      "definition": "pronounce with a trill, of the phoneme `r'",
      "onyms": [
        "pronounce",
        "trill",
        "enunciate",
        "enounce",
        "say",
        "sound_out",
        "articulate"
      ]
    }
  },
  "total_vector": {
    "score": 1.0,
    "time": 1.3473706245422363,
    "start_wsp": {
      "name": "rolling.s.21",
      "definition": "uttered with a trill",
      "onyms": [
        "rolled",
        "rolling",
        "trilled"
      ]
    },
    "end_wsp": {
      "name": "trilled.s.2",
      "definition": "uttered with a trill",
      "onyms": [
        "rolled",
        "rolling",
        "trilled"
      ]
    }
  }
}