{
  "average_link": {
    "score": 0.11683524131774903,
    "time": 0.0007929801940917969,
    "start_wsp": {
      "name": "rotting.n.0",
      "definition": "(biology) the process of decay caused by bacterial or fungal action",
      "onyms": [
        "putrefaction",
        "rot",
        "decomposition",
        "rotting",
        "decay"
      ]
    },
    "end_wsp": {
      "name": "rot.n.1",
      "definition": "(biology) the process of decay caused by bacterial or fungal action",
      "onyms": [
        "putrefaction",
        "rot",
        "decomposition",
        "rotting",
        "decay"
      ]
    }
  },
  "average_vector": {
    "score": 1.0,
    "time": 1.375636339187622,
    "start_wsp": {
      "name": "rotting.n.0",
      "definition": "(biology) the process of decay caused by bacterial or fungal action",
      "onyms": [
        "putrefaction",
        "rot",
        "decomposition",
        "rotting",
        "decay"
      ]
    },
    "end_wsp": {
      "name": "rot.n.1",
      "definition": "(biology) the process of decay caused by bacterial or fungal action",
      "onyms": [
        "putrefaction",
        "rot",
        "decomposition",
        "rotting",
        "decay"
      ]
    }
  },
  "complete_link": {
    "score": 0.2706303596496582,
    "time": 0.0007874965667724609,
    "start_wsp": {
      "name": "rotting.n.0",
      "definition": "(biology) the process of decay caused by bacterial or fungal action",
      "onyms": [
        "putrefaction",
        "rot",
        "decomposition",
        "rotting",
        "decay"
      ]
    },
    "end_wsp": {
      "name": "rot.n.1",
      "definition": "(biology) the process of decay caused by bacterial or fungal action",
      "onyms": [
        "putrefaction",
        "rot",
        "decomposition",
        "rotting",
        "decay"
      ]
    }
  },
  "single_link": {
    "score": 1.0000001192092896,
    "time": 0.0007007122039794922,
    "start_wsp": {
      "name": "rotting.v.1",
      "definition": "break down",
      "onyms": [
        "hang",
        "molder",
        "decompose",
        "rot",
        "moulder",
        "biodegrade",
        "decay"
      ]
    },
    "end_wsp": {
      "name": "rot.v.3",
      "definition": "break down",
      "onyms": [
        "hang",
        "molder",
        "decompose",
        "rot",
        "moulder",
        "biodegrade",
        "decay"
      ]
    }
  },
  "total_vector": {
    "score": 1.0,
    "time": 1.3678443431854248,
    "start_wsp": {
      "name": "rotting.n.0",
      "definition": "(biology) the process of decay caused by bacterial or fungal action",
      "onyms": [
        "putrefaction",
        "rot",
        "decomposition",
        "rotting",
        "decay"
      ]
    },
    "end_wsp": {
      "name": "rot.n.1",
      "definition": "(biology) the process of decay caused by bacterial or fungal action",
      "onyms": [
        "putrefaction",
        "rot",
        "decomposition",
        "rotting",
        "decay"
      ]
    }
  }
}