{
  "average_link": {
    "score": 0.05382044923802217,
    "time": 0.00015115737915039062,
    "start_wsp": {
      "name": "sables.n.3",
      "definition": "a scarf (or trimming) made of sable",
      "onyms": [
        "scarf",
        "sable"
      ]
    },
    "end_wsp": {
      "name": "mourning.v.2",
      "definition": "feel sadness",
      "onyms": [
        "grieve",
        "sorrow",
        "mourn"
      ]
    }
  },
  "average_vector": {
    "score": 0.30860915780067444,
    "time": 2.8419060707092285,
    "start_wsp": {
      "name": "sables.n.2",
      "definition": "a very dark black",
      "onyms": [
        "black",
        "sable",
        "coal_black",
        "blackness",
        "jet_black",
        "inkiness",
        "pitch_black",
        "ebony",
        "soot_black"
      ]
    },
    "end_wsp": {
      "name": "mourning.n.1",
      "definition": "the passionate and demonstrative activity of expressing grief",
      "onyms": [
        "reflection",
        "activity",
        "expression",
        "manifestation",
        "lamentation",
        "reflexion",
        "mourning"
      ]
    }
  },
  "complete_link": {
    "score": 0.06738293170928955,
    "time": 0.0001900196075439453,
    "start_wsp": {
      "name": "sables.n.3",
      "definition": "a scarf (or trimming) made of sable",
      "onyms": [
        "scarf",
        "sable"
      ]
    },
    "end_wsp": {
      "name": "mourning.v.2",
      "definition": "feel sadness",
      "onyms": [
        "grieve",
        "sorrow",
        "mourn"
      ]
    }
  },
  "single_link": {
    "score": 0.31135186553001404,
    "time": 0.000171661376953125,
    "start_wsp": {
      "name": "sables.n.2",
      "definition": "a very dark black",
      "onyms": [
        "black",
        "sable",
        "coal_black",
        "blackness",
        "jet_black",
        "inkiness",
        "pitch_black",
        "ebony",
        "soot_black"
      ]
    },
    "end_wsp": {
      "name": "mourning.s.4",
      "definition": "sorrowful through loss or deprivation",
      "onyms": [
        "sorrowing",
        "grieving",
        "bereft",
        "grief-stricken",
        "bereaved",
        "mourning"
      ]
    }
  },
  "total_vector": {
    "score": 0.30860915780067444,
    "time": 2.941699743270874,
    "start_wsp": {
      "name": "sables.n.2",
      "definition": "a very dark black",
      "onyms": [
        "black",
        "sable",
        "coal_black",
        "blackness",
        "jet_black",
        "inkiness",
        "pitch_black",
        "ebony",
        "soot_black"
      ]
    },
    "end_wsp": {
      "name": "mourning.n.1",
      "definition": "the passionate and demonstrative activity of expressing grief",
      "onyms": [
        "reflection",
        "activity",
        "expression",
        "manifestation",
        "lamentation",
        "reflexion",
        "mourning"
      ]
    }
  }
}