{
  "average_link": {
    "score": 0.03961746214190498,
    "time": 7.867813110351562e-05,
    "start_wsp": {
      "name": "sale.n.3",
      "definition": "the state of being purchasable; offered or exhibited for selling",
      "onyms": [
        "merchantability",
        "sale"
      ]
    },
    "end_wsp": {
      "name": "cheap.a.0",
      "definition": "relatively low in price or charging low prices",
      "onyms": [
        "inexpensive",
        "cheap"
      ]
    }
  },
  "average_vector": {
    "score": 0.22603094577789307,
    "time": 1.3731105327606201,
    "start_wsp": {
      "name": "sale.n.1",
      "definition": "the general activity of selling",
      "onyms": [
        "merchandising",
        "auction",
        "sell",
        "sale",
        "selling",
        "auction_sale",
        "marketing",
        "vendue"
      ]
    },
    "end_wsp": {
      "name": "cheap.a.0",
      "definition": "relatively low in price or charging low prices",
      "onyms": [
        "inexpensive",
        "cheap"
      ]
    }
  },
  "complete_link": {
    "score": 0.02885080873966217,
    "time": 7.772445678710938e-05,
    "start_wsp": {
      "name": "sale.n.1",
      "definition": "the general activity of selling",
      "onyms": [
        "merchandising",
        "auction",
        "sell",
        "sale",
        "selling",
        "auction_sale",
        "marketing",
        "vendue"
      ]
    },
    "end_wsp": {
      "name": "cheap.a.0",
      "definition": "relatively low in price or charging low prices",
      "onyms": [
        "inexpensive",
        "cheap"
      ]
    }
  },
  "single_link": {
    "score": 0.30843794345855713,
    "time": 7.462501525878906e-05,
    "start_wsp": {
      "name": "sale.n.1",
      "definition": "the general activity of selling",
      "onyms": [
        "merchandising",
        "auction",
        "sell",
        "sale",
        "selling",
        "auction_sale",
        "marketing",
        "vendue"
      ]
    },
    "end_wsp": {
      "name": "cheap.a.0",
      "definition": "relatively low in price or charging low prices",
      "onyms": [
        "inexpensive",
        "cheap"
      ]
    }
  },
  "total_vector": {
    "score": 0.22603094577789307,
    "time": 1.3661830425262451,
    "start_wsp": {
      "name": "sale.n.1",
      "definition": "the general activity of selling",
      "onyms": [
        "merchandising",
        "auction",
        "sell",
        "sale",
        "selling",
        "auction_sale",
        "marketing",
        "vendue"
      ]
    },
    "end_wsp": {
      "name": "cheap.a.0",
      "definition": "relatively low in price or charging low prices",
      "onyms": [
        "inexpensive",
        "cheap"
      ]
    }
  }
}