{
  "average_link": {
    "score": 0.09937970258761197,
    "time": 0.0003790855407714844,
    "start_wsp": {
      "name": "salve.n.1",
      "definition": "anything that remedies or heals or soothes",
      "onyms": [
        "salve",
        "redress",
        "remediation",
        "remedy"
      ]
    },
    "end_wsp": {
      "name": "redress.n.1",
      "definition": "act of correcting an error or a fault or an evil",
      "onyms": [
        "remediation",
        "salve",
        "redress",
        "rectification",
        "correction",
        "remedy"
      ]
    }
  },
  "average_vector": {
    "score": 0.9148872494697571,
    "time": 1.3087716102600098,
    "start_wsp": {
      "name": "salve.n.1",
      "definition": "anything that remedies or heals or soothes",
      "onyms": [
        "salve",
        "redress",
        "remediation",
        "remedy"
      ]
    },
    "end_wsp": {
      "name": "redress.n.1",
      "definition": "act of correcting an error or a fault or an evil",
      "onyms": [
        "remediation",
        "salve",
        "redress",
        "rectification",
        "correction",
        "remedy"
      ]
    }
  },
  "complete_link": {
    "score": 0.0497436486184597,
    "time": 0.00036978721618652344,
    "start_wsp": {
      "name": "salve.n.1",
      "definition": "anything that remedies or heals or soothes",
      "onyms": [
        "salve",
        "redress",
        "remediation",
        "remedy"
      ]
    },
    "end_wsp": {
      "name": "redress.n.1",
      "definition": "act of correcting an error or a fault or an evil",
      "onyms": [
        "remediation",
        "salve",
        "redress",
        "rectification",
        "correction",
        "remedy"
      ]
    }
  },
  "single_link": {
    "score": 1.0000001192092896,
    "time": 0.00033664703369140625,
    "start_wsp": {
      "name": "salve.n.0",
      "definition": "semisolid preparation (usually containing a medicine) applied externally as a remedy or for soothing an irritation",
      "onyms": [
        "ointment",
        "wool_grease",
        "arnica",
        "lip_balm",
        "chrisom",
        "curative",
        "holy_oil",
        "baby_oil",
        "cerate",
        "balsam",
        "salve",
        "lanolin",
        "carron_oil",
        "wool_fat",
        "unction",
        "remedy",
        "unguent",
        "zinc_ointment",
        "sacramental_oil",
        "therapeutic",
        "mentholated_salve",
        "mercurial_ointment",
        "balm",
        "chrism",
        "cure"
      ]
    },
    "end_wsp": {
      "name": "redress.n.1",
      "definition": "act of correcting an error or a fault or an evil",
      "onyms": [
        "remediation",
        "salve",
        "redress",
        "rectification",
        "correction",
        "remedy"
      ]
    }
  },
  "total_vector": {
    "score": 0.9148872494697571,
    "time": 1.3015964031219482,
    "start_wsp": {
      "name": "salve.n.1",
      "definition": "anything that remedies or heals or soothes",
      "onyms": [
        "salve",
        "redress",
        "remediation",
        "remedy"
      ]
    },
    "end_wsp": {
      "name": "redress.n.1",
      "definition": "act of correcting an error or a fault or an evil",
      "onyms": [
        "remediation",
        "salve",
        "redress",
        "rectification",
        "correction",
        "remedy"
      ]
    }
  }
}