{
  "average_link": {
    "score": 0.07361346255573961,
    "time": 8.726119995117188e-05,
    "start_wsp": {
      "name": "sampling.n.0",
      "definition": "(statistics) the selection of a suitable sample for study",
      "onyms": [
        "stratified_sampling",
        "sampling",
        "pick",
        "choice",
        "representative_sampling",
        "selection",
        "random_sampling",
        "option",
        "proportional_sampling"
      ]
    },
    "end_wsp": {
      "name": "choice.s.4",
      "definition": "appealing to refined taste",
      "onyms": [
        "choice"
      ]
    }
  },
  "average_vector": {
    "score": 0.7345790266990662,
    "time": 1.3611440658569336,
    "start_wsp": {
      "name": "sampling.n.0",
      "definition": "(statistics) the selection of a suitable sample for study",
      "onyms": [
        "stratified_sampling",
        "sampling",
        "pick",
        "choice",
        "representative_sampling",
        "selection",
        "random_sampling",
        "option",
        "proportional_sampling"
      ]
    },
    "end_wsp": {
      "name": "choice.n.0",
      "definition": "the person or thing chosen or selected",
      "onyms": [
        "way",
        "pick",
        "choice",
        "favorite",
        "deciding",
        "favourite",
        "decision_making",
        "pleasure",
        "selection"
      ]
    }
  },
  "complete_link": {
    "score": 0.11560749262571335,
    "time": 8.749961853027344e-05,
    "start_wsp": {
      "name": "sampling.v.3",
      "definition": "take a sample of",
      "onyms": [
        "taste",
        "try",
        "consume",
        "degust",
        "take",
        "try_out",
        "have",
        "take_in",
        "ingest",
        "sample"
      ]
    },
    "end_wsp": {
      "name": "choice.s.4",
      "definition": "appealing to refined taste",
      "onyms": [
        "choice"
      ]
    }
  },
  "single_link": {
    "score": 1.0,
    "time": 7.891654968261719e-05,
    "start_wsp": {
      "name": "sampling.n.0",
      "definition": "(statistics) the selection of a suitable sample for study",
      "onyms": [
        "stratified_sampling",
        "sampling",
        "pick",
        "choice",
        "representative_sampling",
        "selection",
        "random_sampling",
        "option",
        "proportional_sampling"
      ]
    },
    "end_wsp": {
      "name": "choice.n.0",
      "definition": "the person or thing chosen or selected",
      "onyms": [
        "way",
        "pick",
        "choice",
        "favorite",
        "deciding",
        "favourite",
        "decision_making",
        "pleasure",
        "selection"
      ]
    }
  },
  "total_vector": {
    "score": 0.7345790863037109,
    "time": 1.3361341953277588,
    "start_wsp": {
      "name": "sampling.n.0",
      "definition": "(statistics) the selection of a suitable sample for study",
      "onyms": [
        "stratified_sampling",
        "sampling",
        "pick",
        "choice",
        "representative_sampling",
        "selection",
        "random_sampling",
        "option",
        "proportional_sampling"
      ]
    },
    "end_wsp": {
      "name": "choice.n.0",
      "definition": "the person or thing chosen or selected",
      "onyms": [
        "way",
        "pick",
        "choice",
        "favorite",
        "deciding",
        "favourite",
        "decision_making",
        "pleasure",
        "selection"
      ]
    }
  }
}