{
  "average_link": {
    "score": 0.23659916818141938,
    "time": 7.05718994140625e-05,
    "start_wsp": {
      "name": "satellite.s.4",
      "definition": "surrounding and dominated by a central authority or power",
      "onyms": [
        "satellite"
      ]
    },
    "end_wsp": {
      "name": "orbit.n.0",
      "definition": "the (usually elliptical) path described by one celestial body in its revolution about another",
      "onyms": [
        "celestial_orbit",
        "itinerary",
        "point_of_apoapsis",
        "periapsis",
        "point_of_periapsis",
        "apoapsis",
        "route",
        "geosynchronous_orbit",
        "orbit",
        "path"
      ]
    }
  },
  "average_vector": {
    "score": 0.5565098524093628,
    "time": 5.25918984413147,
    "start_wsp": {
      "name": "satellite.n.0",
      "definition": "man-made equipment that orbits around the earth or the moon",
      "onyms": [
        "solar_panel",
        "ballistic_capsule",
        "space_platform",
        "space_station",
        "meteorological_satellite",
        "artificial_satellite",
        "space_vehicle",
        "sputnik",
        "communications_satellite",
        "space_laboratory",
        "solar_battery",
        "satellite",
        "spy_satellite",
        "equipment",
        "weather_satellite",
        "astronomy_satellite",
        "solar_array",
        "spacecraft",
        "orbiter"
      ]
    },
    "end_wsp": {
      "name": "orbit.n.0",
      "definition": "the (usually elliptical) path described by one celestial body in its revolution about another",
      "onyms": [
        "celestial_orbit",
        "itinerary",
        "point_of_apoapsis",
        "periapsis",
        "point_of_periapsis",
        "apoapsis",
        "route",
        "geosynchronous_orbit",
        "orbit",
        "path"
      ]
    }
  },
  "complete_link": {
    "score": 0.0944996327161789,
    "time": 6.961822509765625e-05,
    "start_wsp": {
      "name": "satellite.s.4",
      "definition": "surrounding and dominated by a central authority or power",
      "onyms": [
        "satellite"
      ]
    },
    "end_wsp": {
      "name": "orbit.n.0",
      "definition": "the (usually elliptical) path described by one celestial body in its revolution about another",
      "onyms": [
        "celestial_orbit",
        "itinerary",
        "point_of_apoapsis",
        "periapsis",
        "point_of_periapsis",
        "apoapsis",
        "route",
        "geosynchronous_orbit",
        "orbit",
        "path"
      ]
    }
  },
  "single_link": {
    "score": 0.7608839273452759,
    "time": 6.508827209472656e-05,
    "start_wsp": {
      "name": "satellite.n.0",
      "definition": "man-made equipment that orbits around the earth or the moon",
      "onyms": [
        "solar_panel",
        "ballistic_capsule",
        "space_platform",
        "space_station",
        "meteorological_satellite",
        "artificial_satellite",
        "space_vehicle",
        "sputnik",
        "communications_satellite",
        "space_laboratory",
        "solar_battery",
        "satellite",
        "spy_satellite",
        "equipment",
        "weather_satellite",
        "astronomy_satellite",
        "solar_array",
        "spacecraft",
        "orbiter"
      ]
    },
    "end_wsp": {
      "name": "orbit.n.0",
      "definition": "the (usually elliptical) path described by one celestial body in its revolution about another",
      "onyms": [
        "celestial_orbit",
        "itinerary",
        "point_of_apoapsis",
        "periapsis",
        "point_of_periapsis",
        "apoapsis",
        "route",
        "geosynchronous_orbit",
        "orbit",
        "path"
      ]
    }
  },
  "total_vector": {
    "score": 0.5565098524093628,
    "time": 5.073594570159912,
    "start_wsp": {
      "name": "satellite.n.0",
      "definition": "man-made equipment that orbits around the earth or the moon",
      "onyms": [
        "solar_panel",
        "ballistic_capsule",
        "space_platform",
        "space_station",
        "meteorological_satellite",
        "artificial_satellite",
        "space_vehicle",
        "sputnik",
        "communications_satellite",
        "space_laboratory",
        "solar_battery",
        "satellite",
        "spy_satellite",
        "equipment",
        "weather_satellite",
        "astronomy_satellite",
        "solar_array",
        "spacecraft",
        "orbiter"
      ]
    },
    "end_wsp": {
      "name": "orbit.n.0",
      "definition": "the (usually elliptical) path described by one celestial body in its revolution about another",
      "onyms": [
        "celestial_orbit",
        "itinerary",
        "point_of_apoapsis",
        "periapsis",
        "point_of_periapsis",
        "apoapsis",
        "route",
        "geosynchronous_orbit",
        "orbit",
        "path"
      ]
    }
  }
}