{
  "average_link": {
    "score": 0.26560918241739273,
    "time": 5.125999450683594e-05,
    "start_wsp": {
      "name": "scheming.s.3",
      "definition": "concealing crafty designs for advancing your own interest; - W.Churchill",
      "onyms": [
        "scheming",
        "designing"
      ]
    },
    "end_wsp": {
      "name": "designing.s.8",
      "definition": "concealing crafty designs for advancing your own interest; - W.Churchill",
      "onyms": [
        "scheming",
        "designing"
      ]
    }
  },
  "average_vector": {
    "score": 0.9999999403953552,
    "time": 1.352738857269287,
    "start_wsp": {
      "name": "scheming.s.3",
      "definition": "concealing crafty designs for advancing your own interest; - W.Churchill",
      "onyms": [
        "scheming",
        "designing"
      ]
    },
    "end_wsp": {
      "name": "designing.s.8",
      "definition": "concealing crafty designs for advancing your own interest; - W.Churchill",
      "onyms": [
        "scheming",
        "designing"
      ]
    }
  },
  "complete_link": {
    "score": 0.0894017294049263,
    "time": 5.53131103515625e-05,
    "start_wsp": {
      "name": "scheming.v.1",
      "definition": "devise a system or form a scheme for",
      "onyms": [
        "plan",
        "scheme"
      ]
    },
    "end_wsp": {
      "name": "designing.n.0",
      "definition": "the act of working out the form of something (as by making a sketch or outline or plan)",
      "onyms": [
        "planning",
        "creating_by_mental_acts",
        "designing",
        "design"
      ]
    }
  },
  "single_link": {
    "score": 1.0,
    "time": 5.3882598876953125e-05,
    "start_wsp": {
      "name": "scheming.v.0",
      "definition": "form intrigues (for) in an underhand manner",
      "onyms": [
        "connive",
        "scheme",
        "plot",
        "intrigue"
      ]
    },
    "end_wsp": {
      "name": "designing.v.1",
      "definition": "make or work out a plan for; devise",
      "onyms": [
        "concert",
        "create_mentally",
        "plot",
        "create_by_mental_act",
        "contrive",
        "map_out",
        "plan",
        "project",
        "design",
        "map"
      ]
    }
  },
  "total_vector": {
    "score": 0.9999999403953552,
    "time": 1.3502802848815918,
    "start_wsp": {
      "name": "scheming.s.3",
      "definition": "concealing crafty designs for advancing your own interest; - W.Churchill",
      "onyms": [
        "scheming",
        "designing"
      ]
    },
    "end_wsp": {
      "name": "designing.s.8",
      "definition": "concealing crafty designs for advancing your own interest; - W.Churchill",
      "onyms": [
        "scheming",
        "designing"
      ]
    }
  }
}