{
  "average_link": {
    "score": 0.18866378936747258,
    "time": 0.00022101402282714844,
    "start_wsp": {
      "name": "school.n.5",
      "definition": "an educational institution's faculty and students",
      "onyms": [
        "educational_institution",
        "school"
      ]
    },
    "end_wsp": {
      "name": "educate.v.0",
      "definition": "give an education to",
      "onyms": [
        "amend",
        "coeducate",
        "train",
        "socialise",
        "socialize",
        "meliorate",
        "groom",
        "better",
        "ameliorate",
        "co-educate",
        "improve",
        "educate",
        "prepare",
        "school"
      ]
    }
  },
  "average_vector": {
    "score": 1.0,
    "time": 1.3655955791473389,
    "start_wsp": {
      "name": "school.v.8",
      "definition": "teach or refine to be discriminative in taste or judgment",
      "onyms": [
        "fine-tune",
        "cultivate",
        "train",
        "down",
        "sophisticate",
        "refine",
        "educate",
        "civilise",
        "civilize",
        "school",
        "polish"
      ]
    },
    "end_wsp": {
      "name": "educate.v.2",
      "definition": "teach or refine to be discriminative in taste or judgment",
      "onyms": [
        "fine-tune",
        "cultivate",
        "train",
        "down",
        "sophisticate",
        "refine",
        "educate",
        "civilise",
        "civilize",
        "school",
        "polish"
      ]
    }
  },
  "complete_link": {
    "score": 0.04872706159949303,
    "time": 0.00021123886108398438,
    "start_wsp": {
      "name": "school.n.5",
      "definition": "an educational institution's faculty and students",
      "onyms": [
        "educational_institution",
        "school"
      ]
    },
    "end_wsp": {
      "name": "educate.v.1",
      "definition": "create by training and teaching",
      "onyms": [
        "toilet-train",
        "train",
        "housebreak",
        "house-train",
        "develop",
        "teach",
        "instruct",
        "educate",
        "retrain",
        "drill",
        "prepare",
        "learn"
      ]
    }
  },
  "single_link": {
    "score": 1.0,
    "time": 0.00019669532775878906,
    "start_wsp": {
      "name": "school.n.0",
      "definition": "an educational institution",
      "onyms": [
        "religious_school",
        "day_school",
        "public_school",
        "grad_school",
        "nursing_school",
        "school_teacher",
        "academy",
        "dancing_school",
        "veterinary_school",
        "driving_school",
        "Gymnasium",
        "finishing_school",
        "Sabbath_school",
        "grammar_school",
        "alma_mater",
        "language_school",
        "staff",
        "flying_school",
        "secondary_school",
        "technical_school",
        "conservatory",
        "night_school",
        "lyceum",
        "graduate_school",
        "riding_school",
        "secretarial_school",
        "schoolteacher",
        "tech",
        "school_of_nursing",
        "middle_school",
        "private_school",
        "direct-grant_school",
        "school",
        "faculty",
        "lycee",
        "training_school",
        "grade_school",
        "crammer",
        "elementary_school",
        "primary_school",
        "dance_school",
        "educational_institution",
        "correspondence_school",
        "Sunday_school"
      ]
    },
    "end_wsp": {
      "name": "educate.v.0",
      "definition": "give an education to",
      "onyms": [
        "amend",
        "coeducate",
        "train",
        "socialise",
        "socialize",
        "meliorate",
        "groom",
        "better",
        "ameliorate",
        "co-educate",
        "improve",
        "educate",
        "prepare",
        "school"
      ]
    }
  },
  "total_vector": {
    "score": 1.0,
    "time": 1.3392233848571777,
    "start_wsp": {
      "name": "school.v.8",
      "definition": "teach or refine to be discriminative in taste or judgment",
      "onyms": [
        "fine-tune",
        "cultivate",
        "train",
        "down",
        "sophisticate",
        "refine",
        "educate",
        "civilise",
        "civilize",
        "school",
        "polish"
      ]
    },
    "end_wsp": {
      "name": "educate.v.2",
      "definition": "teach or refine to be discriminative in taste or judgment",
      "onyms": [
        "fine-tune",
        "cultivate",
        "train",
        "down",
        "sophisticate",
        "refine",
        "educate",
        "civilise",
        "civilize",
        "school",
        "polish"
      ]
    }
  }
}