{
  "average_link": {
    "score": 0.11503208316862583,
    "time": 4.5299530029296875e-05,
    "start_wsp": {
      "name": "scruple.n.2",
      "definition": "an ethical or moral principle that inhibits action",
      "onyms": [
        "principle",
        "scruple"
      ]
    },
    "end_wsp": {
      "name": "dram.n.0",
      "definition": "a unit of apothecary weight equal to an eighth of an ounce or to 60 grains",
      "onyms": [
        "ounce",
        "troy_ounce",
        "dram",
        "apothecaries'_ounce",
        "apothecaries'_unit",
        "apothecaries'_weight",
        "drachm",
        "scruple",
        "drachma"
      ]
    }
  },
  "average_vector": {
    "score": 0.718261182308197,
    "time": 11.248450994491577,
    "start_wsp": {
      "name": "scruple.n.0",
      "definition": "a unit of apothecary weight equal to 20 grains",
      "onyms": [
        "grain",
        "dram",
        "apothecaries'_unit",
        "apothecaries'_weight",
        "drachm",
        "scruple",
        "drachma"
      ]
    },
    "end_wsp": {
      "name": "dram.n.0",
      "definition": "a unit of apothecary weight equal to an eighth of an ounce or to 60 grains",
      "onyms": [
        "ounce",
        "troy_ounce",
        "dram",
        "apothecaries'_ounce",
        "apothecaries'_unit",
        "apothecaries'_weight",
        "drachm",
        "scruple",
        "drachma"
      ]
    }
  },
  "complete_link": {
    "score": 0.10253686457872391,
    "time": 4.506111145019531e-05,
    "start_wsp": {
      "name": "scruple.n.0",
      "definition": "a unit of apothecary weight equal to 20 grains",
      "onyms": [
        "grain",
        "dram",
        "apothecaries'_unit",
        "apothecaries'_weight",
        "drachm",
        "scruple",
        "drachma"
      ]
    },
    "end_wsp": {
      "name": "dram.n.2",
      "definition": "the basic unit of money in Armenia",
      "onyms": [
        "Armenian_monetary_unit",
        "dram"
      ]
    }
  },
  "single_link": {
    "score": 1.0,
    "time": 4.172325134277344e-05,
    "start_wsp": {
      "name": "scruple.n.0",
      "definition": "a unit of apothecary weight equal to 20 grains",
      "onyms": [
        "grain",
        "dram",
        "apothecaries'_unit",
        "apothecaries'_weight",
        "drachm",
        "scruple",
        "drachma"
      ]
    },
    "end_wsp": {
      "name": "dram.n.0",
      "definition": "a unit of apothecary weight equal to an eighth of an ounce or to 60 grains",
      "onyms": [
        "ounce",
        "troy_ounce",
        "dram",
        "apothecaries'_ounce",
        "apothecaries'_unit",
        "apothecaries'_weight",
        "drachm",
        "scruple",
        "drachma"
      ]
    }
  },
  "total_vector": {
    "score": 0.718261182308197,
    "time": 10.921074628829956,
    "start_wsp": {
      "name": "scruple.n.0",
      "definition": "a unit of apothecary weight equal to 20 grains",
      "onyms": [
        "grain",
        "dram",
        "apothecaries'_unit",
        "apothecaries'_weight",
        "drachm",
        "scruple",
        "drachma"
      ]
    },
    "end_wsp": {
      "name": "dram.n.0",
      "definition": "a unit of apothecary weight equal to an eighth of an ounce or to 60 grains",
      "onyms": [
        "ounce",
        "troy_ounce",
        "dram",
        "apothecaries'_ounce",
        "apothecaries'_unit",
        "apothecaries'_weight",
        "drachm",
        "scruple",
        "drachma"
      ]
    }
  }
}