{
  "average_link": {
    "score": 0.22616183757781982,
    "time": 0.0001266002655029297,
    "start_wsp": {
      "name": "sculpted.s.2",
      "definition": "cut into a desired shape",
      "onyms": [
        "graven",
        "sculpted",
        "sculptured"
      ]
    },
    "end_wsp": {
      "name": "sculptured.s.2",
      "definition": "cut into a desired shape",
      "onyms": [
        "graven",
        "sculpted",
        "sculptured"
      ]
    }
  },
  "average_vector": {
    "score": 1.0,
    "time": 1.3787274360656738,
    "start_wsp": {
      "name": "sculpted.s.2",
      "definition": "cut into a desired shape",
      "onyms": [
        "graven",
        "sculpted",
        "sculptured"
      ]
    },
    "end_wsp": {
      "name": "sculptured.s.2",
      "definition": "cut into a desired shape",
      "onyms": [
        "graven",
        "sculpted",
        "sculptured"
      ]
    }
  },
  "complete_link": {
    "score": 0.3397735059261322,
    "time": 0.00011134147644042969,
    "start_wsp": {
      "name": "sculpted.s.2",
      "definition": "cut into a desired shape",
      "onyms": [
        "graven",
        "sculpted",
        "sculptured"
      ]
    },
    "end_wsp": {
      "name": "sculptured.s.2",
      "definition": "cut into a desired shape",
      "onyms": [
        "graven",
        "sculpted",
        "sculptured"
      ]
    }
  },
  "single_link": {
    "score": 1.0000001192092896,
    "time": 0.00010991096496582031,
    "start_wsp": {
      "name": "sculpted.v.0",
      "definition": "create by shaping stone or wood or any other hard material",
      "onyms": [
        "forge",
        "work",
        "mould",
        "sculpture",
        "sculpt",
        "mold",
        "shape",
        "form"
      ]
    },
    "end_wsp": {
      "name": "sculptured.v.0",
      "definition": "create by shaping stone or wood or any other hard material",
      "onyms": [
        "forge",
        "work",
        "mould",
        "sculpture",
        "sculpt",
        "mold",
        "shape",
        "form"
      ]
    }
  },
  "total_vector": {
    "score": 1.0,
    "time": 1.3499691486358643,
    "start_wsp": {
      "name": "sculpted.v.0",
      "definition": "create by shaping stone or wood or any other hard material",
      "onyms": [
        "forge",
        "work",
        "mould",
        "sculpture",
        "sculpt",
        "mold",
        "shape",
        "form"
      ]
    },
    "end_wsp": {
      "name": "sculptured.v.0",
      "definition": "create by shaping stone or wood or any other hard material",
      "onyms": [
        "forge",
        "work",
        "mould",
        "sculpture",
        "sculpt",
        "mold",
        "shape",
        "form"
      ]
    }
  }
}