{
  "average_link": {
    "score": 0.14313079975545406,
    "time": 0.00011157989501953125,
    "start_wsp": {
      "name": "scum.v.2",
      "definition": "remove the scum from",
      "onyms": [
        "scum",
        "get_rid_of",
        "remove"
      ]
    },
    "end_wsp": {
      "name": "trash.n.1",
      "definition": "worthless people",
      "onyms": [
        "trash",
        "riffraff",
        "rabble",
        "scum",
        "ragtag_and_bobtail",
        "ragtag"
      ]
    }
  },
  "average_vector": {
    "score": 0.9999999403953552,
    "time": 16.24911904335022,
    "start_wsp": {
      "name": "scum.n.0",
      "definition": "worthless people",
      "onyms": [
        "trash",
        "riffraff",
        "rabble",
        "scum",
        "ragtag_and_bobtail",
        "ragtag"
      ]
    },
    "end_wsp": {
      "name": "trash.n.1",
      "definition": "worthless people",
      "onyms": [
        "trash",
        "riffraff",
        "rabble",
        "scum",
        "ragtag_and_bobtail",
        "ragtag"
      ]
    }
  },
  "complete_link": {
    "score": 0.18427854776382446,
    "time": 9.632110595703125e-05,
    "start_wsp": {
      "name": "scum.n.0",
      "definition": "worthless people",
      "onyms": [
        "trash",
        "riffraff",
        "rabble",
        "scum",
        "ragtag_and_bobtail",
        "ragtag"
      ]
    },
    "end_wsp": {
      "name": "trash.n.1",
      "definition": "worthless people",
      "onyms": [
        "trash",
        "riffraff",
        "rabble",
        "scum",
        "ragtag_and_bobtail",
        "ragtag"
      ]
    }
  },
  "single_link": {
    "score": 1.0,
    "time": 8.916854858398438e-05,
    "start_wsp": {
      "name": "scum.n.0",
      "definition": "worthless people",
      "onyms": [
        "trash",
        "riffraff",
        "rabble",
        "scum",
        "ragtag_and_bobtail",
        "ragtag"
      ]
    },
    "end_wsp": {
      "name": "trash.n.1",
      "definition": "worthless people",
      "onyms": [
        "trash",
        "riffraff",
        "rabble",
        "scum",
        "ragtag_and_bobtail",
        "ragtag"
      ]
    }
  },
  "total_vector": {
    "score": 0.9999999403953552,
    "time": 15.434064388275146,
    "start_wsp": {
      "name": "scum.n.0",
      "definition": "worthless people",
      "onyms": [
        "trash",
        "riffraff",
        "rabble",
        "scum",
        "ragtag_and_bobtail",
        "ragtag"
      ]
    },
    "end_wsp": {
      "name": "trash.n.1",
      "definition": "worthless people",
      "onyms": [
        "trash",
        "riffraff",
        "rabble",
        "scum",
        "ragtag_and_bobtail",
        "ragtag"
      ]
    }
  }
}