{
  "average_link": {
    "score": 0.04034703345453426,
    "time": 0.0012195110321044922,
    "start_wsp": {
      "name": "searched.v.2",
      "definition": "inquire into",
      "onyms": [
        "mapquest",
        "search",
        "google",
        "prospect",
        "investigate",
        "explore",
        "research",
        "re-explore",
        "look_into",
        "cast_around",
        "beat_about",
        "cast_about"
      ]
    },
    "end_wsp": {
      "name": "search.v.7",
      "definition": "inquire into",
      "onyms": [
        "mapquest",
        "search",
        "google",
        "prospect",
        "investigate",
        "explore",
        "research",
        "re-explore",
        "look_into",
        "cast_around",
        "beat_about",
        "cast_about"
      ]
    }
  },
  "average_vector": {
    "score": 1.0,
    "time": 6.01134181022644,
    "start_wsp": {
      "name": "searched.v.0",
      "definition": "try to locate or discover, or try to establish the existence of",
      "onyms": [
        "drag",
        "pursue",
        "fish",
        "scour",
        "seek",
        "grub",
        "leave_no_stone_unturned",
        "gather",
        "shop",
        "fumble",
        "divine",
        "quest_after",
        "quest_for",
        "search",
        "dredge",
        "finger",
        "want",
        "angle",
        "surf",
        "browse",
        "go_after",
        "grope",
        "hunt",
        "look_for",
        "seek_out",
        "feel"
      ]
    },
    "end_wsp": {
      "name": "search.v.5",
      "definition": "try to locate or discover, or try to establish the existence of",
      "onyms": [
        "drag",
        "pursue",
        "fish",
        "scour",
        "seek",
        "grub",
        "leave_no_stone_unturned",
        "gather",
        "shop",
        "fumble",
        "divine",
        "quest_after",
        "quest_for",
        "search",
        "dredge",
        "finger",
        "want",
        "angle",
        "surf",
        "browse",
        "go_after",
        "grope",
        "hunt",
        "look_for",
        "seek_out",
        "feel"
      ]
    }
  },
  "complete_link": {
    "score": -0.0052876463159918785,
    "time": 0.0011763572692871094,
    "start_wsp": {
      "name": "searched.v.2",
      "definition": "inquire into",
      "onyms": [
        "mapquest",
        "search",
        "google",
        "prospect",
        "investigate",
        "explore",
        "research",
        "re-explore",
        "look_into",
        "cast_around",
        "beat_about",
        "cast_about"
      ]
    },
    "end_wsp": {
      "name": "search.n.2",
      "definition": "an operation that determines whether one or more of a set of items has a specified property",
      "onyms": [
        "search",
        "operation",
        "lookup"
      ]
    }
  },
  "single_link": {
    "score": 1.0,
    "time": 0.0011746883392333984,
    "start_wsp": {
      "name": "searched.v.0",
      "definition": "try to locate or discover, or try to establish the existence of",
      "onyms": [
        "drag",
        "pursue",
        "fish",
        "scour",
        "seek",
        "grub",
        "leave_no_stone_unturned",
        "gather",
        "shop",
        "fumble",
        "divine",
        "quest_after",
        "quest_for",
        "search",
        "dredge",
        "finger",
        "want",
        "angle",
        "surf",
        "browse",
        "go_after",
        "grope",
        "hunt",
        "look_for",
        "seek_out",
        "feel"
      ]
    },
    "end_wsp": {
      "name": "search.n.0",
      "definition": "the activity of looking thoroughly in order to find something or someone",
      "onyms": [
        "search",
        "looking_for",
        "foraging",
        "ransacking",
        "activity",
        "looking",
        "quest",
        "shakedown",
        "hunt",
        "hunting",
        "manhunt",
        "seeking",
        "forage",
        "frisk",
        "frisking",
        "scouring",
        "exploration",
        "rummage"
      ]
    }
  },
  "total_vector": {
    "score": 1.0,
    "time": 5.4547953605651855,
    "start_wsp": {
      "name": "searched.v.0",
      "definition": "try to locate or discover, or try to establish the existence of",
      "onyms": [
        "drag",
        "pursue",
        "fish",
        "scour",
        "seek",
        "grub",
        "leave_no_stone_unturned",
        "gather",
        "shop",
        "fumble",
        "divine",
        "quest_after",
        "quest_for",
        "search",
        "dredge",
        "finger",
        "want",
        "angle",
        "surf",
        "browse",
        "go_after",
        "grope",
        "hunt",
        "look_for",
        "seek_out",
        "feel"
      ]
    },
    "end_wsp": {
      "name": "search.v.5",
      "definition": "try to locate or discover, or try to establish the existence of",
      "onyms": [
        "drag",
        "pursue",
        "fish",
        "scour",
        "seek",
        "grub",
        "leave_no_stone_unturned",
        "gather",
        "shop",
        "fumble",
        "divine",
        "quest_after",
        "quest_for",
        "search",
        "dredge",
        "finger",
        "want",
        "angle",
        "surf",
        "browse",
        "go_after",
        "grope",
        "hunt",
        "look_for",
        "seek_out",
        "feel"
      ]
    }
  }
}