{
  "average_link": {
    "score": 0.07541306805610656,
    "time": 0.0002903938293457031,
    "start_wsp": {
      "name": "shackle.v.2",
      "definition": "bind the arms of",
      "onyms": [
        "restrain",
        "shackle",
        "pinion",
        "hold",
        "confine"
      ]
    },
    "end_wsp": {
      "name": "pinion.v.3",
      "definition": "bind the arms of",
      "onyms": [
        "restrain",
        "shackle",
        "pinion",
        "hold",
        "confine"
      ]
    }
  },
  "average_vector": {
    "score": 1.0,
    "time": 1.400923490524292,
    "start_wsp": {
      "name": "shackle.v.2",
      "definition": "bind the arms of",
      "onyms": [
        "restrain",
        "shackle",
        "pinion",
        "hold",
        "confine"
      ]
    },
    "end_wsp": {
      "name": "pinion.v.3",
      "definition": "bind the arms of",
      "onyms": [
        "restrain",
        "shackle",
        "pinion",
        "hold",
        "confine"
      ]
    }
  },
  "complete_link": {
    "score": 0.010902166366577148,
    "time": 0.0003039836883544922,
    "start_wsp": {
      "name": "shackle.n.1",
      "definition": "a U-shaped bar; the open end can be passed through chain links and closed with a bar",
      "onyms": [
        "padlock",
        "bar",
        "shackle"
      ]
    },
    "end_wsp": {
      "name": "pinion.n.0",
      "definition": "a gear with a small number of teeth designed to mesh with a larger wheel or rack",
      "onyms": [
        "gear_wheel",
        "gear",
        "lantern_wheel",
        "lantern_pinion",
        "geared_wheel",
        "pinion",
        "cogwheel"
      ]
    }
  },
  "single_link": {
    "score": 1.0,
    "time": 0.0002791881561279297,
    "start_wsp": {
      "name": "shackle.v.2",
      "definition": "bind the arms of",
      "onyms": [
        "restrain",
        "shackle",
        "pinion",
        "hold",
        "confine"
      ]
    },
    "end_wsp": {
      "name": "pinion.n.0",
      "definition": "a gear with a small number of teeth designed to mesh with a larger wheel or rack",
      "onyms": [
        "gear_wheel",
        "gear",
        "lantern_wheel",
        "lantern_pinion",
        "geared_wheel",
        "pinion",
        "cogwheel"
      ]
    }
  },
  "total_vector": {
    "score": 1.0,
    "time": 1.3874485492706299,
    "start_wsp": {
      "name": "shackle.v.2",
      "definition": "bind the arms of",
      "onyms": [
        "restrain",
        "shackle",
        "pinion",
        "hold",
        "confine"
      ]
    },
    "end_wsp": {
      "name": "pinion.v.3",
      "definition": "bind the arms of",
      "onyms": [
        "restrain",
        "shackle",
        "pinion",
        "hold",
        "confine"
      ]
    }
  }
}