{
  "average_link": {
    "score": 0.39279821515083313,
    "time": 0.00024080276489257812,
    "start_wsp": {
      "name": "shake.v.7",
      "definition": "move with or as if with a tremor",
      "onyms": [
        "shake",
        "move_reflexively",
        "didder",
        "move_involuntarily"
      ]
    },
    "end_wsp": {
      "name": "wag.n.1",
      "definition": "causing to move repeatedly from side to side",
      "onyms": [
        "shake",
        "agitation",
        "wag",
        "waggle"
      ]
    }
  },
  "average_vector": {
    "score": 1.0,
    "time": 11.77838945388794,
    "start_wsp": {
      "name": "shake.n.5",
      "definition": "causing to move repeatedly from side to side",
      "onyms": [
        "shake",
        "agitation",
        "wag",
        "waggle"
      ]
    },
    "end_wsp": {
      "name": "wag.n.1",
      "definition": "causing to move repeatedly from side to side",
      "onyms": [
        "shake",
        "agitation",
        "wag",
        "waggle"
      ]
    }
  },
  "complete_link": {
    "score": 0.21468226611614227,
    "time": 0.0002300739288330078,
    "start_wsp": {
      "name": "shake.v.7",
      "definition": "move with or as if with a tremor",
      "onyms": [
        "shake",
        "move_reflexively",
        "didder",
        "move_involuntarily"
      ]
    },
    "end_wsp": {
      "name": "wag.v.2",
      "definition": "move from side to side",
      "onyms": [
        "wiggle",
        "wag",
        "jiggle",
        "joggle",
        "waggle"
      ]
    }
  },
  "single_link": {
    "score": 1.0000001192092896,
    "time": 0.0002732276916503906,
    "start_wsp": {
      "name": "shake.v.6",
      "definition": "move or cause to move back and forth",
      "onyms": [
        "thrash",
        "thresh_about",
        "wiggle",
        "rattle",
        "shake_up",
        "thrash_about",
        "tremble",
        "palpitate",
        "concuss",
        "agitate",
        "plump_up",
        "thresh",
        "jiggle",
        "slash",
        "joggle",
        "tremor",
        "jactitate",
        "convulse",
        "sparge",
        "fan",
        "quake",
        "toss",
        "shake",
        "succuss",
        "fluff_up",
        "move"
      ]
    },
    "end_wsp": {
      "name": "wag.v.2",
      "definition": "move from side to side",
      "onyms": [
        "wiggle",
        "wag",
        "jiggle",
        "joggle",
        "waggle"
      ]
    }
  },
  "total_vector": {
    "score": 1.0,
    "time": 10.37891149520874,
    "start_wsp": {
      "name": "shake.n.5",
      "definition": "causing to move repeatedly from side to side",
      "onyms": [
        "shake",
        "agitation",
        "wag",
        "waggle"
      ]
    },
    "end_wsp": {
      "name": "wag.n.1",
      "definition": "causing to move repeatedly from side to side",
      "onyms": [
        "shake",
        "agitation",
        "wag",
        "waggle"
      ]
    }
  }
}