{
  "average_link": {
    "score": 0.11692558461800218,
    "time": 0.0012211799621582031,
    "start_wsp": {
      "name": "shams.n.0",
      "definition": "something that is a counterfeit; not what it seems to be",
      "onyms": [
        "imitation",
        "fake",
        "fake_book",
        "sham",
        "postiche",
        "Potemkin_village"
      ]
    },
    "end_wsp": {
      "name": "sham.n.0",
      "definition": "something that is a counterfeit; not what it seems to be",
      "onyms": [
        "imitation",
        "fake",
        "fake_book",
        "sham",
        "postiche",
        "Potemkin_village"
      ]
    }
  },
  "average_vector": {
    "score": 1.0,
    "time": 1.3199782371520996,
    "start_wsp": {
      "name": "shams.n.0",
      "definition": "something that is a counterfeit; not what it seems to be",
      "onyms": [
        "imitation",
        "fake",
        "fake_book",
        "sham",
        "postiche",
        "Potemkin_village"
      ]
    },
    "end_wsp": {
      "name": "sham.n.0",
      "definition": "something that is a counterfeit; not what it seems to be",
      "onyms": [
        "imitation",
        "fake",
        "fake_book",
        "sham",
        "postiche",
        "Potemkin_village"
      ]
    }
  },
  "complete_link": {
    "score": 0.1474350243806839,
    "time": 0.0007171630859375,
    "start_wsp": {
      "name": "shams.n.0",
      "definition": "something that is a counterfeit; not what it seems to be",
      "onyms": [
        "imitation",
        "fake",
        "fake_book",
        "sham",
        "postiche",
        "Potemkin_village"
      ]
    },
    "end_wsp": {
      "name": "sham.n.0",
      "definition": "something that is a counterfeit; not what it seems to be",
      "onyms": [
        "imitation",
        "fake",
        "fake_book",
        "sham",
        "postiche",
        "Potemkin_village"
      ]
    }
  },
  "single_link": {
    "score": 1.0000001192092896,
    "time": 0.0006685256958007812,
    "start_wsp": {
      "name": "shams.n.0",
      "definition": "something that is a counterfeit; not what it seems to be",
      "onyms": [
        "imitation",
        "fake",
        "fake_book",
        "sham",
        "postiche",
        "Potemkin_village"
      ]
    },
    "end_wsp": {
      "name": "sham.n.0",
      "definition": "something that is a counterfeit; not what it seems to be",
      "onyms": [
        "imitation",
        "fake",
        "fake_book",
        "sham",
        "postiche",
        "Potemkin_village"
      ]
    }
  },
  "total_vector": {
    "score": 1.0,
    "time": 1.3427481651306152,
    "start_wsp": {
      "name": "shams.n.0",
      "definition": "something that is a counterfeit; not what it seems to be",
      "onyms": [
        "imitation",
        "fake",
        "fake_book",
        "sham",
        "postiche",
        "Potemkin_village"
      ]
    },
    "end_wsp": {
      "name": "sham.n.0",
      "definition": "something that is a counterfeit; not what it seems to be",
      "onyms": [
        "imitation",
        "fake",
        "fake_book",
        "sham",
        "postiche",
        "Potemkin_village"
      ]
    }
  }
}