{
  "average_link": {
    "score": 0.2109044138342142,
    "time": 0.000232696533203125,
    "start_wsp": {
      "name": "shaver.n.0",
      "definition": "an adult male who shaves",
      "onyms": [
        "shaver",
        "adult_male",
        "man"
      ]
    },
    "end_wsp": {
      "name": "man.n.5",
      "definition": "an adult male person who has a manly character (virile and courageous competent)",
      "onyms": [
        "man",
        "male_person",
        "male"
      ]
    }
  },
  "average_vector": {
    "score": 0.766330897808075,
    "time": 3.049677610397339,
    "start_wsp": {
      "name": "shaver.n.1",
      "definition": "a young person of either sex",
      "onyms": [
        "tyke",
        "small_fry",
        "buster",
        "bambino",
        "nipper",
        "orphan",
        "scallywag",
        "rapscallion",
        "street_child",
        "fosterling",
        "scalawag",
        "silly",
        "changeling",
        "nestling",
        "child's_body",
        "urchin",
        "foster_child",
        "toddler",
        "peanut",
        "pickaninny",
        "infant_prodigy",
        "picaninny",
        "poster_child",
        "kid",
        "fry",
        "scamp",
        "kindergartner",
        "tike",
        "monkey",
        "rascal",
        "preschooler",
        "kiddy",
        "tiddler",
        "youngster",
        "kindergartener",
        "foster-child",
        "child",
        "child_prodigy",
        "imp",
        "yearling",
        "piccaninny",
        "tot",
        "juvenile",
        "sprog",
        "minor",
        "juvenile_person",
        "wonder_child",
        "bairn",
        "waif",
        "shaver"
      ]
    },
    "end_wsp": {
      "name": "man.n.0",
      "definition": "an adult person who is male (as opposed to a woman)",
      "onyms": [
        "stud",
        "Herr",
        "grownup",
        "sir",
        "adult_male_body",
        "bey",
        "eunuch",
        "galoot",
        "bachelor",
        "grass_widower",
        "Hooray_Henry",
        "golden_boy",
        "father-figure",
        "he-man",
        "widowman",
        "Methuselah",
        "male",
        "Monsieur",
        "widower",
        "dandy",
        "bozo",
        "philanderer",
        "ex-boyfriend",
        "baboo",
        "hunk",
        "Japheth",
        "gallant",
        "shaver",
        "macho-man",
        "signior",
        "geezer",
        "sheik",
        "adult",
        "ejaculator",
        "dude",
        "fashion_plate",
        "middle-aged_man",
        "Shem",
        "paterfamilias",
        "ironman",
        "posseman",
        "Abel",
        "signore",
        "beau",
        "cat",
        "Tarzan",
        "inamorato",
        "adonis",
        "unmarried_man",
        "Cain",
        "Ham",
        "Senhor",
        "patriarch",
        "bruiser",
        "Adam",
        "adult_male",
        "fop",
        "old_man",
        "fellow",
        "clotheshorse",
        "greybeard",
        "hombre",
        "boyfriend",
        "strapper",
        "gentleman",
        "bull",
        "babu",
        "Esq",
        "old_boy",
        "young_man",
        "Seth",
        "ex-husband",
        "man's_body",
        "wonder_boy",
        "swain",
        "white_man",
        "ex",
        "buster",
        "ponce",
        "Esquire",
        "guy",
        "castrate",
        "yellow_man",
        "male_person",
        "Peter_Pan",
        "father_figure",
        "housefather",
        "boy",
        "stiff",
        "iron_man",
        "signor",
        "young_buck",
        "graybeard",
        "ironside",
        "womanizer",
        "divorced_man",
        "Samson",
        "womaniser",
        "man",
        "swell",
        "father_surrogate",
        "Black_man"
      ]
    }
  },
  "complete_link": {
    "score": 0.1252119094133377,
    "time": 0.0002582073211669922,
    "start_wsp": {
      "name": "shaver.n.0",
      "definition": "an adult male who shaves",
      "onyms": [
        "shaver",
        "adult_male",
        "man"
      ]
    },
    "end_wsp": {
      "name": "man.n.5",
      "definition": "an adult male person who has a manly character (virile and courageous competent)",
      "onyms": [
        "man",
        "male_person",
        "male"
      ]
    }
  },
  "single_link": {
    "score": 1.0,
    "time": 0.00016880035400390625,
    "start_wsp": {
      "name": "shaver.n.0",
      "definition": "an adult male who shaves",
      "onyms": [
        "shaver",
        "adult_male",
        "man"
      ]
    },
    "end_wsp": {
      "name": "man.n.0",
      "definition": "an adult person who is male (as opposed to a woman)",
      "onyms": [
        "stud",
        "Herr",
        "grownup",
        "sir",
        "adult_male_body",
        "bey",
        "eunuch",
        "galoot",
        "bachelor",
        "grass_widower",
        "Hooray_Henry",
        "golden_boy",
        "father-figure",
        "he-man",
        "widowman",
        "Methuselah",
        "male",
        "Monsieur",
        "widower",
        "dandy",
        "bozo",
        "philanderer",
        "ex-boyfriend",
        "baboo",
        "hunk",
        "Japheth",
        "gallant",
        "shaver",
        "macho-man",
        "signior",
        "geezer",
        "sheik",
        "adult",
        "ejaculator",
        "dude",
        "fashion_plate",
        "middle-aged_man",
        "Shem",
        "paterfamilias",
        "ironman",
        "posseman",
        "Abel",
        "signore",
        "beau",
        "cat",
        "Tarzan",
        "inamorato",
        "adonis",
        "unmarried_man",
        "Cain",
        "Ham",
        "Senhor",
        "patriarch",
        "bruiser",
        "Adam",
        "adult_male",
        "fop",
        "old_man",
        "fellow",
        "clotheshorse",
        "greybeard",
        "hombre",
        "boyfriend",
        "strapper",
        "gentleman",
        "bull",
        "babu",
        "Esq",
        "old_boy",
        "young_man",
        "Seth",
        "ex-husband",
        "man's_body",
        "wonder_boy",
        "swain",
        "white_man",
        "ex",
        "buster",
        "ponce",
        "Esquire",
        "guy",
        "castrate",
        "yellow_man",
        "male_person",
        "Peter_Pan",
        "father_figure",
        "housefather",
        "boy",
        "stiff",
        "iron_man",
        "signor",
        "young_buck",
        "graybeard",
        "ironside",
        "womanizer",
        "divorced_man",
        "Samson",
        "womaniser",
        "man",
        "swell",
        "father_surrogate",
        "Black_man"
      ]
    }
  },
  "total_vector": {
    "score": 0.766330897808075,
    "time": 3.0935983657836914,
    "start_wsp": {
      "name": "shaver.n.1",
      "definition": "a young person of either sex",
      "onyms": [
        "tyke",
        "small_fry",
        "buster",
        "bambino",
        "nipper",
        "orphan",
        "scallywag",
        "rapscallion",
        "street_child",
        "fosterling",
        "scalawag",
        "silly",
        "changeling",
        "nestling",
        "child's_body",
        "urchin",
        "foster_child",
        "toddler",
        "peanut",
        "pickaninny",
        "infant_prodigy",
        "picaninny",
        "poster_child",
        "kid",
        "fry",
        "scamp",
        "kindergartner",
        "tike",
        "monkey",
        "rascal",
        "preschooler",
        "kiddy",
        "tiddler",
        "youngster",
        "kindergartener",
        "foster-child",
        "child",
        "child_prodigy",
        "imp",
        "yearling",
        "piccaninny",
        "tot",
        "juvenile",
        "sprog",
        "minor",
        "juvenile_person",
        "wonder_child",
        "bairn",
        "waif",
        "shaver"
      ]
    },
    "end_wsp": {
      "name": "man.n.0",
      "definition": "an adult person who is male (as opposed to a woman)",
      "onyms": [
        "stud",
        "Herr",
        "grownup",
        "sir",
        "adult_male_body",
        "bey",
        "eunuch",
        "galoot",
        "bachelor",
        "grass_widower",
        "Hooray_Henry",
        "golden_boy",
        "father-figure",
        "he-man",
        "widowman",
        "Methuselah",
        "male",
        "Monsieur",
        "widower",
        "dandy",
        "bozo",
        "philanderer",
        "ex-boyfriend",
        "baboo",
        "hunk",
        "Japheth",
        "gallant",
        "shaver",
        "macho-man",
        "signior",
        "geezer",
        "sheik",
        "adult",
        "ejaculator",
        "dude",
        "fashion_plate",
        "middle-aged_man",
        "Shem",
        "paterfamilias",
        "ironman",
        "posseman",
        "Abel",
        "signore",
        "beau",
        "cat",
        "Tarzan",
        "inamorato",
        "adonis",
        "unmarried_man",
        "Cain",
        "Ham",
        "Senhor",
        "patriarch",
        "bruiser",
        "Adam",
        "adult_male",
        "fop",
        "old_man",
        "fellow",
        "clotheshorse",
        "greybeard",
        "hombre",
        "boyfriend",
        "strapper",
        "gentleman",
        "bull",
        "babu",
        "Esq",
        "old_boy",
        "young_man",
        "Seth",
        "ex-husband",
        "man's_body",
        "wonder_boy",
        "swain",
        "white_man",
        "ex",
        "buster",
        "ponce",
        "Esquire",
        "guy",
        "castrate",
        "yellow_man",
        "male_person",
        "Peter_Pan",
        "father_figure",
        "housefather",
        "boy",
        "stiff",
        "iron_man",
        "signor",
        "young_buck",
        "graybeard",
        "ironside",
        "womanizer",
        "divorced_man",
        "Samson",
        "womaniser",
        "man",
        "swell",
        "father_surrogate",
        "Black_man"
      ]
    }
  }
}