{
  "average_link": {
    "score": 0.09556535769391943,
    "time": 0.00015115737915039062,
    "start_wsp": {
      "name": "shlep.v.2",
      "definition": "walk or tramp about",
      "onyms": [
        "shlep",
        "traipse",
        "walk"
      ]
    },
    "end_wsp": {
      "name": "drag.v.16",
      "definition": "proceed for an extended period of time",
      "onyms": [
        "go",
        "drag",
        "proceed",
        "drag_out",
        "drag_on"
      ]
    }
  },
  "average_vector": {
    "score": 0.7732989192008972,
    "time": 17.63310170173645,
    "start_wsp": {
      "name": "shlep.v.3",
      "definition": "pull along heavily, like a heavy load against a resistance",
      "onyms": [
        "pull_along",
        "tow",
        "drag",
        "shlep",
        "schlep"
      ]
    },
    "end_wsp": {
      "name": "drag.v.6",
      "definition": "pull, as against a resistance",
      "onyms": [
        "pull_along",
        "drag",
        "pull",
        "shlep",
        "train",
        "draw",
        "trail",
        "force",
        "schlep"
      ]
    }
  },
  "complete_link": {
    "score": 0.1715538501739502,
    "time": 0.00014519691467285156,
    "start_wsp": {
      "name": "shlep.v.3",
      "definition": "pull along heavily, like a heavy load against a resistance",
      "onyms": [
        "pull_along",
        "tow",
        "drag",
        "shlep",
        "schlep"
      ]
    },
    "end_wsp": {
      "name": "drag.n.5",
      "definition": "the act of dragging (pulling with force)",
      "onyms": [
        "pulling",
        "drag",
        "pull"
      ]
    }
  },
  "single_link": {
    "score": 1.0,
    "time": 0.0001461505889892578,
    "start_wsp": {
      "name": "shlep.n.0",
      "definition": "(Yiddish) an awkward and stupid person",
      "onyms": [
        "shlep",
        "simple",
        "shlepper",
        "schlepper",
        "simpleton",
        "schlep"
      ]
    },
    "end_wsp": {
      "name": "drag.v.6",
      "definition": "pull, as against a resistance",
      "onyms": [
        "pull_along",
        "drag",
        "pull",
        "shlep",
        "train",
        "draw",
        "trail",
        "force",
        "schlep"
      ]
    }
  },
  "total_vector": {
    "score": 0.7732989192008972,
    "time": 16.909116506576538,
    "start_wsp": {
      "name": "shlep.v.3",
      "definition": "pull along heavily, like a heavy load against a resistance",
      "onyms": [
        "pull_along",
        "tow",
        "drag",
        "shlep",
        "schlep"
      ]
    },
    "end_wsp": {
      "name": "drag.v.6",
      "definition": "pull, as against a resistance",
      "onyms": [
        "pull_along",
        "drag",
        "pull",
        "shlep",
        "train",
        "draw",
        "trail",
        "force",
        "schlep"
      ]
    }
  }
}