{
  "average_link": {
    "score": 0.3895454853773117,
    "time": 6.341934204101562e-05,
    "start_wsp": {
      "name": "shrunken.s.6",
      "definition": "reduced in efficacy or vitality or intensity",
      "onyms": [
        "shrunken",
        "shrivelled",
        "shriveled"
      ]
    },
    "end_wsp": {
      "name": "shriveled.s.4",
      "definition": "reduced in efficacy or vitality or intensity",
      "onyms": [
        "shrunken",
        "shrivelled",
        "shriveled"
      ]
    }
  },
  "average_vector": {
    "score": 1.0,
    "time": 1.316685438156128,
    "start_wsp": {
      "name": "shrunken.v.0",
      "definition": "wither, as with a loss of moisture",
      "onyms": [
        "fall",
        "blast",
        "die_down",
        "mummify",
        "decrease",
        "wither",
        "lessen",
        "atrophy",
        "dry_up",
        "die_back",
        "diminish",
        "shrink",
        "shrivel",
        "shrivel_up"
      ]
    },
    "end_wsp": {
      "name": "shriveled.v.0",
      "definition": "wither, as with a loss of moisture",
      "onyms": [
        "fall",
        "blast",
        "die_down",
        "mummify",
        "decrease",
        "wither",
        "lessen",
        "atrophy",
        "dry_up",
        "die_back",
        "diminish",
        "shrink",
        "shrivel",
        "shrivel_up"
      ]
    }
  },
  "complete_link": {
    "score": 0.5581819415092468,
    "time": 5.936622619628906e-05,
    "start_wsp": {
      "name": "shrunken.s.6",
      "definition": "reduced in efficacy or vitality or intensity",
      "onyms": [
        "shrunken",
        "shrivelled",
        "shriveled"
      ]
    },
    "end_wsp": {
      "name": "shriveled.s.4",
      "definition": "reduced in efficacy or vitality or intensity",
      "onyms": [
        "shrunken",
        "shrivelled",
        "shriveled"
      ]
    }
  },
  "single_link": {
    "score": 1.0,
    "time": 4.7206878662109375e-05,
    "start_wsp": {
      "name": "shrunken.v.0",
      "definition": "wither, as with a loss of moisture",
      "onyms": [
        "fall",
        "blast",
        "die_down",
        "mummify",
        "decrease",
        "wither",
        "lessen",
        "atrophy",
        "dry_up",
        "die_back",
        "diminish",
        "shrink",
        "shrivel",
        "shrivel_up"
      ]
    },
    "end_wsp": {
      "name": "shriveled.v.0",
      "definition": "wither, as with a loss of moisture",
      "onyms": [
        "fall",
        "blast",
        "die_down",
        "mummify",
        "decrease",
        "wither",
        "lessen",
        "atrophy",
        "dry_up",
        "die_back",
        "diminish",
        "shrink",
        "shrivel",
        "shrivel_up"
      ]
    }
  },
  "total_vector": {
    "score": 1.0000001192092896,
    "time": 1.334888219833374,
    "start_wsp": {
      "name": "shrunken.v.4",
      "definition": "decrease in size, range, or extent",
      "onyms": [
        "fall",
        "decrease",
        "lessen",
        "diminish",
        "shrink",
        "shrivel"
      ]
    },
    "end_wsp": {
      "name": "shriveled.v.1",
      "definition": "decrease in size, range, or extent",
      "onyms": [
        "fall",
        "decrease",
        "lessen",
        "diminish",
        "shrink",
        "shrivel"
      ]
    }
  }
}