{
  "average_link": {
    "score": 0.1984318271279335,
    "time": 0.0001671314239501953,
    "start_wsp": {
      "name": "shuttle.n.1",
      "definition": "public transport that consists of a bus or train or airplane that plies back and forth between two points",
      "onyms": [
        "shuttle_bus",
        "public_transport",
        "shuttle"
      ]
    },
    "end_wsp": {
      "name": "travel.v.6",
      "definition": "travel upon or across",
      "onyms": [
        "ship",
        "go",
        "fly",
        "journey",
        "locomote",
        "ride",
        "travel",
        "move",
        "cruise",
        "sail"
      ]
    }
  },
  "average_vector": {
    "score": 0.8090952634811401,
    "time": 5.115066766738892,
    "start_wsp": {
      "name": "shuttle.v.3",
      "definition": "travel back and forth between two points",
      "onyms": [
        "go",
        "shuttle",
        "locomote",
        "travel",
        "move"
      ]
    },
    "end_wsp": {
      "name": "travel.v.8",
      "definition": "travel from place to place, as for the purpose of finding work, preaching, or acting as a judge",
      "onyms": [
        "go",
        "move_around",
        "locomote",
        "travel",
        "move",
        "itinerate"
      ]
    }
  },
  "complete_link": {
    "score": 0.09695280343294144,
    "time": 0.0001766681671142578,
    "start_wsp": {
      "name": "shuttle.n.1",
      "definition": "public transport that consists of a bus or train or airplane that plies back and forth between two points",
      "onyms": [
        "shuttle_bus",
        "public_transport",
        "shuttle"
      ]
    },
    "end_wsp": {
      "name": "travel.v.6",
      "definition": "travel upon or across",
      "onyms": [
        "ship",
        "go",
        "fly",
        "journey",
        "locomote",
        "ride",
        "travel",
        "move",
        "cruise",
        "sail"
      ]
    }
  },
  "single_link": {
    "score": 1.0,
    "time": 0.00017070770263671875,
    "start_wsp": {
      "name": "shuttle.v.3",
      "definition": "travel back and forth between two points",
      "onyms": [
        "go",
        "shuttle",
        "locomote",
        "travel",
        "move"
      ]
    },
    "end_wsp": {
      "name": "travel.n.0",
      "definition": "the act of going from one place to another",
      "onyms": [
        "wandering",
        "water_travel",
        "horseback_riding",
        "commutation",
        "staging",
        "motion",
        "stage",
        "travel",
        "travelling",
        "leg",
        "on_the_road",
        "on_tour",
        "roving",
        "journey",
        "vagabondage",
        "move",
        "traveling",
        "walk",
        "movement",
        "junketing",
        "crossing",
        "commuting",
        "journeying",
        "peregrination",
        "traverse",
        "riding",
        "traversal",
        "driving",
        "air_travel",
        "seafaring",
        "air",
        "wayfaring",
        "aviation",
        "circumnavigation"
      ]
    }
  },
  "total_vector": {
    "score": 0.8090952634811401,
    "time": 5.5273871421813965,
    "start_wsp": {
      "name": "shuttle.v.3",
      "definition": "travel back and forth between two points",
      "onyms": [
        "go",
        "shuttle",
        "locomote",
        "travel",
        "move"
      ]
    },
    "end_wsp": {
      "name": "travel.v.8",
      "definition": "travel from place to place, as for the purpose of finding work, preaching, or acting as a judge",
      "onyms": [
        "go",
        "move_around",
        "locomote",
        "travel",
        "move",
        "itinerate"
      ]
    }
  }
}