{
  "average_link": {
    "score": 0.30723050236701965,
    "time": 0.00012993812561035156,
    "start_wsp": {
      "name": "sinewy.a.1",
      "definition": "consisting of tendons or resembling a tendon",
      "onyms": [
        "tendinous",
        "sinewy"
      ]
    },
    "end_wsp": {
      "name": "rugged.a.1",
      "definition": "having long narrow shallow depressions (as grooves or wrinkles) in the surface",
      "onyms": [
        "furrowed",
        "rugged"
      ]
    }
  },
  "average_vector": {
    "score": 0.45120152831077576,
    "time": 1.4057786464691162,
    "start_wsp": {
      "name": "sinewy.s.2",
      "definition": "(of a person) possessing physical strength and weight; rugged and powerful",
      "onyms": [
        "powerful",
        "hefty",
        "brawny",
        "muscular",
        "sinewy"
      ]
    },
    "end_wsp": {
      "name": "rugged.a.1",
      "definition": "having long narrow shallow depressions (as grooves or wrinkles) in the surface",
      "onyms": [
        "furrowed",
        "rugged"
      ]
    }
  },
  "complete_link": {
    "score": 0.2880288362503052,
    "time": 0.0001513957977294922,
    "start_wsp": {
      "name": "sinewy.a.1",
      "definition": "consisting of tendons or resembling a tendon",
      "onyms": [
        "tendinous",
        "sinewy"
      ]
    },
    "end_wsp": {
      "name": "rugged.a.0",
      "definition": "sturdy and strong in constitution or construction; enduring",
      "onyms": [
        "rugged"
      ]
    }
  },
  "single_link": {
    "score": 0.4839525818824768,
    "time": 0.00013589859008789062,
    "start_wsp": {
      "name": "sinewy.s.2",
      "definition": "(of a person) possessing physical strength and weight; rugged and powerful",
      "onyms": [
        "powerful",
        "hefty",
        "brawny",
        "muscular",
        "sinewy"
      ]
    },
    "end_wsp": {
      "name": "rugged.a.0",
      "definition": "sturdy and strong in constitution or construction; enduring",
      "onyms": [
        "rugged"
      ]
    }
  },
  "total_vector": {
    "score": 0.45120149850845337,
    "time": 1.4068660736083984,
    "start_wsp": {
      "name": "sinewy.s.2",
      "definition": "(of a person) possessing physical strength and weight; rugged and powerful",
      "onyms": [
        "powerful",
        "hefty",
        "brawny",
        "muscular",
        "sinewy"
      ]
    },
    "end_wsp": {
      "name": "rugged.a.1",
      "definition": "having long narrow shallow depressions (as grooves or wrinkles) in the surface",
      "onyms": [
        "furrowed",
        "rugged"
      ]
    }
  }
}