{
  "average_link": {
    "score": 0.26220953544335707,
    "time": 0.00035262107849121094,
    "start_wsp": {
      "name": "skinner.n.3",
      "definition": "a person who prepares or deals in animal skins",
      "onyms": [
        "skinner",
        "skilled_workman",
        "skilled_worker",
        "trained_worker"
      ]
    },
    "end_wsp": {
      "name": "pelt.n.0",
      "definition": "the dressed hairy coat of a mammal",
      "onyms": [
        "pelt",
        "sable",
        "fur",
        "beaver",
        "raccoon",
        "otter",
        "mink",
        "chinchilla",
        "seal",
        "ermine",
        "squirrel",
        "muskrat_fur",
        "muskrat",
        "animal_skin",
        "rabbit",
        "sealskin",
        "leopard",
        "bearskin",
        "astrakhan",
        "beaver_fur",
        "lapin",
        "lambskin",
        "fox"
      ]
    }
  },
  "average_vector": {
    "score": 0.412651389837265,
    "time": 1.2973108291625977,
    "start_wsp": {
      "name": "skinner.n.3",
      "definition": "a person who prepares or deals in animal skins",
      "onyms": [
        "skinner",
        "skilled_workman",
        "skilled_worker",
        "trained_worker"
      ]
    },
    "end_wsp": {
      "name": "pelt.n.0",
      "definition": "the dressed hairy coat of a mammal",
      "onyms": [
        "pelt",
        "sable",
        "fur",
        "beaver",
        "raccoon",
        "otter",
        "mink",
        "chinchilla",
        "seal",
        "ermine",
        "squirrel",
        "muskrat_fur",
        "muskrat",
        "animal_skin",
        "rabbit",
        "sealskin",
        "leopard",
        "bearskin",
        "astrakhan",
        "beaver_fur",
        "lapin",
        "lambskin",
        "fox"
      ]
    }
  },
  "complete_link": {
    "score": 0.154104083776474,
    "time": 0.00036215782165527344,
    "start_wsp": {
      "name": "skinner.n.3",
      "definition": "a person who prepares or deals in animal skins",
      "onyms": [
        "skinner",
        "skilled_workman",
        "skilled_worker",
        "trained_worker"
      ]
    },
    "end_wsp": {
      "name": "pelt.n.1",
      "definition": "body covering of a living animal",
      "onyms": [
        "skin",
        "pelt",
        "hide",
        "body_covering"
      ]
    }
  },
  "single_link": {
    "score": 0.3741321265697479,
    "time": 0.0003218650817871094,
    "start_wsp": {
      "name": "skinner.n.3",
      "definition": "a person who prepares or deals in animal skins",
      "onyms": [
        "skinner",
        "skilled_workman",
        "skilled_worker",
        "trained_worker"
      ]
    },
    "end_wsp": {
      "name": "pelt.n.0",
      "definition": "the dressed hairy coat of a mammal",
      "onyms": [
        "pelt",
        "sable",
        "fur",
        "beaver",
        "raccoon",
        "otter",
        "mink",
        "chinchilla",
        "seal",
        "ermine",
        "squirrel",
        "muskrat_fur",
        "muskrat",
        "animal_skin",
        "rabbit",
        "sealskin",
        "leopard",
        "bearskin",
        "astrakhan",
        "beaver_fur",
        "lapin",
        "lambskin",
        "fox"
      ]
    }
  },
  "total_vector": {
    "score": 0.412651389837265,
    "time": 1.595292091369629,
    "start_wsp": {
      "name": "skinner.n.3",
      "definition": "a person who prepares or deals in animal skins",
      "onyms": [
        "skinner",
        "skilled_workman",
        "skilled_worker",
        "trained_worker"
      ]
    },
    "end_wsp": {
      "name": "pelt.n.0",
      "definition": "the dressed hairy coat of a mammal",
      "onyms": [
        "pelt",
        "sable",
        "fur",
        "beaver",
        "raccoon",
        "otter",
        "mink",
        "chinchilla",
        "seal",
        "ermine",
        "squirrel",
        "muskrat_fur",
        "muskrat",
        "animal_skin",
        "rabbit",
        "sealskin",
        "leopard",
        "bearskin",
        "astrakhan",
        "beaver_fur",
        "lapin",
        "lambskin",
        "fox"
      ]
    }
  }
}