{
  "average_link": {
    "score": 0.09126238944008946,
    "time": 0.0007174015045166016,
    "start_wsp": {
      "name": "smoke.n.2",
      "definition": "an indication of some hidden activity",
      "onyms": [
        "indication",
        "smoke",
        "indicant"
      ]
    },
    "end_wsp": {
      "name": "signals.n.1",
      "definition": "any incitement to action",
      "onyms": [
        "incitement",
        "provocation",
        "signal",
        "incitation"
      ]
    }
  },
  "average_vector": {
    "score": 0.4452544152736664,
    "time": 2.784327983856201,
    "start_wsp": {
      "name": "smoke.n.2",
      "definition": "an indication of some hidden activity",
      "onyms": [
        "indication",
        "smoke",
        "indicant"
      ]
    },
    "end_wsp": {
      "name": "signals.n.0",
      "definition": "any nonverbal action or gesture that encodes a message",
      "onyms": [
        "indicator",
        "whistle",
        "warning_signal",
        "start",
        "dog-ear",
        "symbol",
        "starting_signal",
        "communication",
        "input",
        "radio_beam",
        "telephone_number",
        "beam",
        "time_signal",
        "radio_beacon",
        "animal_communication",
        "distress_signal",
        "output",
        "electronic_signal",
        "alarm",
        "input_signal",
        "signal",
        "ticktack",
        "storm_signal",
        "phone_number",
        "telegraphic_signal",
        "visual_signal",
        "alert",
        "drumbeat",
        "high_sign",
        "signaling",
        "curfew",
        "output_signal",
        "distress_call",
        "recording",
        "whistling",
        "sign",
        "bugle_call",
        "retreat",
        "all_clear",
        "radiotelegraphic_signal",
        "number",
        "alarum"
      ]
    }
  },
  "complete_link": {
    "score": 0.1043257787823677,
    "time": 0.0008139610290527344,
    "start_wsp": {
      "name": "smoke.n.2",
      "definition": "an indication of some hidden activity",
      "onyms": [
        "indication",
        "smoke",
        "indicant"
      ]
    },
    "end_wsp": {
      "name": "signals.n.1",
      "definition": "any incitement to action",
      "onyms": [
        "incitement",
        "provocation",
        "signal",
        "incitation"
      ]
    }
  },
  "single_link": {
    "score": 0.5445576906204224,
    "time": 0.0007901191711425781,
    "start_wsp": {
      "name": "smoke.n.2",
      "definition": "an indication of some hidden activity",
      "onyms": [
        "indication",
        "smoke",
        "indicant"
      ]
    },
    "end_wsp": {
      "name": "signals.v.4",
      "definition": "be a signal for or a symptom of",
      "onyms": [
        "portend",
        "presage",
        "bode",
        "foreshadow",
        "prefigure",
        "predict",
        "indicate",
        "foretell",
        "mark",
        "signal",
        "bespeak",
        "auspicate",
        "point",
        "augur",
        "tell",
        "prognosticate",
        "omen",
        "forecast",
        "betoken"
      ]
    }
  },
  "total_vector": {
    "score": 0.4452544152736664,
    "time": 2.862253189086914,
    "start_wsp": {
      "name": "smoke.n.2",
      "definition": "an indication of some hidden activity",
      "onyms": [
        "indication",
        "smoke",
        "indicant"
      ]
    },
    "end_wsp": {
      "name": "signals.n.0",
      "definition": "any nonverbal action or gesture that encodes a message",
      "onyms": [
        "indicator",
        "whistle",
        "warning_signal",
        "start",
        "dog-ear",
        "symbol",
        "starting_signal",
        "communication",
        "input",
        "radio_beam",
        "telephone_number",
        "beam",
        "time_signal",
        "radio_beacon",
        "animal_communication",
        "distress_signal",
        "output",
        "electronic_signal",
        "alarm",
        "input_signal",
        "signal",
        "ticktack",
        "storm_signal",
        "phone_number",
        "telegraphic_signal",
        "visual_signal",
        "alert",
        "drumbeat",
        "high_sign",
        "signaling",
        "curfew",
        "output_signal",
        "distress_call",
        "recording",
        "whistling",
        "sign",
        "bugle_call",
        "retreat",
        "all_clear",
        "radiotelegraphic_signal",
        "number",
        "alarum"
      ]
    }
  }
}