{
  "average_link": {
    "score": 0.40736182034015656,
    "time": 7.2479248046875e-05,
    "start_wsp": {
      "name": "smoothed.s.3",
      "definition": "made smooth by ironing",
      "onyms": [
        "smoothened",
        "smoothed"
      ]
    },
    "end_wsp": {
      "name": "smoothened.s.3",
      "definition": "made smooth by ironing",
      "onyms": [
        "smoothened",
        "smoothed"
      ]
    }
  },
  "average_vector": {
    "score": 1.0,
    "time": 28.47207546234131,
    "start_wsp": {
      "name": "smoothed.v.0",
      "definition": "make smooth or smoother, as if by rubbing",
      "onyms": [
        "float",
        "launch",
        "change_surface",
        "strip",
        "rake",
        "file",
        "plane",
        "sandblast",
        "sandpaper",
        "sand",
        "smoothen",
        "smooth"
      ]
    },
    "end_wsp": {
      "name": "smoothened.v.0",
      "definition": "make smooth or smoother, as if by rubbing",
      "onyms": [
        "float",
        "launch",
        "change_surface",
        "strip",
        "rake",
        "file",
        "plane",
        "sandblast",
        "sandpaper",
        "sand",
        "smoothen",
        "smooth"
      ]
    }
  },
  "complete_link": {
    "score": 0.6294472217559814,
    "time": 9.72747802734375e-05,
    "start_wsp": {
      "name": "smoothed.s.3",
      "definition": "made smooth by ironing",
      "onyms": [
        "smoothened",
        "smoothed"
      ]
    },
    "end_wsp": {
      "name": "smoothened.s.3",
      "definition": "made smooth by ironing",
      "onyms": [
        "smoothened",
        "smoothed"
      ]
    }
  },
  "single_link": {
    "score": 1.0000001192092896,
    "time": 8.0108642578125e-05,
    "start_wsp": {
      "name": "smoothed.v.0",
      "definition": "make smooth or smoother, as if by rubbing",
      "onyms": [
        "float",
        "launch",
        "change_surface",
        "strip",
        "rake",
        "file",
        "plane",
        "sandblast",
        "sandpaper",
        "sand",
        "smoothen",
        "smooth"
      ]
    },
    "end_wsp": {
      "name": "smoothened.v.0",
      "definition": "make smooth or smoother, as if by rubbing",
      "onyms": [
        "float",
        "launch",
        "change_surface",
        "strip",
        "rake",
        "file",
        "plane",
        "sandblast",
        "sandpaper",
        "sand",
        "smoothen",
        "smooth"
      ]
    }
  },
  "total_vector": {
    "score": 1.0,
    "time": 34.663408517837524,
    "start_wsp": {
      "name": "smoothed.v.0",
      "definition": "make smooth or smoother, as if by rubbing",
      "onyms": [
        "float",
        "launch",
        "change_surface",
        "strip",
        "rake",
        "file",
        "plane",
        "sandblast",
        "sandpaper",
        "sand",
        "smoothen",
        "smooth"
      ]
    },
    "end_wsp": {
      "name": "smoothened.v.0",
      "definition": "make smooth or smoother, as if by rubbing",
      "onyms": [
        "float",
        "launch",
        "change_surface",
        "strip",
        "rake",
        "file",
        "plane",
        "sandblast",
        "sandpaper",
        "sand",
        "smoothen",
        "smooth"
      ]
    }
  }
}