{
  "average_link": {
    "score": 0.2915637940168381,
    "time": 5.340576171875e-05,
    "start_wsp": {
      "name": "smoothness.n.3",
      "definition": "the quality of having a level and even surface",
      "onyms": [
        "invariability",
        "smoothness",
        "evenness"
      ]
    },
    "end_wsp": {
      "name": "evenness.n.1",
      "definition": "a quality of uniformity and lack of variation",
      "onyms": [
        "invariability",
        "smoothness",
        "regularity",
        "evenness"
      ]
    }
  },
  "average_vector": {
    "score": 0.9319461584091187,
    "time": 1.3238356113433838,
    "start_wsp": {
      "name": "smoothness.n.3",
      "definition": "the quality of having a level and even surface",
      "onyms": [
        "invariability",
        "smoothness",
        "evenness"
      ]
    },
    "end_wsp": {
      "name": "evenness.n.1",
      "definition": "a quality of uniformity and lack of variation",
      "onyms": [
        "invariability",
        "smoothness",
        "regularity",
        "evenness"
      ]
    }
  },
  "complete_link": {
    "score": 0.3169778883457184,
    "time": 5.984306335449219e-05,
    "start_wsp": {
      "name": "smoothness.n.4",
      "definition": "the quality of being free from errors or interruptions",
      "onyms": [
        "effortlessness",
        "smoothness"
      ]
    },
    "end_wsp": {
      "name": "evenness.n.1",
      "definition": "a quality of uniformity and lack of variation",
      "onyms": [
        "invariability",
        "smoothness",
        "regularity",
        "evenness"
      ]
    }
  },
  "single_link": {
    "score": 1.0,
    "time": 5.435943603515625e-05,
    "start_wsp": {
      "name": "smoothness.n.0",
      "definition": "a texture without roughness; smooth to the touch",
      "onyms": [
        "glossiness",
        "silkiness",
        "slickness",
        "slip",
        "sleekness",
        "powderiness",
        "fineness",
        "texture",
        "slipperiness",
        "gloss",
        "burnish",
        "slick",
        "smoothness",
        "polish"
      ]
    },
    "end_wsp": {
      "name": "evenness.n.1",
      "definition": "a quality of uniformity and lack of variation",
      "onyms": [
        "invariability",
        "smoothness",
        "regularity",
        "evenness"
      ]
    }
  },
  "total_vector": {
    "score": 0.9319461584091187,
    "time": 1.3312766551971436,
    "start_wsp": {
      "name": "smoothness.n.3",
      "definition": "the quality of having a level and even surface",
      "onyms": [
        "invariability",
        "smoothness",
        "evenness"
      ]
    },
    "end_wsp": {
      "name": "evenness.n.1",
      "definition": "a quality of uniformity and lack of variation",
      "onyms": [
        "invariability",
        "smoothness",
        "regularity",
        "evenness"
      ]
    }
  }
}