{
  "average_link": {
    "score": 0.18182492752869925,
    "time": 3.2901763916015625e-05,
    "start_wsp": {
      "name": "smother.v.6",
      "definition": "deprive of the oxygen necessary for combustion",
      "onyms": [
        "extinguish",
        "snuff_out",
        "put_out",
        "smother"
      ]
    },
    "end_wsp": {
      "name": "smoldering.v.0",
      "definition": "burn slowly and without a flame",
      "onyms": [
        "combust",
        "burn",
        "smoulder",
        "smolder"
      ]
    }
  },
  "average_vector": {
    "score": 0.5416461825370789,
    "time": 1.3405885696411133,
    "start_wsp": {
      "name": "smother.n.1",
      "definition": "a stifling cloud of smoke",
      "onyms": [
        "smoke",
        "fume",
        "smother"
      ]
    },
    "end_wsp": {
      "name": "smoldering.v.0",
      "definition": "burn slowly and without a flame",
      "onyms": [
        "combust",
        "burn",
        "smoulder",
        "smolder"
      ]
    }
  },
  "complete_link": {
    "score": 0.27204427123069763,
    "time": 3.0517578125e-05,
    "start_wsp": {
      "name": "smother.v.6",
      "definition": "deprive of the oxygen necessary for combustion",
      "onyms": [
        "extinguish",
        "snuff_out",
        "put_out",
        "smother"
      ]
    },
    "end_wsp": {
      "name": "smoldering.v.0",
      "definition": "burn slowly and without a flame",
      "onyms": [
        "combust",
        "burn",
        "smoulder",
        "smolder"
      ]
    }
  },
  "single_link": {
    "score": 0.486410528421402,
    "time": 2.9087066650390625e-05,
    "start_wsp": {
      "name": "smother.v.6",
      "definition": "deprive of the oxygen necessary for combustion",
      "onyms": [
        "extinguish",
        "snuff_out",
        "put_out",
        "smother"
      ]
    },
    "end_wsp": {
      "name": "smoldering.v.0",
      "definition": "burn slowly and without a flame",
      "onyms": [
        "combust",
        "burn",
        "smoulder",
        "smolder"
      ]
    }
  },
  "total_vector": {
    "score": 0.5416461825370789,
    "time": 1.3475284576416016,
    "start_wsp": {
      "name": "smother.n.1",
      "definition": "a stifling cloud of smoke",
      "onyms": [
        "smoke",
        "fume",
        "smother"
      ]
    },
    "end_wsp": {
      "name": "smoldering.v.0",
      "definition": "burn slowly and without a flame",
      "onyms": [
        "combust",
        "burn",
        "smoulder",
        "smolder"
      ]
    }
  }
}