{
  "average_link": {
    "score": 0.11521790781989694,
    "time": 0.00024271011352539062,
    "start_wsp": {
      "name": "snick.v.2",
      "definition": "hit a glancing blow with the edge of the bat",
      "onyms": [
        "snick",
        "hit"
      ]
    },
    "end_wsp": {
      "name": "deflection.n.1",
      "definition": "the amount by which a propagating wave is bent",
      "onyms": [
        "deflexion",
        "bend",
        "refraction",
        "deflection",
        "bending"
      ]
    }
  },
  "average_vector": {
    "score": 0.4567922055721283,
    "time": 4.432809829711914,
    "start_wsp": {
      "name": "snick.v.2",
      "definition": "hit a glancing blow with the edge of the bat",
      "onyms": [
        "snick",
        "hit"
      ]
    },
    "end_wsp": {
      "name": "deflection.n.1",
      "definition": "the amount by which a propagating wave is bent",
      "onyms": [
        "deflexion",
        "bend",
        "refraction",
        "deflection",
        "bending"
      ]
    }
  },
  "complete_link": {
    "score": 0.10887110978364944,
    "time": 0.00022554397583007812,
    "start_wsp": {
      "name": "snick.v.2",
      "definition": "hit a glancing blow with the edge of the bat",
      "onyms": [
        "snick",
        "hit"
      ]
    },
    "end_wsp": {
      "name": "deflection.n.1",
      "definition": "the amount by which a propagating wave is bent",
      "onyms": [
        "deflexion",
        "bend",
        "refraction",
        "deflection",
        "bending"
      ]
    }
  },
  "single_link": {
    "score": 0.41384267807006836,
    "time": 0.000278472900390625,
    "start_wsp": {
      "name": "snick.n.0",
      "definition": "a small cut",
      "onyms": [
        "cut",
        "notch",
        "nick",
        "cutting",
        "snick"
      ]
    },
    "end_wsp": {
      "name": "deflection.n.0",
      "definition": "a twist or aberration; especially a perverse or abnormal way of judging or acting",
      "onyms": [
        "aberrancy",
        "warp",
        "aberration",
        "deflection",
        "aberrance",
        "deviance"
      ]
    }
  },
  "total_vector": {
    "score": 0.4567922055721283,
    "time": 4.298827409744263,
    "start_wsp": {
      "name": "snick.v.2",
      "definition": "hit a glancing blow with the edge of the bat",
      "onyms": [
        "snick",
        "hit"
      ]
    },
    "end_wsp": {
      "name": "deflection.n.1",
      "definition": "the amount by which a propagating wave is bent",
      "onyms": [
        "deflexion",
        "bend",
        "refraction",
        "deflection",
        "bending"
      ]
    }
  }
}