{
  "average_link": {
    "score": 0.17898830523093542,
    "time": 3.552436828613281e-05,
    "start_wsp": {
      "name": "sorted.s.2",
      "definition": "arranged according to size",
      "onyms": [
        "sorted"
      ]
    },
    "end_wsp": {
      "name": "sized.v.1",
      "definition": "sort according to size",
      "onyms": [
        "size",
        "separate",
        "assort",
        "classify",
        "sort",
        "class",
        "sort_out"
      ]
    }
  },
  "average_vector": {
    "score": 0.8471661806106567,
    "time": 5.238213777542114,
    "start_wsp": {
      "name": "sorted.v.1",
      "definition": "arrange or order by classes or categories",
      "onyms": [
        "separate",
        "categorise",
        "isolate",
        "catalogue",
        "unitize",
        "dichotomize",
        "grade",
        "dichotomise",
        "categorize",
        "stamp",
        "size",
        "sort",
        "catalog",
        "unitise",
        "refer",
        "group",
        "class",
        "sort_out",
        "assort",
        "classify",
        "count",
        "stereotype",
        "number",
        "pigeonhole",
        "reclassify"
      ]
    },
    "end_wsp": {
      "name": "sized.v.1",
      "definition": "sort according to size",
      "onyms": [
        "size",
        "separate",
        "assort",
        "classify",
        "sort",
        "class",
        "sort_out"
      ]
    }
  },
  "complete_link": {
    "score": 0.07785197347402573,
    "time": 3.0517578125e-05,
    "start_wsp": {
      "name": "sorted.s.2",
      "definition": "arranged according to size",
      "onyms": [
        "sorted"
      ]
    },
    "end_wsp": {
      "name": "sized.a.3",
      "definition": "having a specified size",
      "onyms": [
        "sized"
      ]
    }
  },
  "single_link": {
    "score": 1.0000001192092896,
    "time": 5.936622619628906e-05,
    "start_wsp": {
      "name": "sorted.v.1",
      "definition": "arrange or order by classes or categories",
      "onyms": [
        "separate",
        "categorise",
        "isolate",
        "catalogue",
        "unitize",
        "dichotomize",
        "grade",
        "dichotomise",
        "categorize",
        "stamp",
        "size",
        "sort",
        "catalog",
        "unitise",
        "refer",
        "group",
        "class",
        "sort_out",
        "assort",
        "classify",
        "count",
        "stereotype",
        "number",
        "pigeonhole",
        "reclassify"
      ]
    },
    "end_wsp": {
      "name": "sized.v.1",
      "definition": "sort according to size",
      "onyms": [
        "size",
        "separate",
        "assort",
        "classify",
        "sort",
        "class",
        "sort_out"
      ]
    }
  },
  "total_vector": {
    "score": 0.8471661806106567,
    "time": 4.45584511756897,
    "start_wsp": {
      "name": "sorted.v.1",
      "definition": "arrange or order by classes or categories",
      "onyms": [
        "separate",
        "categorise",
        "isolate",
        "catalogue",
        "unitize",
        "dichotomize",
        "grade",
        "dichotomise",
        "categorize",
        "stamp",
        "size",
        "sort",
        "catalog",
        "unitise",
        "refer",
        "group",
        "class",
        "sort_out",
        "assort",
        "classify",
        "count",
        "stereotype",
        "number",
        "pigeonhole",
        "reclassify"
      ]
    },
    "end_wsp": {
      "name": "sized.v.1",
      "definition": "sort according to size",
      "onyms": [
        "size",
        "separate",
        "assort",
        "classify",
        "sort",
        "class",
        "sort_out"
      ]
    }
  }
}