{
  "average_link": {
    "score": 0.06560307811014354,
    "time": 0.0016515254974365234,
    "start_wsp": {
      "name": "sorting.n.2",
      "definition": "grouping by class or kind or size",
      "onyms": [
        "triage",
        "grouping",
        "separation",
        "sorting"
      ]
    },
    "end_wsp": {
      "name": "grouping.n.2",
      "definition": "a system for classifying things into groups",
      "onyms": [
        "grouping",
        "classification_system",
        "pigeonholing"
      ]
    }
  },
  "average_vector": {
    "score": 0.7301532626152039,
    "time": 1.3702795505523682,
    "start_wsp": {
      "name": "sorting.v.4",
      "definition": "arrange or order by classes or categories",
      "onyms": [
        "separate",
        "categorise",
        "isolate",
        "catalogue",
        "unitize",
        "dichotomize",
        "grade",
        "dichotomise",
        "categorize",
        "stamp",
        "size",
        "sort",
        "catalog",
        "unitise",
        "refer",
        "group",
        "class",
        "sort_out",
        "assort",
        "classify",
        "count",
        "stereotype",
        "number",
        "pigeonhole",
        "reclassify"
      ]
    },
    "end_wsp": {
      "name": "grouping.v.3",
      "definition": "arrange into a group or groups",
      "onyms": [
        "separate",
        "assort",
        "regroup",
        "lump",
        "classify",
        "sort",
        "batch",
        "group",
        "chunk",
        "collocate",
        "class",
        "bracket",
        "sort_out"
      ]
    }
  },
  "complete_link": {
    "score": 0.07772393524646759,
    "time": 0.0016050338745117188,
    "start_wsp": {
      "name": "sorting.n.2",
      "definition": "grouping by class or kind or size",
      "onyms": [
        "triage",
        "grouping",
        "separation",
        "sorting"
      ]
    },
    "end_wsp": {
      "name": "grouping.n.2",
      "definition": "a system for classifying things into groups",
      "onyms": [
        "grouping",
        "classification_system",
        "pigeonholing"
      ]
    }
  },
  "single_link": {
    "score": 1.0000001192092896,
    "time": 0.0016014575958251953,
    "start_wsp": {
      "name": "sorting.v.4",
      "definition": "arrange or order by classes or categories",
      "onyms": [
        "separate",
        "categorise",
        "isolate",
        "catalogue",
        "unitize",
        "dichotomize",
        "grade",
        "dichotomise",
        "categorize",
        "stamp",
        "size",
        "sort",
        "catalog",
        "unitise",
        "refer",
        "group",
        "class",
        "sort_out",
        "assort",
        "classify",
        "count",
        "stereotype",
        "number",
        "pigeonhole",
        "reclassify"
      ]
    },
    "end_wsp": {
      "name": "grouping.v.3",
      "definition": "arrange into a group or groups",
      "onyms": [
        "separate",
        "assort",
        "regroup",
        "lump",
        "classify",
        "sort",
        "batch",
        "group",
        "chunk",
        "collocate",
        "class",
        "bracket",
        "sort_out"
      ]
    }
  },
  "total_vector": {
    "score": 0.7301532626152039,
    "time": 1.3994605541229248,
    "start_wsp": {
      "name": "sorting.v.4",
      "definition": "arrange or order by classes or categories",
      "onyms": [
        "separate",
        "categorise",
        "isolate",
        "catalogue",
        "unitize",
        "dichotomize",
        "grade",
        "dichotomise",
        "categorize",
        "stamp",
        "size",
        "sort",
        "catalog",
        "unitise",
        "refer",
        "group",
        "class",
        "sort_out",
        "assort",
        "classify",
        "count",
        "stereotype",
        "number",
        "pigeonhole",
        "reclassify"
      ]
    },
    "end_wsp": {
      "name": "grouping.v.3",
      "definition": "arrange into a group or groups",
      "onyms": [
        "separate",
        "assort",
        "regroup",
        "lump",
        "classify",
        "sort",
        "batch",
        "group",
        "chunk",
        "collocate",
        "class",
        "bracket",
        "sort_out"
      ]
    }
  }
}