{
  "average_link": {
    "score": 0.12395554780960083,
    "time": 4.315376281738281e-05,
    "start_wsp": {
      "name": "specified.a.7",
      "definition": "clearly and explicitly stated",
      "onyms": [
        "specified"
      ]
    },
    "end_wsp": {
      "name": "mere.s.2",
      "definition": "apart from anything else; without additions or modifications",
      "onyms": [
        "simple",
        "bare",
        "mere"
      ]
    }
  },
  "average_vector": {
    "score": 0.2725142240524292,
    "time": 1.3288452625274658,
    "start_wsp": {
      "name": "specified.v.5",
      "definition": "design or destine",
      "onyms": [
        "destine",
        "mean",
        "plan",
        "intend",
        "specify",
        "design",
        "direct",
        "calculate",
        "aim",
        "designate",
        "slate"
      ]
    },
    "end_wsp": {
      "name": "mere.s.2",
      "definition": "apart from anything else; without additions or modifications",
      "onyms": [
        "simple",
        "bare",
        "mere"
      ]
    }
  },
  "complete_link": {
    "score": 0.11470650881528854,
    "time": 4.458427429199219e-05,
    "start_wsp": {
      "name": "specified.a.7",
      "definition": "clearly and explicitly stated",
      "onyms": [
        "specified"
      ]
    },
    "end_wsp": {
      "name": "mere.s.1",
      "definition": "being nothing more than specified",
      "onyms": [
        "mere"
      ]
    }
  },
  "single_link": {
    "score": 0.306718647480011,
    "time": 3.838539123535156e-05,
    "start_wsp": {
      "name": "specified.v.3",
      "definition": "be specific about",
      "onyms": [
        "spell_out",
        "enlarge",
        "expand",
        "specialise",
        "lucubrate",
        "elaborate",
        "expatiate",
        "specify",
        "expound",
        "dilate",
        "specialize",
        "exposit",
        "particularize",
        "particularise",
        "flesh_out"
      ]
    },
    "end_wsp": {
      "name": "mere.s.2",
      "definition": "apart from anything else; without additions or modifications",
      "onyms": [
        "simple",
        "bare",
        "mere"
      ]
    }
  },
  "total_vector": {
    "score": 0.2725142240524292,
    "time": 1.3375043869018555,
    "start_wsp": {
      "name": "specified.v.5",
      "definition": "design or destine",
      "onyms": [
        "destine",
        "mean",
        "plan",
        "intend",
        "specify",
        "design",
        "direct",
        "calculate",
        "aim",
        "designate",
        "slate"
      ]
    },
    "end_wsp": {
      "name": "mere.s.2",
      "definition": "apart from anything else; without additions or modifications",
      "onyms": [
        "simple",
        "bare",
        "mere"
      ]
    }
  }
}