{
  "average_link": {
    "score": 0.09194824605731776,
    "time": 0.0003502368927001953,
    "start_wsp": {
      "name": "splintering.v.3",
      "definition": "break up into splinters or slivers",
      "onyms": [
        "sliver",
        "fragment",
        "fragmentise",
        "break_up",
        "splinter",
        "fragmentize"
      ]
    },
    "end_wsp": {
      "name": "chip.n.0",
      "definition": "a small fragment of something broken off from the whole",
      "onyms": [
        "bit",
        "chip",
        "scrap",
        "sliver",
        "fragment",
        "matchwood",
        "fleck",
        "splinter",
        "scale",
        "flake",
        "exfoliation",
        "scurf"
      ]
    }
  },
  "average_vector": {
    "score": 1.0,
    "time": 2.5832161903381348,
    "start_wsp": {
      "name": "splintering.n.0",
      "definition": "the act of chipping something",
      "onyms": [
        "chip",
        "breaking",
        "chipping",
        "break",
        "splintering",
        "breakage"
      ]
    },
    "end_wsp": {
      "name": "chip.n.8",
      "definition": "the act of chipping something",
      "onyms": [
        "chip",
        "breaking",
        "chipping",
        "break",
        "splintering",
        "breakage"
      ]
    }
  },
  "complete_link": {
    "score": 0.10315407067537308,
    "time": 0.00011205673217773438,
    "start_wsp": {
      "name": "splintering.v.3",
      "definition": "break up into splinters or slivers",
      "onyms": [
        "sliver",
        "fragment",
        "fragmentise",
        "break_up",
        "splinter",
        "fragmentize"
      ]
    },
    "end_wsp": {
      "name": "chip.v.10",
      "definition": "cut a nick into",
      "onyms": [
        "cut",
        "nick",
        "chip"
      ]
    }
  },
  "single_link": {
    "score": 1.0,
    "time": 0.00010442733764648438,
    "start_wsp": {
      "name": "splintering.n.0",
      "definition": "the act of chipping something",
      "onyms": [
        "chip",
        "breaking",
        "chipping",
        "break",
        "splintering",
        "breakage"
      ]
    },
    "end_wsp": {
      "name": "chip.n.0",
      "definition": "a small fragment of something broken off from the whole",
      "onyms": [
        "bit",
        "chip",
        "scrap",
        "sliver",
        "fragment",
        "matchwood",
        "fleck",
        "splinter",
        "scale",
        "flake",
        "exfoliation",
        "scurf"
      ]
    }
  },
  "total_vector": {
    "score": 1.0,
    "time": 7.659296035766602,
    "start_wsp": {
      "name": "splintering.n.0",
      "definition": "the act of chipping something",
      "onyms": [
        "chip",
        "breaking",
        "chipping",
        "break",
        "splintering",
        "breakage"
      ]
    },
    "end_wsp": {
      "name": "chip.n.8",
      "definition": "the act of chipping something",
      "onyms": [
        "chip",
        "breaking",
        "chipping",
        "break",
        "splintering",
        "breakage"
      ]
    }
  }
}