{
  "average_link": {
    "score": 0.10234686266630888,
    "time": 0.0001537799835205078,
    "start_wsp": {
      "name": "stalking.v.2",
      "definition": "walk stiffly",
      "onyms": [
        "stalk",
        "walk"
      ]
    },
    "end_wsp": {
      "name": "chasing.v.2",
      "definition": "cut a groove into",
      "onyms": [
        "cut",
        "chase"
      ]
    }
  },
  "average_vector": {
    "score": 0.6799168586730957,
    "time": 1.3357210159301758,
    "start_wsp": {
      "name": "stalking.n.1",
      "definition": "the act of following prey stealthily",
      "onyms": [
        "pursual",
        "pursuit",
        "stalking",
        "stalk",
        "chase",
        "following"
      ]
    },
    "end_wsp": {
      "name": "chasing.v.0",
      "definition": "go after with the intent to catch",
      "onyms": [
        "go_after",
        "track",
        "run_down",
        "quest",
        "pursue",
        "trace",
        "hound",
        "trail",
        "hunt",
        "tree",
        "follow",
        "give_chase",
        "tail",
        "chase_after",
        "chase",
        "dog",
        "tag"
      ]
    }
  },
  "complete_link": {
    "score": 0.11347918957471848,
    "time": 0.00015115737915039062,
    "start_wsp": {
      "name": "stalking.v.2",
      "definition": "walk stiffly",
      "onyms": [
        "stalk",
        "walk"
      ]
    },
    "end_wsp": {
      "name": "chasing.v.2",
      "definition": "cut a groove into",
      "onyms": [
        "cut",
        "chase"
      ]
    }
  },
  "single_link": {
    "score": 1.0,
    "time": 0.00014352798461914062,
    "start_wsp": {
      "name": "stalking.n.1",
      "definition": "the act of following prey stealthily",
      "onyms": [
        "pursual",
        "pursuit",
        "stalking",
        "stalk",
        "chase",
        "following"
      ]
    },
    "end_wsp": {
      "name": "chasing.v.0",
      "definition": "go after with the intent to catch",
      "onyms": [
        "go_after",
        "track",
        "run_down",
        "quest",
        "pursue",
        "trace",
        "hound",
        "trail",
        "hunt",
        "tree",
        "follow",
        "give_chase",
        "tail",
        "chase_after",
        "chase",
        "dog",
        "tag"
      ]
    }
  },
  "total_vector": {
    "score": 0.6799168586730957,
    "time": 1.3378205299377441,
    "start_wsp": {
      "name": "stalking.n.1",
      "definition": "the act of following prey stealthily",
      "onyms": [
        "pursual",
        "pursuit",
        "stalking",
        "stalk",
        "chase",
        "following"
      ]
    },
    "end_wsp": {
      "name": "chasing.v.0",
      "definition": "go after with the intent to catch",
      "onyms": [
        "go_after",
        "track",
        "run_down",
        "quest",
        "pursue",
        "trace",
        "hound",
        "trail",
        "hunt",
        "tree",
        "follow",
        "give_chase",
        "tail",
        "chase_after",
        "chase",
        "dog",
        "tag"
      ]
    }
  }
}