{
  "average_link": {
    "score": 0.3192230239510536,
    "time": 0.00022292137145996094,
    "start_wsp": {
      "name": "stern.s.3",
      "definition": "of a stern or strict bearing or demeanor; forbidding in aspect",
      "onyms": [
        "austere",
        "stern"
      ]
    },
    "end_wsp": {
      "name": "austere.s.1",
      "definition": "of a stern or strict bearing or demeanor; forbidding in aspect",
      "onyms": [
        "austere",
        "stern"
      ]
    }
  },
  "average_vector": {
    "score": 1.0000001192092896,
    "time": 2.8337652683258057,
    "start_wsp": {
      "name": "stern.s.3",
      "definition": "of a stern or strict bearing or demeanor; forbidding in aspect",
      "onyms": [
        "austere",
        "stern"
      ]
    },
    "end_wsp": {
      "name": "austere.s.1",
      "definition": "of a stern or strict bearing or demeanor; forbidding in aspect",
      "onyms": [
        "austere",
        "stern"
      ]
    }
  },
  "complete_link": {
    "score": 0.2768920958042145,
    "time": 0.0002460479736328125,
    "start_wsp": {
      "name": "stern.s.3",
      "definition": "of a stern or strict bearing or demeanor; forbidding in aspect",
      "onyms": [
        "austere",
        "stern"
      ]
    },
    "end_wsp": {
      "name": "austere.s.1",
      "definition": "of a stern or strict bearing or demeanor; forbidding in aspect",
      "onyms": [
        "austere",
        "stern"
      ]
    }
  },
  "single_link": {
    "score": 1.0,
    "time": 0.00019073486328125,
    "start_wsp": {
      "name": "stern.n.0",
      "definition": "the rear part of a ship",
      "onyms": [
        "skeg",
        "ship",
        "stern",
        "poop",
        "after_part",
        "back",
        "tail",
        "quarter",
        "escutcheon",
        "rear"
      ]
    },
    "end_wsp": {
      "name": "austere.s.0",
      "definition": "severely simple",
      "onyms": [
        "austere",
        "severe",
        "stern",
        "stark"
      ]
    }
  },
  "total_vector": {
    "score": 1.0000001192092896,
    "time": 2.6131465435028076,
    "start_wsp": {
      "name": "stern.s.3",
      "definition": "of a stern or strict bearing or demeanor; forbidding in aspect",
      "onyms": [
        "austere",
        "stern"
      ]
    },
    "end_wsp": {
      "name": "austere.s.1",
      "definition": "of a stern or strict bearing or demeanor; forbidding in aspect",
      "onyms": [
        "austere",
        "stern"
      ]
    }
  }
}