{
  "average_link": {
    "score": 0.11012797988951206,
    "time": 0.00025844573974609375,
    "start_wsp": {
      "name": "strapped.v.2",
      "definition": "sharpen with a strap",
      "onyms": [
        "strap",
        "sharpen"
      ]
    },
    "end_wsp": {
      "name": "ripped.v.2",
      "definition": "cut (wood) along the grain",
      "onyms": [
        "cut",
        "rip"
      ]
    }
  },
  "average_vector": {
    "score": 0.5359672904014587,
    "time": 5.4450201988220215,
    "start_wsp": {
      "name": "strapped.v.0",
      "definition": "tie with a strap",
      "onyms": [
        "bind",
        "tie",
        "hobble",
        "strap",
        "hopple"
      ]
    },
    "end_wsp": {
      "name": "ripped.v.0",
      "definition": "tear or be torn violently",
      "onyms": [
        "pull",
        "rive",
        "snap",
        "rupture",
        "rip",
        "rend",
        "bust",
        "tear"
      ]
    }
  },
  "complete_link": {
    "score": 0.11934860050678253,
    "time": 0.00029277801513671875,
    "start_wsp": {
      "name": "strapped.v.0",
      "definition": "tie with a strap",
      "onyms": [
        "bind",
        "tie",
        "hobble",
        "strap",
        "hopple"
      ]
    },
    "end_wsp": {
      "name": "ripped.v.2",
      "definition": "cut (wood) along the grain",
      "onyms": [
        "cut",
        "rip"
      ]
    }
  },
  "single_link": {
    "score": 0.7417387366294861,
    "time": 0.0002684593200683594,
    "start_wsp": {
      "name": "strapped.v.1",
      "definition": "beat severely with a whip or rod",
      "onyms": [
        "lather",
        "leather",
        "scourge",
        "slash",
        "work_over",
        "flog",
        "flagellate",
        "birch",
        "whip",
        "welt",
        "beat",
        "strap",
        "switch",
        "trounce",
        "cat",
        "cowhide",
        "lash",
        "horsewhip",
        "beat_up"
      ]
    },
    "end_wsp": {
      "name": "ripped.v.2",
      "definition": "cut (wood) along the grain",
      "onyms": [
        "cut",
        "rip"
      ]
    }
  },
  "total_vector": {
    "score": 0.5359672904014587,
    "time": 5.488727569580078,
    "start_wsp": {
      "name": "strapped.v.0",
      "definition": "tie with a strap",
      "onyms": [
        "bind",
        "tie",
        "hobble",
        "strap",
        "hopple"
      ]
    },
    "end_wsp": {
      "name": "ripped.v.0",
      "definition": "tear or be torn violently",
      "onyms": [
        "pull",
        "rive",
        "snap",
        "rupture",
        "rip",
        "rend",
        "bust",
        "tear"
      ]
    }
  }
}