{
  "average_link": {
    "score": 0.13787352583474582,
    "time": 4.6253204345703125e-05,
    "start_wsp": {
      "name": "streamer.n.0",
      "definition": "light that streams",
      "onyms": [
        "aurora",
        "visible_radiation",
        "streamer",
        "visible_light",
        "light"
      ]
    },
    "end_wsp": {
      "name": "aurora.n.1",
      "definition": "an atmospheric phenomenon consisting of bands of light caused by charged solar particles following the earth's magnetic lines of force",
      "onyms": [
        "southern_lights",
        "atmospheric_phenomenon",
        "aurora",
        "aurora_australis",
        "streamer",
        "northern_lights",
        "aurora_borealis"
      ]
    }
  },
  "average_vector": {
    "score": 0.8705172538757324,
    "time": 1.333559513092041,
    "start_wsp": {
      "name": "streamer.n.0",
      "definition": "light that streams",
      "onyms": [
        "aurora",
        "visible_radiation",
        "streamer",
        "visible_light",
        "light"
      ]
    },
    "end_wsp": {
      "name": "aurora.n.1",
      "definition": "an atmospheric phenomenon consisting of bands of light caused by charged solar particles following the earth's magnetic lines of force",
      "onyms": [
        "southern_lights",
        "atmospheric_phenomenon",
        "aurora",
        "aurora_australis",
        "streamer",
        "northern_lights",
        "aurora_borealis"
      ]
    }
  },
  "complete_link": {
    "score": 0.1572444885969162,
    "time": 4.482269287109375e-05,
    "start_wsp": {
      "name": "streamer.n.0",
      "definition": "light that streams",
      "onyms": [
        "aurora",
        "visible_radiation",
        "streamer",
        "visible_light",
        "light"
      ]
    },
    "end_wsp": {
      "name": "aurora.n.1",
      "definition": "an atmospheric phenomenon consisting of bands of light caused by charged solar particles following the earth's magnetic lines of force",
      "onyms": [
        "southern_lights",
        "atmospheric_phenomenon",
        "aurora",
        "aurora_australis",
        "streamer",
        "northern_lights",
        "aurora_borealis"
      ]
    }
  },
  "single_link": {
    "score": 1.0,
    "time": 4.291534423828125e-05,
    "start_wsp": {
      "name": "streamer.n.0",
      "definition": "light that streams",
      "onyms": [
        "aurora",
        "visible_radiation",
        "streamer",
        "visible_light",
        "light"
      ]
    },
    "end_wsp": {
      "name": "aurora.n.0",
      "definition": "the first light of day",
      "onyms": [
        "first_light",
        "hour",
        "daybreak",
        "aurora",
        "break_of_the_day",
        "dawning",
        "morning",
        "sunup",
        "break_of_day",
        "sunrise",
        "dawn",
        "dayspring",
        "time_of_day",
        "cockcrow"
      ]
    }
  },
  "total_vector": {
    "score": 0.8705172538757324,
    "time": 1.323556900024414,
    "start_wsp": {
      "name": "streamer.n.0",
      "definition": "light that streams",
      "onyms": [
        "aurora",
        "visible_radiation",
        "streamer",
        "visible_light",
        "light"
      ]
    },
    "end_wsp": {
      "name": "aurora.n.1",
      "definition": "an atmospheric phenomenon consisting of bands of light caused by charged solar particles following the earth's magnetic lines of force",
      "onyms": [
        "southern_lights",
        "atmospheric_phenomenon",
        "aurora",
        "aurora_australis",
        "streamer",
        "northern_lights",
        "aurora_borealis"
      ]
    }
  }
}