{
  "average_link": {
    "score": 0.10278665274381638,
    "time": 6.818771362304688e-05,
    "start_wsp": {
      "name": "stringer.n.3",
      "definition": "a long horizontal timber to connect uprights",
      "onyms": [
        "timber",
        "stringer"
      ]
    },
    "end_wsp": {
      "name": "pallet.n.2",
      "definition": "a hand tool with a flat blade used by potters for mixing and shaping clay",
      "onyms": [
        "hand_tool",
        "pallet"
      ]
    }
  },
  "average_vector": {
    "score": 0.2764880359172821,
    "time": 5.124709606170654,
    "start_wsp": {
      "name": "stringer.n.3",
      "definition": "a long horizontal timber to connect uprights",
      "onyms": [
        "timber",
        "stringer"
      ]
    },
    "end_wsp": {
      "name": "pallet.n.3",
      "definition": "a mattress filled with straw or a pad made of quilts; used as a bed",
      "onyms": [
        "mattress",
        "pallet"
      ]
    }
  },
  "complete_link": {
    "score": 0.13671264052391052,
    "time": 9.1552734375e-05,
    "start_wsp": {
      "name": "stringer.n.1",
      "definition": "a worker who strings",
      "onyms": [
        "worker",
        "stringer"
      ]
    },
    "end_wsp": {
      "name": "pallet.n.2",
      "definition": "a hand tool with a flat blade used by potters for mixing and shaping clay",
      "onyms": [
        "hand_tool",
        "pallet"
      ]
    }
  },
  "single_link": {
    "score": 0.274433970451355,
    "time": 7.510185241699219e-05,
    "start_wsp": {
      "name": "stringer.n.3",
      "definition": "a long horizontal timber to connect uprights",
      "onyms": [
        "timber",
        "stringer"
      ]
    },
    "end_wsp": {
      "name": "pallet.n.0",
      "definition": "the range of colour characteristic of a particular artist or painting or school of art",
      "onyms": [
        "palette",
        "pallet",
        "ambit",
        "range",
        "reach",
        "compass",
        "scope",
        "orbit"
      ]
    }
  },
  "total_vector": {
    "score": 0.2764880359172821,
    "time": 5.388759136199951,
    "start_wsp": {
      "name": "stringer.n.3",
      "definition": "a long horizontal timber to connect uprights",
      "onyms": [
        "timber",
        "stringer"
      ]
    },
    "end_wsp": {
      "name": "pallet.n.3",
      "definition": "a mattress filled with straw or a pad made of quilts; used as a bed",
      "onyms": [
        "mattress",
        "pallet"
      ]
    }
  }
}