{
  "average_link": {
    "score": 0.6714966297149658,
    "time": 5.3882598876953125e-05,
    "start_wsp": {
      "name": "structured.a.1",
      "definition": "having definite and highly organized structure",
      "onyms": [
        "structured"
      ]
    },
    "end_wsp": {
      "name": "integrated.s.7",
      "definition": "resembling a living organism in organization or development",
      "onyms": [
        "structured",
        "integrated"
      ]
    }
  },
  "average_vector": {
    "score": 1.0,
    "time": 1.3330411911010742,
    "start_wsp": {
      "name": "structured.s.2",
      "definition": "resembling a living organism in organization or development",
      "onyms": [
        "structured",
        "integrated"
      ]
    },
    "end_wsp": {
      "name": "integrated.s.7",
      "definition": "resembling a living organism in organization or development",
      "onyms": [
        "structured",
        "integrated"
      ]
    }
  },
  "complete_link": {
    "score": 0.34299325942993164,
    "time": 5.745887756347656e-05,
    "start_wsp": {
      "name": "structured.a.1",
      "definition": "having definite and highly organized structure",
      "onyms": [
        "structured"
      ]
    },
    "end_wsp": {
      "name": "integrated.a.5",
      "definition": "formed into a whole or introduced into another entity; - Dwight D.Eisenhower",
      "onyms": [
        "integrated"
      ]
    }
  },
  "single_link": {
    "score": 1.0,
    "time": 5.3882598876953125e-05,
    "start_wsp": {
      "name": "structured.a.1",
      "definition": "having definite and highly organized structure",
      "onyms": [
        "structured"
      ]
    },
    "end_wsp": {
      "name": "integrated.s.7",
      "definition": "resembling a living organism in organization or development",
      "onyms": [
        "structured",
        "integrated"
      ]
    }
  },
  "total_vector": {
    "score": 1.0,
    "time": 1.3042409420013428,
    "start_wsp": {
      "name": "structured.s.2",
      "definition": "resembling a living organism in organization or development",
      "onyms": [
        "structured",
        "integrated"
      ]
    },
    "end_wsp": {
      "name": "integrated.s.7",
      "definition": "resembling a living organism in organization or development",
      "onyms": [
        "structured",
        "integrated"
      ]
    }
  }
}