{
  "average_link": {
    "score": 0.28923916444182396,
    "time": 0.0001125335693359375,
    "start_wsp": {
      "name": "stubbed.v.2",
      "definition": "clear of weeds by uprooting them",
      "onyms": [
        "weed",
        "stub"
      ]
    },
    "end_wsp": {
      "name": "stub.n.0",
      "definition": "a short piece remaining on a trunk or stem where a branch is lost",
      "onyms": [
        "plant_structure",
        "plant_part",
        "stub"
      ]
    }
  },
  "average_vector": {
    "score": 1.0,
    "time": 1.3117916584014893,
    "start_wsp": {
      "name": "stubbed.v.1",
      "definition": "extinguish by crushing",
      "onyms": [
        "blow_out",
        "quench",
        "extinguish",
        "stub",
        "snuff_out"
      ]
    },
    "end_wsp": {
      "name": "stub.v.6",
      "definition": "extinguish by crushing",
      "onyms": [
        "blow_out",
        "quench",
        "extinguish",
        "stub",
        "snuff_out"
      ]
    }
  },
  "complete_link": {
    "score": 0.15695665776729584,
    "time": 0.00012922286987304688,
    "start_wsp": {
      "name": "stubbed.v.2",
      "definition": "clear of weeds by uprooting them",
      "onyms": [
        "weed",
        "stub"
      ]
    },
    "end_wsp": {
      "name": "stub.n.0",
      "definition": "a short piece remaining on a trunk or stem where a branch is lost",
      "onyms": [
        "plant_structure",
        "plant_part",
        "stub"
      ]
    }
  },
  "single_link": {
    "score": 1.0,
    "time": 0.00010919570922851562,
    "start_wsp": {
      "name": "stubbed.v.0",
      "definition": "pull up (weeds) by their roots",
      "onyms": [
        "extirpate",
        "uproot",
        "root_out",
        "deracinate",
        "stub"
      ]
    },
    "end_wsp": {
      "name": "stub.n.0",
      "definition": "a short piece remaining on a trunk or stem where a branch is lost",
      "onyms": [
        "plant_structure",
        "plant_part",
        "stub"
      ]
    }
  },
  "total_vector": {
    "score": 1.0,
    "time": 1.3072571754455566,
    "start_wsp": {
      "name": "stubbed.v.2",
      "definition": "clear of weeds by uprooting them",
      "onyms": [
        "weed",
        "stub"
      ]
    },
    "end_wsp": {
      "name": "stub.v.7",
      "definition": "clear of weeds by uprooting them",
      "onyms": [
        "weed",
        "stub"
      ]
    }
  }
}