{
  "average_link": {
    "score": 0.07477851305156946,
    "time": 0.0004048347473144531,
    "start_wsp": {
      "name": "submerge.v.2",
      "definition": "put under water",
      "onyms": [
        "plunge",
        "immerse",
        "submerse",
        "submerge"
      ]
    },
    "end_wsp": {
      "name": "sink.v.7",
      "definition": "go under,",
      "onyms": [
        "fall",
        "settle",
        "come_down",
        "submerge",
        "subside",
        "sink",
        "descend",
        "submerse",
        "go_down",
        "founder",
        "go_under"
      ]
    }
  },
  "average_vector": {
    "score": 0.8399630188941956,
    "time": 7.059447526931763,
    "start_wsp": {
      "name": "submerge.v.0",
      "definition": "sink below the surface; go under or as if under water",
      "onyms": [
        "dive",
        "settle",
        "submerge",
        "sink",
        "submerse",
        "go_down",
        "go_under"
      ]
    },
    "end_wsp": {
      "name": "sink.v.7",
      "definition": "go under,",
      "onyms": [
        "fall",
        "settle",
        "come_down",
        "submerge",
        "subside",
        "sink",
        "descend",
        "submerse",
        "go_down",
        "founder",
        "go_under"
      ]
    }
  },
  "complete_link": {
    "score": 0.13788869976997375,
    "time": 0.00041866302490234375,
    "start_wsp": {
      "name": "submerge.v.3",
      "definition": "fill or cover completely, usually with water",
      "onyms": [
        "deluge",
        "inundate",
        "flood",
        "submerge"
      ]
    },
    "end_wsp": {
      "name": "sink.v.8",
      "definition": "descend into or as if into some soft substance or place",
      "onyms": [
        "fall",
        "come_down",
        "subside",
        "sink",
        "descend",
        "go_down"
      ]
    }
  },
  "single_link": {
    "score": 1.0,
    "time": 0.0003848075866699219,
    "start_wsp": {
      "name": "submerge.v.0",
      "definition": "sink below the surface; go under or as if under water",
      "onyms": [
        "dive",
        "settle",
        "submerge",
        "sink",
        "submerse",
        "go_down",
        "go_under"
      ]
    },
    "end_wsp": {
      "name": "sink.v.5",
      "definition": "cause to sink",
      "onyms": [
        "move",
        "displace",
        "sink",
        "settle"
      ]
    }
  },
  "total_vector": {
    "score": 0.8399629592895508,
    "time": 7.2293782234191895,
    "start_wsp": {
      "name": "submerge.v.0",
      "definition": "sink below the surface; go under or as if under water",
      "onyms": [
        "dive",
        "settle",
        "submerge",
        "sink",
        "submerse",
        "go_down",
        "go_under"
      ]
    },
    "end_wsp": {
      "name": "sink.v.7",
      "definition": "go under,",
      "onyms": [
        "fall",
        "settle",
        "come_down",
        "submerge",
        "subside",
        "sink",
        "descend",
        "submerse",
        "go_down",
        "founder",
        "go_under"
      ]
    }
  }
}