{
  "average_link": {
    "score": 0.2508285522926599,
    "time": 7.2479248046875e-05,
    "start_wsp": {
      "name": "submarined.v.2",
      "definition": "bring down with a blow to the legs",
      "onyms": [
        "pull_down",
        "down",
        "submarine",
        "knock_down",
        "push_down",
        "cut_down"
      ]
    },
    "end_wsp": {
      "name": "submarine.v.4",
      "definition": "bring down with a blow to the legs",
      "onyms": [
        "pull_down",
        "down",
        "submarine",
        "knock_down",
        "push_down",
        "cut_down"
      ]
    }
  },
  "average_vector": {
    "score": 1.0,
    "time": 1.3793346881866455,
    "start_wsp": {
      "name": "submarined.v.0",
      "definition": "move forward or under in a sliding motion",
      "onyms": [
        "slip",
        "skid",
        "slue",
        "submarine",
        "slide",
        "slew"
      ]
    },
    "end_wsp": {
      "name": "submarine.v.2",
      "definition": "move forward or under in a sliding motion",
      "onyms": [
        "slip",
        "skid",
        "slue",
        "submarine",
        "slide",
        "slew"
      ]
    }
  },
  "complete_link": {
    "score": 0.05823006108403206,
    "time": 7.200241088867188e-05,
    "start_wsp": {
      "name": "submarined.v.3",
      "definition": "control a submarine",
      "onyms": [
        "operate",
        "control",
        "submarine"
      ]
    },
    "end_wsp": {
      "name": "submarine.v.5",
      "definition": "control a submarine",
      "onyms": [
        "operate",
        "control",
        "submarine"
      ]
    }
  },
  "single_link": {
    "score": 1.0,
    "time": 6.771087646484375e-05,
    "start_wsp": {
      "name": "submarined.v.0",
      "definition": "move forward or under in a sliding motion",
      "onyms": [
        "slip",
        "skid",
        "slue",
        "submarine",
        "slide",
        "slew"
      ]
    },
    "end_wsp": {
      "name": "submarine.n.0",
      "definition": "a submersible warship usually armed with torpedoes",
      "onyms": [
        "asdic",
        "fleet_ballistic_missile_submarine",
        "echo_sounder",
        "submarine",
        "conning_tower",
        "nuclear-powered_submarine",
        "submersible_warship",
        "nautilus",
        "auxiliary_research_submarine",
        "pigboat",
        "attack_submarine",
        "breather",
        "submersible",
        "periscope",
        "sub",
        "snorkel_breather",
        "snorkel",
        "schnorkel",
        "schnorchel",
        "escape_hatch",
        "sonar",
        "nuclear_submarine",
        "U-boat"
      ]
    }
  },
  "total_vector": {
    "score": 1.0,
    "time": 1.3706355094909668,
    "start_wsp": {
      "name": "submarined.v.0",
      "definition": "move forward or under in a sliding motion",
      "onyms": [
        "slip",
        "skid",
        "slue",
        "submarine",
        "slide",
        "slew"
      ]
    },
    "end_wsp": {
      "name": "submarine.v.2",
      "definition": "move forward or under in a sliding motion",
      "onyms": [
        "slip",
        "skid",
        "slue",
        "submarine",
        "slide",
        "slew"
      ]
    }
  }
}