{
  "average_link": {
    "score": 0.12656126535601087,
    "time": 0.0007612705230712891,
    "start_wsp": {
      "name": "suggest.v.2",
      "definition": "imply as a possibility",
      "onyms": [
        "imply",
        "make_out",
        "intimate",
        "suggest"
      ]
    },
    "end_wsp": {
      "name": "imply.v.3",
      "definition": "suggest that someone is guilty",
      "onyms": [
        "inculpate",
        "incriminate",
        "imply",
        "suggest",
        "evoke",
        "paint_a_picture"
      ]
    }
  },
  "average_vector": {
    "score": 0.8724939823150635,
    "time": 2.875264883041382,
    "start_wsp": {
      "name": "suggest.v.4",
      "definition": "call to mind",
      "onyms": [
        "express",
        "smack",
        "show",
        "inculpate",
        "incriminate",
        "imply",
        "reek",
        "evince",
        "suggest",
        "evoke",
        "paint_a_picture",
        "smell"
      ]
    },
    "end_wsp": {
      "name": "imply.v.3",
      "definition": "suggest that someone is guilty",
      "onyms": [
        "inculpate",
        "incriminate",
        "imply",
        "suggest",
        "evoke",
        "paint_a_picture"
      ]
    }
  },
  "complete_link": {
    "score": 0.18954214453697205,
    "time": 0.0008347034454345703,
    "start_wsp": {
      "name": "suggest.v.3",
      "definition": "suggest the necessity of an intervention; in medicine",
      "onyms": [
        "indicate",
        "inform",
        "suggest"
      ]
    },
    "end_wsp": {
      "name": "imply.v.3",
      "definition": "suggest that someone is guilty",
      "onyms": [
        "inculpate",
        "incriminate",
        "imply",
        "suggest",
        "evoke",
        "paint_a_picture"
      ]
    }
  },
  "single_link": {
    "score": 1.0,
    "time": 0.0007333755493164062,
    "start_wsp": {
      "name": "suggest.v.0",
      "definition": "make a proposal, declare a plan for something",
      "onyms": [
        "feed_back",
        "posit",
        "urge",
        "advocate",
        "advance",
        "recommend",
        "declare",
        "put_forward",
        "submit",
        "suggest",
        "make_a_motion",
        "move",
        "state",
        "propose",
        "advise",
        "proposition",
        "throw_out"
      ]
    },
    "end_wsp": {
      "name": "imply.v.1",
      "definition": "suggest as a logically necessary consequence; in logic",
      "onyms": [
        "suppose",
        "express",
        "show",
        "imply",
        "evince",
        "suggest",
        "intimate",
        "connote",
        "predicate",
        "presuppose"
      ]
    }
  },
  "total_vector": {
    "score": 0.8724939227104187,
    "time": 2.9223380088806152,
    "start_wsp": {
      "name": "suggest.v.4",
      "definition": "call to mind",
      "onyms": [
        "express",
        "smack",
        "show",
        "inculpate",
        "incriminate",
        "imply",
        "reek",
        "evince",
        "suggest",
        "evoke",
        "paint_a_picture",
        "smell"
      ]
    },
    "end_wsp": {
      "name": "imply.v.3",
      "definition": "suggest that someone is guilty",
      "onyms": [
        "inculpate",
        "incriminate",
        "imply",
        "suggest",
        "evoke",
        "paint_a_picture"
      ]
    }
  }
}