{
  "average_link": {
    "score": 0.3562333087126414,
    "time": 0.00014638900756835938,
    "start_wsp": {
      "name": "suggestive.s.0",
      "definition": "tending to suggest or imply",
      "onyms": [
        "suggestive",
        "implicative"
      ]
    },
    "end_wsp": {
      "name": "suggest.v.2",
      "definition": "imply as a possibility",
      "onyms": [
        "imply",
        "make_out",
        "intimate",
        "suggest"
      ]
    }
  },
  "average_vector": {
    "score": 0.5745174884796143,
    "time": 1.3300821781158447,
    "start_wsp": {
      "name": "suggestive.s.1",
      "definition": "(usually followed by `of') pointing out or revealing clearly",
      "onyms": [
        "revelatory",
        "significative",
        "indicatory",
        "suggestive",
        "indicative"
      ]
    },
    "end_wsp": {
      "name": "suggest.v.2",
      "definition": "imply as a possibility",
      "onyms": [
        "imply",
        "make_out",
        "intimate",
        "suggest"
      ]
    }
  },
  "complete_link": {
    "score": 0.34246280789375305,
    "time": 0.00015497207641601562,
    "start_wsp": {
      "name": "suggestive.s.0",
      "definition": "tending to suggest or imply",
      "onyms": [
        "suggestive",
        "implicative"
      ]
    },
    "end_wsp": {
      "name": "suggest.v.2",
      "definition": "imply as a possibility",
      "onyms": [
        "imply",
        "make_out",
        "intimate",
        "suggest"
      ]
    }
  },
  "single_link": {
    "score": 0.45637375116348267,
    "time": 0.0001380443572998047,
    "start_wsp": {
      "name": "suggestive.s.1",
      "definition": "(usually followed by `of') pointing out or revealing clearly",
      "onyms": [
        "revelatory",
        "significative",
        "indicatory",
        "suggestive",
        "indicative"
      ]
    },
    "end_wsp": {
      "name": "suggest.v.3",
      "definition": "suggest the necessity of an intervention; in medicine",
      "onyms": [
        "indicate",
        "inform",
        "suggest"
      ]
    }
  },
  "total_vector": {
    "score": 0.5745174884796143,
    "time": 1.3120391368865967,
    "start_wsp": {
      "name": "suggestive.s.1",
      "definition": "(usually followed by `of') pointing out or revealing clearly",
      "onyms": [
        "revelatory",
        "significative",
        "indicatory",
        "suggestive",
        "indicative"
      ]
    },
    "end_wsp": {
      "name": "suggest.v.2",
      "definition": "imply as a possibility",
      "onyms": [
        "imply",
        "make_out",
        "intimate",
        "suggest"
      ]
    }
  }
}