{
  "average_link": {
    "score": 0.2008427232503891,
    "time": 0.00038886070251464844,
    "start_wsp": {
      "name": "super.s.2",
      "definition": "including more than a specified category",
      "onyms": [
        "super"
      ]
    },
    "end_wsp": {
      "name": "superannuation.n.1",
      "definition": "the property of being out of date and not current",
      "onyms": [
        "oldness",
        "superannuation",
        "obsoleteness"
      ]
    }
  },
  "average_vector": {
    "score": 0.32464599609375,
    "time": 1.335139513015747,
    "start_wsp": {
      "name": "super.n.0",
      "definition": "a caretaker for an apartment house; represents the owner as janitor and rent collector",
      "onyms": [
        "super",
        "superintendent",
        "caretaker"
      ]
    },
    "end_wsp": {
      "name": "superannuation.n.2",
      "definition": "the act of discharging someone because of age (especially to cause someone to retire from service on a pension)",
      "onyms": [
        "sack",
        "sacking",
        "firing",
        "liberation",
        "release",
        "superannuation",
        "dismissal",
        "dismission",
        "discharge"
      ]
    }
  },
  "complete_link": {
    "score": 0.16228538751602173,
    "time": 0.0004055500030517578,
    "start_wsp": {
      "name": "super.s.2",
      "definition": "including more than a specified category",
      "onyms": [
        "super"
      ]
    },
    "end_wsp": {
      "name": "superannuation.n.1",
      "definition": "the property of being out of date and not current",
      "onyms": [
        "oldness",
        "superannuation",
        "obsoleteness"
      ]
    }
  },
  "single_link": {
    "score": 0.33442506194114685,
    "time": 0.00038623809814453125,
    "start_wsp": {
      "name": "super.n.0",
      "definition": "a caretaker for an apartment house; represents the owner as janitor and rent collector",
      "onyms": [
        "super",
        "superintendent",
        "caretaker"
      ]
    },
    "end_wsp": {
      "name": "superannuation.n.2",
      "definition": "the act of discharging someone because of age (especially to cause someone to retire from service on a pension)",
      "onyms": [
        "sack",
        "sacking",
        "firing",
        "liberation",
        "release",
        "superannuation",
        "dismissal",
        "dismission",
        "discharge"
      ]
    }
  },
  "total_vector": {
    "score": 0.32464599609375,
    "time": 1.3202202320098877,
    "start_wsp": {
      "name": "super.n.0",
      "definition": "a caretaker for an apartment house; represents the owner as janitor and rent collector",
      "onyms": [
        "super",
        "superintendent",
        "caretaker"
      ]
    },
    "end_wsp": {
      "name": "superannuation.n.2",
      "definition": "the act of discharging someone because of age (especially to cause someone to retire from service on a pension)",
      "onyms": [
        "sack",
        "sacking",
        "firing",
        "liberation",
        "release",
        "superannuation",
        "dismissal",
        "dismission",
        "discharge"
      ]
    }
  }
}