{
  "average_link": {
    "score": 0.056869795752896204,
    "time": 0.0002200603485107422,
    "start_wsp": {
      "name": "surfeit.v.3",
      "definition": "supply or feed to surfeit",
      "onyms": [
        "render",
        "provide",
        "furnish",
        "cloy",
        "surfeit",
        "supply"
      ]
    },
    "end_wsp": {
      "name": "supply.n.1",
      "definition": "offering goods and services for sale",
      "onyms": [
        "economic_process",
        "supply"
      ]
    }
  },
  "average_vector": {
    "score": 0.6820530891418457,
    "time": 1.2877914905548096,
    "start_wsp": {
      "name": "surfeit.v.3",
      "definition": "supply or feed to surfeit",
      "onyms": [
        "render",
        "provide",
        "furnish",
        "cloy",
        "surfeit",
        "supply"
      ]
    },
    "end_wsp": {
      "name": "supply.v.5",
      "definition": "give what is desired or needed, especially support, food or sustenance",
      "onyms": [
        "help",
        "ply",
        "accommodate",
        "feed",
        "nourish",
        "indulge",
        "board",
        "fulfil",
        "serve",
        "underlay",
        "sustain",
        "dish",
        "staff",
        "provide",
        "shower",
        "give",
        "fill",
        "cater",
        "fulfill",
        "serve_up",
        "pander",
        "drench",
        "procure",
        "gratify",
        "horse",
        "power",
        "dish_out",
        "satisfy",
        "gutter",
        "supply",
        "fix_up",
        "regale",
        "meet",
        "treat",
        "dish_up",
        "pimp",
        "nurture"
      ]
    }
  },
  "complete_link": {
    "score": 0.12525513768196106,
    "time": 0.00021719932556152344,
    "start_wsp": {
      "name": "surfeit.n.2",
      "definition": "eating until excessively full",
      "onyms": [
        "surfeit",
        "repletion",
        "feeding",
        "eating"
      ]
    },
    "end_wsp": {
      "name": "supply.n.1",
      "definition": "offering goods and services for sale",
      "onyms": [
        "economic_process",
        "supply"
      ]
    }
  },
  "single_link": {
    "score": 1.0000001192092896,
    "time": 0.0002110004425048828,
    "start_wsp": {
      "name": "surfeit.v.3",
      "definition": "supply or feed to surfeit",
      "onyms": [
        "render",
        "provide",
        "furnish",
        "cloy",
        "surfeit",
        "supply"
      ]
    },
    "end_wsp": {
      "name": "supply.v.3",
      "definition": "give something useful or necessary to",
      "onyms": [
        "equip",
        "provision",
        "purvey",
        "offer",
        "hydrate",
        "hobnail",
        "canal",
        "fit_out",
        "yield",
        "surfeit",
        "cornice",
        "subtitle",
        "stint",
        "innervate",
        "edge",
        "interleave",
        "curtain",
        "flood",
        "transistorize",
        "wharf",
        "partner",
        "grate",
        "terrace",
        "gate",
        "headquarter",
        "calk",
        "furnish",
        "key",
        "caption",
        "border",
        "constitutionalize",
        "rail",
        "terrasse",
        "water",
        "cleat",
        "brattice",
        "capitalize",
        "joint",
        "hat",
        "cloy",
        "fret",
        "wive",
        "uniform",
        "provide",
        "fund",
        "give",
        "alphabetize",
        "articulate",
        "computerize",
        "dado",
        "tube",
        "arm",
        "glass",
        "rim",
        "canalise",
        "buy_in",
        "machicolate",
        "bottom",
        "heat",
        "signalise",
        "bed",
        "retrofit",
        "causeway",
        "computerise",
        "crenelate",
        "theme",
        "glaze",
        "fire",
        "crenel",
        "ramp",
        "stock",
        "signalize",
        "stock_up",
        "top_out",
        "sanitate",
        "extend",
        "shelter",
        "seat",
        "fit",
        "index",
        "fuel",
        "reflectorise",
        "date",
        "air-condition",
        "pour",
        "leverage",
        "copper-bottom",
        "patch",
        "slat",
        "upholster",
        "top",
        "feed",
        "skimp",
        "step",
        "afford",
        "match",
        "charge",
        "oversupply",
        "crenellate",
        "outfit",
        "bush",
        "ticket",
        "railroad",
        "reflectorize",
        "capitalise",
        "tool",
        "kern",
        "victual",
        "render",
        "glut",
        "coal",
        "tap",
        "scant",
        "whisker",
        "headline",
        "costume",
        "supply",
        "canalize",
        "corbel",
        "pump",
        "berth",
        "toggle",
        "bewhisker",
        "transistorise",
        "rafter",
        "air-cool"
      ]
    }
  },
  "total_vector": {
    "score": 0.6820530891418457,
    "time": 1.2786879539489746,
    "start_wsp": {
      "name": "surfeit.v.3",
      "definition": "supply or feed to surfeit",
      "onyms": [
        "render",
        "provide",
        "furnish",
        "cloy",
        "surfeit",
        "supply"
      ]
    },
    "end_wsp": {
      "name": "supply.v.5",
      "definition": "give what is desired or needed, especially support, food or sustenance",
      "onyms": [
        "help",
        "ply",
        "accommodate",
        "feed",
        "nourish",
        "indulge",
        "board",
        "fulfil",
        "serve",
        "underlay",
        "sustain",
        "dish",
        "staff",
        "provide",
        "shower",
        "give",
        "fill",
        "cater",
        "fulfill",
        "serve_up",
        "pander",
        "drench",
        "procure",
        "gratify",
        "horse",
        "power",
        "dish_out",
        "satisfy",
        "gutter",
        "supply",
        "fix_up",
        "regale",
        "meet",
        "treat",
        "dish_up",
        "pimp",
        "nurture"
      ]
    }
  }
}