{
  "average_link": {
    "score": 0.525244802236557,
    "time": 4.792213439941406e-05,
    "start_wsp": {
      "name": "surprising.a.3",
      "definition": "causing surprise or wonder or amazement",
      "onyms": [
        "surprising"
      ]
    },
    "end_wsp": {
      "name": "amazing.s.2",
      "definition": "surprising greatly",
      "onyms": [
        "astonishing",
        "amazing"
      ]
    }
  },
  "average_vector": {
    "score": 0.8840968012809753,
    "time": 7.489900827407837,
    "start_wsp": {
      "name": "surprising.v.0",
      "definition": "cause to be surprised",
      "onyms": [
        "astound",
        "strike",
        "floor",
        "impress",
        "shock",
        "surprise",
        "affect",
        "explode_a_bombshell",
        "flabbergast",
        "bowl_over",
        "blow_out_of_the_water",
        "move",
        "astonish",
        "take_aback",
        "boggle",
        "catch",
        "ball_over",
        "amaze"
      ]
    },
    "end_wsp": {
      "name": "amazing.v.0",
      "definition": "affect with wonder",
      "onyms": [
        "astound",
        "surprise",
        "astonish",
        "dazzle",
        "amaze"
      ]
    }
  },
  "complete_link": {
    "score": 0.4714643955230713,
    "time": 5.221366882324219e-05,
    "start_wsp": {
      "name": "surprising.a.3",
      "definition": "causing surprise or wonder or amazement",
      "onyms": [
        "surprising"
      ]
    },
    "end_wsp": {
      "name": "amazing.s.2",
      "definition": "surprising greatly",
      "onyms": [
        "astonishing",
        "amazing"
      ]
    }
  },
  "single_link": {
    "score": 1.0,
    "time": 6.008148193359375e-05,
    "start_wsp": {
      "name": "surprising.v.0",
      "definition": "cause to be surprised",
      "onyms": [
        "astound",
        "strike",
        "floor",
        "impress",
        "shock",
        "surprise",
        "affect",
        "explode_a_bombshell",
        "flabbergast",
        "bowl_over",
        "blow_out_of_the_water",
        "move",
        "astonish",
        "take_aback",
        "boggle",
        "catch",
        "ball_over",
        "amaze"
      ]
    },
    "end_wsp": {
      "name": "amazing.v.0",
      "definition": "affect with wonder",
      "onyms": [
        "astound",
        "surprise",
        "astonish",
        "dazzle",
        "amaze"
      ]
    }
  },
  "total_vector": {
    "score": 0.8840968012809753,
    "time": 7.977031946182251,
    "start_wsp": {
      "name": "surprising.v.0",
      "definition": "cause to be surprised",
      "onyms": [
        "astound",
        "strike",
        "floor",
        "impress",
        "shock",
        "surprise",
        "affect",
        "explode_a_bombshell",
        "flabbergast",
        "bowl_over",
        "blow_out_of_the_water",
        "move",
        "astonish",
        "take_aback",
        "boggle",
        "catch",
        "ball_over",
        "amaze"
      ]
    },
    "end_wsp": {
      "name": "amazing.v.0",
      "definition": "affect with wonder",
      "onyms": [
        "astound",
        "surprise",
        "astonish",
        "dazzle",
        "amaze"
      ]
    }
  }
}