{
  "average_link": {
    "score": 0.21622908988501877,
    "time": 6.222724914550781e-05,
    "start_wsp": {
      "name": "symbolism.n.2",
      "definition": "an artistic movement in the late 19th century that tried to express abstract or mystical ideas through the symbolic use of images",
      "onyms": [
        "art_movement",
        "artistic_movement",
        "symbolism"
      ]
    },
    "end_wsp": {
      "name": "practice.n.0",
      "definition": "a customary way of operation or behavior",
      "onyms": [
        "practice",
        "custom",
        "cooperation",
        "transvestism",
        "popery",
        "usance",
        "pluralism",
        "slaveholding",
        "fashion",
        "cross_dressing",
        "lynch_law",
        "naturism",
        "ornamentalism",
        "quotation",
        "transvestitism",
        "featherbedding",
        "usage",
        "pattern",
        "nonconformism",
        "systematism",
        "papism",
        "activity",
        "formalism",
        "symbolization",
        "careerism",
        "symbolisation",
        "slavery",
        "cannibalism",
        "ritualism",
        "mistreatment",
        "lobbyism",
        "nudism",
        "peonage",
        "modernism",
        "habitude",
        "symbolism",
        "occult",
        "calisthenics",
        "callisthenics",
        "one-upmanship",
        "occult_arts",
        "unwritten_law",
        "ritual",
        "biologism"
      ]
    }
  },
  "average_vector": {
    "score": 0.7241405248641968,
    "time": 1.3593029975891113,
    "start_wsp": {
      "name": "symbolism.n.1",
      "definition": "the practice of investing things with symbolic meaning",
      "onyms": [
        "practice",
        "symbolism",
        "symbolization",
        "symbolisation",
        "pattern"
      ]
    },
    "end_wsp": {
      "name": "practice.n.4",
      "definition": "knowledge of how something is usually done",
      "onyms": [
        "practice",
        "custom",
        "knowledge",
        "noesis",
        "convention",
        "cognition",
        "rule",
        "normal",
        "tradition",
        "heritage",
        "pattern",
        "formula"
      ]
    }
  },
  "complete_link": {
    "score": 0.05542333796620369,
    "time": 6.103515625e-05,
    "start_wsp": {
      "name": "symbolism.n.1",
      "definition": "the practice of investing things with symbolic meaning",
      "onyms": [
        "practice",
        "symbolism",
        "symbolization",
        "symbolisation",
        "pattern"
      ]
    },
    "end_wsp": {
      "name": "practice.v.5",
      "definition": "carry out or practice; as of jobs and professions",
      "onyms": [
        "practice",
        "do",
        "exercise",
        "shamanize",
        "shamanise",
        "practise"
      ]
    }
  },
  "single_link": {
    "score": 1.0,
    "time": 5.8650970458984375e-05,
    "start_wsp": {
      "name": "symbolism.n.1",
      "definition": "the practice of investing things with symbolic meaning",
      "onyms": [
        "practice",
        "symbolism",
        "symbolization",
        "symbolisation",
        "pattern"
      ]
    },
    "end_wsp": {
      "name": "practice.n.0",
      "definition": "a customary way of operation or behavior",
      "onyms": [
        "practice",
        "custom",
        "cooperation",
        "transvestism",
        "popery",
        "usance",
        "pluralism",
        "slaveholding",
        "fashion",
        "cross_dressing",
        "lynch_law",
        "naturism",
        "ornamentalism",
        "quotation",
        "transvestitism",
        "featherbedding",
        "usage",
        "pattern",
        "nonconformism",
        "systematism",
        "papism",
        "activity",
        "formalism",
        "symbolization",
        "careerism",
        "symbolisation",
        "slavery",
        "cannibalism",
        "ritualism",
        "mistreatment",
        "lobbyism",
        "nudism",
        "peonage",
        "modernism",
        "habitude",
        "symbolism",
        "occult",
        "calisthenics",
        "callisthenics",
        "one-upmanship",
        "occult_arts",
        "unwritten_law",
        "ritual",
        "biologism"
      ]
    }
  },
  "total_vector": {
    "score": 0.7241405248641968,
    "time": 1.372879981994629,
    "start_wsp": {
      "name": "symbolism.n.1",
      "definition": "the practice of investing things with symbolic meaning",
      "onyms": [
        "practice",
        "symbolism",
        "symbolization",
        "symbolisation",
        "pattern"
      ]
    },
    "end_wsp": {
      "name": "practice.n.4",
      "definition": "knowledge of how something is usually done",
      "onyms": [
        "practice",
        "custom",
        "knowledge",
        "noesis",
        "convention",
        "cognition",
        "rule",
        "normal",
        "tradition",
        "heritage",
        "pattern",
        "formula"
      ]
    }
  }
}