{
  "average_link": {
    "score": 0.04618964088149369,
    "time": 0.0001513957977294922,
    "start_wsp": {
      "name": "taboo.v.2",
      "definition": "declare as sacred and forbidden",
      "onyms": [
        "taboo",
        "restrict"
      ]
    },
    "end_wsp": {
      "name": "approached.v.2",
      "definition": "begin to deal with",
      "onyms": [
        "face",
        "act",
        "confront",
        "approach",
        "face_up",
        "set_about",
        "go_about",
        "move"
      ]
    }
  },
  "average_vector": {
    "score": 0.1905432790517807,
    "time": 1.3425724506378174,
    "start_wsp": {
      "name": "taboo.v.2",
      "definition": "declare as sacred and forbidden",
      "onyms": [
        "taboo",
        "restrict"
      ]
    },
    "end_wsp": {
      "name": "approached.v.2",
      "definition": "begin to deal with",
      "onyms": [
        "face",
        "act",
        "confront",
        "approach",
        "face_up",
        "set_about",
        "go_about",
        "move"
      ]
    }
  },
  "complete_link": {
    "score": 0.00832099188119173,
    "time": 0.00010561943054199219,
    "start_wsp": {
      "name": "taboo.v.2",
      "definition": "declare as sacred and forbidden",
      "onyms": [
        "taboo",
        "restrict"
      ]
    },
    "end_wsp": {
      "name": "approached.v.2",
      "definition": "begin to deal with",
      "onyms": [
        "face",
        "act",
        "confront",
        "approach",
        "face_up",
        "set_about",
        "go_about",
        "move"
      ]
    }
  },
  "single_link": {
    "score": 0.32846084237098694,
    "time": 9.5367431640625e-05,
    "start_wsp": {
      "name": "taboo.v.2",
      "definition": "declare as sacred and forbidden",
      "onyms": [
        "taboo",
        "restrict"
      ]
    },
    "end_wsp": {
      "name": "approached.v.0",
      "definition": "move towards",
      "onyms": [
        "draw_close",
        "drive_up",
        "come_on",
        "near",
        "come",
        "close",
        "approach",
        "bear_down_on",
        "crowd",
        "come_near",
        "go_up",
        "edge_in",
        "edge_up",
        "come_up",
        "bear_down_upon",
        "push",
        "draw_near"
      ]
    }
  },
  "total_vector": {
    "score": 0.1905432939529419,
    "time": 1.3282887935638428,
    "start_wsp": {
      "name": "taboo.v.2",
      "definition": "declare as sacred and forbidden",
      "onyms": [
        "taboo",
        "restrict"
      ]
    },
    "end_wsp": {
      "name": "approached.v.2",
      "definition": "begin to deal with",
      "onyms": [
        "face",
        "act",
        "confront",
        "approach",
        "face_up",
        "set_about",
        "go_about",
        "move"
      ]
    }
  }
}