{
  "average_link": {
    "score": 0.07133097594810857,
    "time": 0.000545501708984375,
    "start_wsp": {
      "name": "tail.n.2",
      "definition": "any projection that resembles the tail of an animal",
      "onyms": [
        "tail_end",
        "projection",
        "tail"
      ]
    },
    "end_wsp": {
      "name": "signaling.v.2",
      "definition": "be a signal for or a symptom of",
      "onyms": [
        "portend",
        "presage",
        "bode",
        "foreshadow",
        "prefigure",
        "predict",
        "indicate",
        "foretell",
        "mark",
        "signal",
        "bespeak",
        "auspicate",
        "point",
        "augur",
        "tell",
        "prognosticate",
        "omen",
        "forecast",
        "betoken"
      ]
    }
  },
  "average_vector": {
    "score": 0.4586060345172882,
    "time": 1.3612675666809082,
    "start_wsp": {
      "name": "tail.n.0",
      "definition": "the posterior part of the body of a vertebrate especially when elongated and extending beyond the trunk or main part of the body",
      "onyms": [
        "brush",
        "oxtail",
        "outgrowth",
        "caudal_appendage",
        "fluke",
        "vertebrate",
        "craniate",
        "process",
        "appendage",
        "tail",
        "uropygium",
        "bob",
        "rattle",
        "bobtail",
        "scut",
        "flag",
        "dock"
      ]
    },
    "end_wsp": {
      "name": "signaling.v.1",
      "definition": "communicate silently and non-verbally by signals or signs",
      "onyms": [
        "whistle",
        "semaphore",
        "signalize",
        "signalise",
        "communicate",
        "intercommunicate",
        "signal",
        "sign",
        "wigwag",
        "heliograph",
        "flag"
      ]
    }
  },
  "complete_link": {
    "score": 0.024785567075014114,
    "time": 0.0005362033843994141,
    "start_wsp": {
      "name": "tail.n.2",
      "definition": "any projection that resembles the tail of an animal",
      "onyms": [
        "tail_end",
        "projection",
        "tail"
      ]
    },
    "end_wsp": {
      "name": "signaling.v.2",
      "definition": "be a signal for or a symptom of",
      "onyms": [
        "portend",
        "presage",
        "bode",
        "foreshadow",
        "prefigure",
        "predict",
        "indicate",
        "foretell",
        "mark",
        "signal",
        "bespeak",
        "auspicate",
        "point",
        "augur",
        "tell",
        "prognosticate",
        "omen",
        "forecast",
        "betoken"
      ]
    }
  },
  "single_link": {
    "score": 1.0,
    "time": 0.0005326271057128906,
    "start_wsp": {
      "name": "tail.n.0",
      "definition": "the posterior part of the body of a vertebrate especially when elongated and extending beyond the trunk or main part of the body",
      "onyms": [
        "brush",
        "oxtail",
        "outgrowth",
        "caudal_appendage",
        "fluke",
        "vertebrate",
        "craniate",
        "process",
        "appendage",
        "tail",
        "uropygium",
        "bob",
        "rattle",
        "bobtail",
        "scut",
        "flag",
        "dock"
      ]
    },
    "end_wsp": {
      "name": "signaling.v.1",
      "definition": "communicate silently and non-verbally by signals or signs",
      "onyms": [
        "whistle",
        "semaphore",
        "signalize",
        "signalise",
        "communicate",
        "intercommunicate",
        "signal",
        "sign",
        "wigwag",
        "heliograph",
        "flag"
      ]
    }
  },
  "total_vector": {
    "score": 0.4586060345172882,
    "time": 1.364358901977539,
    "start_wsp": {
      "name": "tail.n.0",
      "definition": "the posterior part of the body of a vertebrate especially when elongated and extending beyond the trunk or main part of the body",
      "onyms": [
        "brush",
        "oxtail",
        "outgrowth",
        "caudal_appendage",
        "fluke",
        "vertebrate",
        "craniate",
        "process",
        "appendage",
        "tail",
        "uropygium",
        "bob",
        "rattle",
        "bobtail",
        "scut",
        "flag",
        "dock"
      ]
    },
    "end_wsp": {
      "name": "signaling.v.1",
      "definition": "communicate silently and non-verbally by signals or signs",
      "onyms": [
        "whistle",
        "semaphore",
        "signalize",
        "signalise",
        "communicate",
        "intercommunicate",
        "signal",
        "sign",
        "wigwag",
        "heliograph",
        "flag"
      ]
    }
  }
}