{
  "average_link": {
    "score": 0.10620212941258042,
    "time": 0.0003898143768310547,
    "start_wsp": {
      "name": "tapper.n.4",
      "definition": "a dancer who sounds out rhythms by using metal taps on the toes and heels of the shoes",
      "onyms": [
        "terpsichorean",
        "professional_dancer",
        "tapper",
        "tap_dancer",
        "dancer"
      ]
    },
    "end_wsp": {
      "name": "tap.v.16",
      "definition": "dance and make rhythmic clicking sounds by means of metal plates nailed to the sole of the dance shoes",
      "onyms": [
        "trip_the_light_fantastic_toe",
        "tapdance",
        "tap",
        "dance",
        "trip_the_light_fantastic"
      ]
    }
  },
  "average_vector": {
    "score": 0.5973999500274658,
    "time": 16.182931900024414,
    "start_wsp": {
      "name": "tapper.n.4",
      "definition": "a dancer who sounds out rhythms by using metal taps on the toes and heels of the shoes",
      "onyms": [
        "terpsichorean",
        "professional_dancer",
        "tapper",
        "tap_dancer",
        "dancer"
      ]
    },
    "end_wsp": {
      "name": "tap.v.16",
      "definition": "dance and make rhythmic clicking sounds by means of metal plates nailed to the sole of the dance shoes",
      "onyms": [
        "trip_the_light_fantastic_toe",
        "tapdance",
        "tap",
        "dance",
        "trip_the_light_fantastic"
      ]
    }
  },
  "complete_link": {
    "score": 0.1561920940876007,
    "time": 0.0003352165222167969,
    "start_wsp": {
      "name": "tapper.n.4",
      "definition": "a dancer who sounds out rhythms by using metal taps on the toes and heels of the shoes",
      "onyms": [
        "terpsichorean",
        "professional_dancer",
        "tapper",
        "tap_dancer",
        "dancer"
      ]
    },
    "end_wsp": {
      "name": "tap.v.16",
      "definition": "dance and make rhythmic clicking sounds by means of metal plates nailed to the sole of the dance shoes",
      "onyms": [
        "trip_the_light_fantastic_toe",
        "tapdance",
        "tap",
        "dance",
        "trip_the_light_fantastic"
      ]
    }
  },
  "single_link": {
    "score": 0.691687822341919,
    "time": 0.00033593177795410156,
    "start_wsp": {
      "name": "tapper.n.4",
      "definition": "a dancer who sounds out rhythms by using metal taps on the toes and heels of the shoes",
      "onyms": [
        "terpsichorean",
        "professional_dancer",
        "tapper",
        "tap_dancer",
        "dancer"
      ]
    },
    "end_wsp": {
      "name": "tap.v.16",
      "definition": "dance and make rhythmic clicking sounds by means of metal plates nailed to the sole of the dance shoes",
      "onyms": [
        "trip_the_light_fantastic_toe",
        "tapdance",
        "tap",
        "dance",
        "trip_the_light_fantastic"
      ]
    }
  },
  "total_vector": {
    "score": 0.5973999500274658,
    "time": 19.132033586502075,
    "start_wsp": {
      "name": "tapper.n.4",
      "definition": "a dancer who sounds out rhythms by using metal taps on the toes and heels of the shoes",
      "onyms": [
        "terpsichorean",
        "professional_dancer",
        "tapper",
        "tap_dancer",
        "dancer"
      ]
    },
    "end_wsp": {
      "name": "tap.v.16",
      "definition": "dance and make rhythmic clicking sounds by means of metal plates nailed to the sole of the dance shoes",
      "onyms": [
        "trip_the_light_fantastic_toe",
        "tapdance",
        "tap",
        "dance",
        "trip_the_light_fantastic"
      ]
    }
  }
}