{
  "average_link": {
    "score": 0.07081316132098436,
    "time": 3.409385681152344e-05,
    "start_wsp": {
      "name": "tattoo.n.2",
      "definition": "the practice of making a design on the skin by pricking and staining",
      "onyms": [
        "decoration",
        "tattoo"
      ]
    },
    "end_wsp": {
      "name": "military.a.1",
      "definition": "of or relating to the study of the principles of warfare",
      "onyms": [
        "military"
      ]
    }
  },
  "average_vector": {
    "score": 0.1637977659702301,
    "time": 2.825044870376587,
    "start_wsp": {
      "name": "tattoo.n.2",
      "definition": "the practice of making a design on the skin by pricking and staining",
      "onyms": [
        "decoration",
        "tattoo"
      ]
    },
    "end_wsp": {
      "name": "military.n.0",
      "definition": "the military forces of a nation",
      "onyms": [
        "military_reserve",
        "military_machine",
        "cadre",
        "reserve",
        "armed_forces",
        "military",
        "medical_officer",
        "personnel",
        "war_machine",
        "force",
        "armed_services",
        "medic"
      ]
    }
  },
  "complete_link": {
    "score": 0.056925270706415176,
    "time": 2.9087066650390625e-05,
    "start_wsp": {
      "name": "tattoo.n.0",
      "definition": "a drumbeat or bugle call that signals the military to return to their quarters",
      "onyms": [
        "tattoo",
        "drumbeat",
        "bugle_call"
      ]
    },
    "end_wsp": {
      "name": "military.a.1",
      "definition": "of or relating to the study of the principles of warfare",
      "onyms": [
        "military"
      ]
    }
  },
  "single_link": {
    "score": 0.2679554522037506,
    "time": 2.9325485229492188e-05,
    "start_wsp": {
      "name": "tattoo.n.1",
      "definition": "a design on the skin made by tattooing",
      "onyms": [
        "figure",
        "pattern",
        "tattoo",
        "design"
      ]
    },
    "end_wsp": {
      "name": "military.n.0",
      "definition": "the military forces of a nation",
      "onyms": [
        "military_reserve",
        "military_machine",
        "cadre",
        "reserve",
        "armed_forces",
        "military",
        "medical_officer",
        "personnel",
        "war_machine",
        "force",
        "armed_services",
        "medic"
      ]
    }
  },
  "total_vector": {
    "score": 0.1637977808713913,
    "time": 2.716998815536499,
    "start_wsp": {
      "name": "tattoo.n.2",
      "definition": "the practice of making a design on the skin by pricking and staining",
      "onyms": [
        "decoration",
        "tattoo"
      ]
    },
    "end_wsp": {
      "name": "military.n.0",
      "definition": "the military forces of a nation",
      "onyms": [
        "military_reserve",
        "military_machine",
        "cadre",
        "reserve",
        "armed_forces",
        "military",
        "medical_officer",
        "personnel",
        "war_machine",
        "force",
        "armed_services",
        "medic"
      ]
    }
  }
}