{
  "average_link": {
    "score": 0.2878761924803257,
    "time": 2.8848648071289062e-05,
    "start_wsp": {
      "name": "terminals.n.3",
      "definition": "electronic equipment consisting of a device providing access to a computer; has a keyboard and display",
      "onyms": [
        "remote_station",
        "keyboard",
        "job-oriented_terminal",
        "electronic_equipment",
        "terminal",
        "remote_terminal",
        "link-attached_terminal",
        "link-attached_station"
      ]
    },
    "end_wsp": {
      "name": "terminal.n.3",
      "definition": "electronic equipment consisting of a device providing access to a computer; has a keyboard and display",
      "onyms": [
        "remote_station",
        "keyboard",
        "job-oriented_terminal",
        "electronic_equipment",
        "terminal",
        "remote_terminal",
        "link-attached_terminal",
        "link-attached_station"
      ]
    }
  },
  "average_vector": {
    "score": 1.0,
    "time": 1.3955557346343994,
    "start_wsp": {
      "name": "terminals.n.2",
      "definition": "either extremity of something that has length",
      "onyms": [
        "goal",
        "endpoint",
        "bitter_end",
        "termination",
        "heel",
        "terminal",
        "magnetic_pole",
        "railhead",
        "yardarm",
        "destination",
        "tip",
        "end",
        "nerve_ending",
        "telomere",
        "point",
        "pole",
        "finish",
        "extremity",
        "terminus",
        "end_point",
        "nerve_end",
        "bitthead"
      ]
    },
    "end_wsp": {
      "name": "terminal.n.2",
      "definition": "either extremity of something that has length",
      "onyms": [
        "goal",
        "endpoint",
        "bitter_end",
        "termination",
        "heel",
        "terminal",
        "magnetic_pole",
        "railhead",
        "yardarm",
        "destination",
        "tip",
        "end",
        "nerve_ending",
        "telomere",
        "point",
        "pole",
        "finish",
        "extremity",
        "terminus",
        "end_point",
        "nerve_end",
        "bitthead"
      ]
    }
  },
  "complete_link": {
    "score": 0.15150479972362518,
    "time": 2.7418136596679688e-05,
    "start_wsp": {
      "name": "terminals.n.3",
      "definition": "electronic equipment consisting of a device providing access to a computer; has a keyboard and display",
      "onyms": [
        "remote_station",
        "keyboard",
        "job-oriented_terminal",
        "electronic_equipment",
        "terminal",
        "remote_terminal",
        "link-attached_terminal",
        "link-attached_station"
      ]
    },
    "end_wsp": {
      "name": "terminal.n.3",
      "definition": "electronic equipment consisting of a device providing access to a computer; has a keyboard and display",
      "onyms": [
        "remote_station",
        "keyboard",
        "job-oriented_terminal",
        "electronic_equipment",
        "terminal",
        "remote_terminal",
        "link-attached_terminal",
        "link-attached_station"
      ]
    }
  },
  "single_link": {
    "score": 1.0000001192092896,
    "time": 2.5272369384765625e-05,
    "start_wsp": {
      "name": "terminals.n.0",
      "definition": "station where transport vehicles load or unload passengers or goods",
      "onyms": [
        "airport_terminal",
        "terminal",
        "transportation",
        "train_depot",
        "bus_depot",
        "subway_station",
        "bus_terminal",
        "cathode",
        "railroad_terminal",
        "station",
        "transit",
        "bus_station",
        "air_terminal",
        "railway_station",
        "railroad_station",
        "terminus",
        "transportation_system",
        "coach_station",
        "depot",
        "train_station"
      ]
    },
    "end_wsp": {
      "name": "terminal.n.0",
      "definition": "station where transport vehicles load or unload passengers or goods",
      "onyms": [
        "airport_terminal",
        "terminal",
        "transportation",
        "train_depot",
        "bus_depot",
        "subway_station",
        "bus_terminal",
        "cathode",
        "railroad_terminal",
        "station",
        "transit",
        "bus_station",
        "air_terminal",
        "railway_station",
        "railroad_station",
        "terminus",
        "transportation_system",
        "coach_station",
        "depot",
        "train_station"
      ]
    }
  },
  "total_vector": {
    "score": 1.0,
    "time": 1.3814778327941895,
    "start_wsp": {
      "name": "terminals.n.2",
      "definition": "either extremity of something that has length",
      "onyms": [
        "goal",
        "endpoint",
        "bitter_end",
        "termination",
        "heel",
        "terminal",
        "magnetic_pole",
        "railhead",
        "yardarm",
        "destination",
        "tip",
        "end",
        "nerve_ending",
        "telomere",
        "point",
        "pole",
        "finish",
        "extremity",
        "terminus",
        "end_point",
        "nerve_end",
        "bitthead"
      ]
    },
    "end_wsp": {
      "name": "terminal.n.2",
      "definition": "either extremity of something that has length",
      "onyms": [
        "goal",
        "endpoint",
        "bitter_end",
        "termination",
        "heel",
        "terminal",
        "magnetic_pole",
        "railhead",
        "yardarm",
        "destination",
        "tip",
        "end",
        "nerve_ending",
        "telomere",
        "point",
        "pole",
        "finish",
        "extremity",
        "terminus",
        "end_point",
        "nerve_end",
        "bitthead"
      ]
    }
  }
}