{
  "average_link": {
    "score": 0.17595763690769672,
    "time": 0.000637054443359375,
    "start_wsp": {
      "name": "thickness.n.1",
      "definition": "indistinct articulation",
      "onyms": [
        "thickness",
        "articulation"
      ]
    },
    "end_wsp": {
      "name": "wideness.n.0",
      "definition": "the property of being wide; having great width",
      "onyms": [
        "width",
        "breadth",
        "thickness",
        "heaviness",
        "broadness",
        "wideness"
      ]
    }
  },
  "average_vector": {
    "score": 0.9393686652183533,
    "time": 1.418848991394043,
    "start_wsp": {
      "name": "thickness.n.2",
      "definition": "used of a line or mark",
      "onyms": [
        "thickness",
        "wideness",
        "broadness",
        "heaviness"
      ]
    },
    "end_wsp": {
      "name": "wideness.n.0",
      "definition": "the property of being wide; having great width",
      "onyms": [
        "width",
        "breadth",
        "thickness",
        "heaviness",
        "broadness",
        "wideness"
      ]
    }
  },
  "complete_link": {
    "score": 0.16666492819786072,
    "time": 0.00035572052001953125,
    "start_wsp": {
      "name": "thickness.n.2",
      "definition": "used of a line or mark",
      "onyms": [
        "thickness",
        "wideness",
        "broadness",
        "heaviness"
      ]
    },
    "end_wsp": {
      "name": "wideness.n.0",
      "definition": "the property of being wide; having great width",
      "onyms": [
        "width",
        "breadth",
        "thickness",
        "heaviness",
        "broadness",
        "wideness"
      ]
    }
  },
  "single_link": {
    "score": 1.0000001192092896,
    "time": 0.00034689903259277344,
    "start_wsp": {
      "name": "thickness.n.0",
      "definition": "the dimension through an object as opposed to its length or width",
      "onyms": [
        "thickness",
        "gauge",
        "dimension"
      ]
    },
    "end_wsp": {
      "name": "wideness.n.0",
      "definition": "the property of being wide; having great width",
      "onyms": [
        "width",
        "breadth",
        "thickness",
        "heaviness",
        "broadness",
        "wideness"
      ]
    }
  },
  "total_vector": {
    "score": 0.9393686652183533,
    "time": 1.4423608779907227,
    "start_wsp": {
      "name": "thickness.n.2",
      "definition": "used of a line or mark",
      "onyms": [
        "thickness",
        "wideness",
        "broadness",
        "heaviness"
      ]
    },
    "end_wsp": {
      "name": "wideness.n.0",
      "definition": "the property of being wide; having great width",
      "onyms": [
        "width",
        "breadth",
        "thickness",
        "heaviness",
        "broadness",
        "wideness"
      ]
    }
  }
}