{
  "average_link": {
    "score": 0.12634734902530909,
    "time": 0.0004181861877441406,
    "start_wsp": {
      "name": "thickness.n.1",
      "definition": "indistinct articulation",
      "onyms": [
        "thickness",
        "articulation"
      ]
    },
    "end_wsp": {
      "name": "denseness.n.2",
      "definition": "the amount per unit size",
      "onyms": [
        "compactness",
        "optical_density",
        "density",
        "denseness",
        "flux",
        "absorbance",
        "tenuity",
        "rarity",
        "flux_density",
        "bpi",
        "low_density",
        "bits_per_inch",
        "photographic_density",
        "relative_density",
        "transmission_density"
      ]
    }
  },
  "average_vector": {
    "score": 0.6003075838088989,
    "time": 1.4084055423736572,
    "start_wsp": {
      "name": "thickness.n.3",
      "definition": "resistance to flow",
      "onyms": [
        "semifluidity",
        "thickness",
        "consistency",
        "consistence",
        "eubstance",
        "soupiness",
        "creaminess",
        "body"
      ]
    },
    "end_wsp": {
      "name": "denseness.n.1",
      "definition": "the spatial property of being crowded together",
      "onyms": [
        "compactness",
        "density",
        "denseness",
        "concentration",
        "tightness",
        "spacing",
        "spatial_arrangement"
      ]
    }
  },
  "complete_link": {
    "score": 0.10805481672286987,
    "time": 0.0004124641418457031,
    "start_wsp": {
      "name": "thickness.n.1",
      "definition": "indistinct articulation",
      "onyms": [
        "thickness",
        "articulation"
      ]
    },
    "end_wsp": {
      "name": "denseness.n.0",
      "definition": "the quality of being mentally slow and limited",
      "onyms": [
        "slow-wittedness",
        "denseness",
        "dumbness",
        "stupidity"
      ]
    }
  },
  "single_link": {
    "score": 0.5044029355049133,
    "time": 0.00038433074951171875,
    "start_wsp": {
      "name": "thickness.n.2",
      "definition": "used of a line or mark",
      "onyms": [
        "thickness",
        "wideness",
        "broadness",
        "heaviness"
      ]
    },
    "end_wsp": {
      "name": "denseness.n.0",
      "definition": "the quality of being mentally slow and limited",
      "onyms": [
        "slow-wittedness",
        "denseness",
        "dumbness",
        "stupidity"
      ]
    }
  },
  "total_vector": {
    "score": 0.6003075838088989,
    "time": 1.3709266185760498,
    "start_wsp": {
      "name": "thickness.n.3",
      "definition": "resistance to flow",
      "onyms": [
        "semifluidity",
        "thickness",
        "consistency",
        "consistence",
        "eubstance",
        "soupiness",
        "creaminess",
        "body"
      ]
    },
    "end_wsp": {
      "name": "denseness.n.1",
      "definition": "the spatial property of being crowded together",
      "onyms": [
        "compactness",
        "density",
        "denseness",
        "concentration",
        "tightness",
        "spacing",
        "spatial_arrangement"
      ]
    }
  }
}