{
  "average_link": {
    "score": 0.16121951049124753,
    "time": 0.0006597042083740234,
    "start_wsp": {
      "name": "threshing.v.3",
      "definition": "beat the seeds out of a grain",
      "onyms": [
        "thresh",
        "thrash",
        "beat"
      ]
    },
    "end_wsp": {
      "name": "thresh.v.2",
      "definition": "beat the seeds out of a grain",
      "onyms": [
        "thresh",
        "thrash",
        "beat"
      ]
    }
  },
  "average_vector": {
    "score": 1.0000001192092896,
    "time": 2.8537089824676514,
    "start_wsp": {
      "name": "threshing.v.2",
      "definition": "move like a flail; thresh about",
      "onyms": [
        "flail",
        "thresh",
        "beat",
        "flap"
      ]
    },
    "end_wsp": {
      "name": "thresh.v.1",
      "definition": "move like a flail; thresh about",
      "onyms": [
        "flail",
        "thresh",
        "beat",
        "flap"
      ]
    }
  },
  "complete_link": {
    "score": 0.037763241678476334,
    "time": 0.0003428459167480469,
    "start_wsp": {
      "name": "threshing.v.1",
      "definition": "move or stir about violently",
      "onyms": [
        "thrash",
        "thresh_about",
        "thrash_about",
        "whip",
        "shake",
        "agitate",
        "thresh",
        "slash",
        "toss",
        "jactitate",
        "convulse"
      ]
    },
    "end_wsp": {
      "name": "thresh.v.0",
      "definition": "move or stir about violently",
      "onyms": [
        "thrash",
        "thresh_about",
        "thrash_about",
        "whip",
        "shake",
        "agitate",
        "thresh",
        "slash",
        "toss",
        "jactitate",
        "convulse"
      ]
    }
  },
  "single_link": {
    "score": 1.0,
    "time": 0.0003387928009033203,
    "start_wsp": {
      "name": "threshing.v.1",
      "definition": "move or stir about violently",
      "onyms": [
        "thrash",
        "thresh_about",
        "thrash_about",
        "whip",
        "shake",
        "agitate",
        "thresh",
        "slash",
        "toss",
        "jactitate",
        "convulse"
      ]
    },
    "end_wsp": {
      "name": "thresh.v.0",
      "definition": "move or stir about violently",
      "onyms": [
        "thrash",
        "thresh_about",
        "thrash_about",
        "whip",
        "shake",
        "agitate",
        "thresh",
        "slash",
        "toss",
        "jactitate",
        "convulse"
      ]
    }
  },
  "total_vector": {
    "score": 1.0000001192092896,
    "time": 2.821439027786255,
    "start_wsp": {
      "name": "threshing.v.2",
      "definition": "move like a flail; thresh about",
      "onyms": [
        "flail",
        "thresh",
        "beat",
        "flap"
      ]
    },
    "end_wsp": {
      "name": "thresh.v.1",
      "definition": "move like a flail; thresh about",
      "onyms": [
        "flail",
        "thresh",
        "beat",
        "flap"
      ]
    }
  }
}