{
  "average_link": {
    "score": 0.2986956797540188,
    "time": 0.0001914501190185547,
    "start_wsp": {
      "name": "tided.v.1",
      "definition": "cause to float with the tide",
      "onyms": [
        "float",
        "tide"
      ]
    },
    "end_wsp": {
      "name": "tide.v.4",
      "definition": "cause to float with the tide",
      "onyms": [
        "float",
        "tide"
      ]
    }
  },
  "average_vector": {
    "score": 1.0,
    "time": 16.44856333732605,
    "start_wsp": {
      "name": "tided.v.0",
      "definition": "rise or move forward",
      "onyms": [
        "course",
        "flow",
        "run",
        "tide",
        "feed",
        "surge"
      ]
    },
    "end_wsp": {
      "name": "tide.v.3",
      "definition": "rise or move forward",
      "onyms": [
        "course",
        "flow",
        "run",
        "tide",
        "feed",
        "surge"
      ]
    }
  },
  "complete_link": {
    "score": 0.19478274881839752,
    "time": 0.00019979476928710938,
    "start_wsp": {
      "name": "tided.v.1",
      "definition": "cause to float with the tide",
      "onyms": [
        "float",
        "tide"
      ]
    },
    "end_wsp": {
      "name": "tide.v.4",
      "definition": "cause to float with the tide",
      "onyms": [
        "float",
        "tide"
      ]
    }
  },
  "single_link": {
    "score": 1.0,
    "time": 0.00018906593322753906,
    "start_wsp": {
      "name": "tided.v.0",
      "definition": "rise or move forward",
      "onyms": [
        "course",
        "flow",
        "run",
        "tide",
        "feed",
        "surge"
      ]
    },
    "end_wsp": {
      "name": "tide.v.3",
      "definition": "rise or move forward",
      "onyms": [
        "course",
        "flow",
        "run",
        "tide",
        "feed",
        "surge"
      ]
    }
  },
  "total_vector": {
    "score": 1.0,
    "time": 16.851019620895386,
    "start_wsp": {
      "name": "tided.v.0",
      "definition": "rise or move forward",
      "onyms": [
        "course",
        "flow",
        "run",
        "tide",
        "feed",
        "surge"
      ]
    },
    "end_wsp": {
      "name": "tide.v.3",
      "definition": "rise or move forward",
      "onyms": [
        "course",
        "flow",
        "run",
        "tide",
        "feed",
        "surge"
      ]
    }
  }
}