{
  "average_link": {
    "score": 0.6266911178827286,
    "time": 6.747245788574219e-05,
    "start_wsp": {
      "name": "tied.s.10",
      "definition": "bound together by or as if by a strong rope; especially as by a bond of affection",
      "onyms": [
        "tied"
      ]
    },
    "end_wsp": {
      "name": "trussed.s.3",
      "definition": "bound or secured closely",
      "onyms": [
        "tied",
        "trussed"
      ]
    }
  },
  "average_vector": {
    "score": 1.0,
    "time": 1.377610206604004,
    "start_wsp": {
      "name": "tied.s.9",
      "definition": "bound or secured closely",
      "onyms": [
        "tied",
        "trussed"
      ]
    },
    "end_wsp": {
      "name": "trussed.s.3",
      "definition": "bound or secured closely",
      "onyms": [
        "tied",
        "trussed"
      ]
    }
  },
  "complete_link": {
    "score": 0.25338229537010193,
    "time": 7.462501525878906e-05,
    "start_wsp": {
      "name": "tied.s.9",
      "definition": "bound or secured closely",
      "onyms": [
        "tied",
        "trussed"
      ]
    },
    "end_wsp": {
      "name": "trussed.s.3",
      "definition": "bound or secured closely",
      "onyms": [
        "tied",
        "trussed"
      ]
    }
  },
  "single_link": {
    "score": 1.0000001192092896,
    "time": 6.723403930664062e-05,
    "start_wsp": {
      "name": "tied.s.9",
      "definition": "bound or secured closely",
      "onyms": [
        "tied",
        "trussed"
      ]
    },
    "end_wsp": {
      "name": "trussed.s.3",
      "definition": "bound or secured closely",
      "onyms": [
        "tied",
        "trussed"
      ]
    }
  },
  "total_vector": {
    "score": 1.0,
    "time": 1.3529469966888428,
    "start_wsp": {
      "name": "tied.s.9",
      "definition": "bound or secured closely",
      "onyms": [
        "tied",
        "trussed"
      ]
    },
    "end_wsp": {
      "name": "trussed.s.3",
      "definition": "bound or secured closely",
      "onyms": [
        "tied",
        "trussed"
      ]
    }
  }
}