{
  "average_link": {
    "score": 0.37616903334856033,
    "time": 8.940696716308594e-05,
    "start_wsp": {
      "name": "tinned.s.3",
      "definition": "sealed in a can or jar",
      "onyms": [
        "tinned",
        "canned"
      ]
    },
    "end_wsp": {
      "name": "canned.s.3",
      "definition": "sealed in a can or jar",
      "onyms": [
        "tinned",
        "canned"
      ]
    }
  },
  "average_vector": {
    "score": 1.0,
    "time": 1.3906605243682861,
    "start_wsp": {
      "name": "tinned.v.1",
      "definition": "preserve in a can or tin",
      "onyms": [
        "put_up",
        "can",
        "preserve",
        "tin",
        "keep"
      ]
    },
    "end_wsp": {
      "name": "canned.v.0",
      "definition": "preserve in a can or tin",
      "onyms": [
        "put_up",
        "can",
        "preserve",
        "tin",
        "keep"
      ]
    }
  },
  "complete_link": {
    "score": 0.5046761631965637,
    "time": 5.9604644775390625e-05,
    "start_wsp": {
      "name": "tinned.s.3",
      "definition": "sealed in a can or jar",
      "onyms": [
        "tinned",
        "canned"
      ]
    },
    "end_wsp": {
      "name": "canned.s.3",
      "definition": "sealed in a can or jar",
      "onyms": [
        "tinned",
        "canned"
      ]
    }
  },
  "single_link": {
    "score": 1.0,
    "time": 5.555152893066406e-05,
    "start_wsp": {
      "name": "tinned.v.0",
      "definition": "plate with tin",
      "onyms": [
        "tin",
        "plate"
      ]
    },
    "end_wsp": {
      "name": "canned.v.0",
      "definition": "preserve in a can or tin",
      "onyms": [
        "put_up",
        "can",
        "preserve",
        "tin",
        "keep"
      ]
    }
  },
  "total_vector": {
    "score": 1.0,
    "time": 1.376112461090088,
    "start_wsp": {
      "name": "tinned.v.1",
      "definition": "preserve in a can or tin",
      "onyms": [
        "put_up",
        "can",
        "preserve",
        "tin",
        "keep"
      ]
    },
    "end_wsp": {
      "name": "canned.v.0",
      "definition": "preserve in a can or tin",
      "onyms": [
        "put_up",
        "can",
        "preserve",
        "tin",
        "keep"
      ]
    }
  }
}