{
  "average_link": {
    "score": 0.2853822410106659,
    "time": 5.53131103515625e-05,
    "start_wsp": {
      "name": "tiptoe.s.2",
      "definition": "walking on the tips of ones's toes so as to make no noise",
      "onyms": [
        "tiptoe"
      ]
    },
    "end_wsp": {
      "name": "walk.v.8",
      "definition": "accompany or escort",
      "onyms": [
        "march",
        "trot",
        "accompany",
        "walk"
      ]
    }
  },
  "average_vector": {
    "score": 0.7044752240180969,
    "time": 5.616268873214722,
    "start_wsp": {
      "name": "tiptoe.v.1",
      "definition": "walk on one's toes",
      "onyms": [
        "walk",
        "tip",
        "tippytoe",
        "tiptoe"
      ]
    },
    "end_wsp": {
      "name": "walk.v.7",
      "definition": "use one's feet to advance; advance by steps",
      "onyms": [
        "locomote",
        "slouch",
        "plod",
        "reel",
        "strut",
        "trample",
        "shuffle",
        "hoof",
        "creep",
        "totter",
        "process",
        "ambulate",
        "toe",
        "tiptoe",
        "ruffle",
        "stomp",
        "flounder",
        "move",
        "leg_it",
        "mouse",
        "march",
        "spacewalk",
        "stumble",
        "bumble",
        "toddle",
        "amble",
        "somnambulate",
        "tip",
        "cock",
        "careen",
        "mince",
        "prowl",
        "walk_around",
        "tread_down",
        "trudge",
        "pad",
        "sleepwalk",
        "stump",
        "walk_about",
        "traipse",
        "clomp",
        "paddle",
        "mosey",
        "stalk",
        "flounce",
        "wade",
        "clump",
        "foot",
        "pace",
        "travel",
        "stamp",
        "hoof_it",
        "footslog",
        "swagger",
        "shamble",
        "tittup",
        "lollop",
        "pound",
        "tread",
        "stagger",
        "prance",
        "slink",
        "lurch",
        "scuffle",
        "walk",
        "dodder",
        "go",
        "stride",
        "pussyfoot",
        "stroll",
        "step",
        "limp",
        "slog",
        "skulk",
        "swag",
        "hike",
        "saunter",
        "tippytoe",
        "sashay",
        "hitch",
        "hobble",
        "falter",
        "coggle",
        "lumber",
        "tramp_down",
        "tap",
        "perambulate",
        "tramp",
        "shlep",
        "sneak",
        "promenade",
        "keel",
        "waddle",
        "gimp"
      ]
    }
  },
  "complete_link": {
    "score": 0.17770113050937653,
    "time": 8.487701416015625e-05,
    "start_wsp": {
      "name": "tiptoe.s.2",
      "definition": "walking on the tips of ones's toes so as to make no noise",
      "onyms": [
        "tiptoe"
      ]
    },
    "end_wsp": {
      "name": "walk.n.5",
      "definition": "a slow gait of a horse in which two feet are always on the ground",
      "onyms": [
        "gait",
        "walk"
      ]
    }
  },
  "single_link": {
    "score": 1.0,
    "time": 5.507469177246094e-05,
    "start_wsp": {
      "name": "tiptoe.n.0",
      "definition": "the tip of a toe",
      "onyms": [
        "tip",
        "toe",
        "tiptoe"
      ]
    },
    "end_wsp": {
      "name": "walk.v.7",
      "definition": "use one's feet to advance; advance by steps",
      "onyms": [
        "locomote",
        "slouch",
        "plod",
        "reel",
        "strut",
        "trample",
        "shuffle",
        "hoof",
        "creep",
        "totter",
        "process",
        "ambulate",
        "toe",
        "tiptoe",
        "ruffle",
        "stomp",
        "flounder",
        "move",
        "leg_it",
        "mouse",
        "march",
        "spacewalk",
        "stumble",
        "bumble",
        "toddle",
        "amble",
        "somnambulate",
        "tip",
        "cock",
        "careen",
        "mince",
        "prowl",
        "walk_around",
        "tread_down",
        "trudge",
        "pad",
        "sleepwalk",
        "stump",
        "walk_about",
        "traipse",
        "clomp",
        "paddle",
        "mosey",
        "stalk",
        "flounce",
        "wade",
        "clump",
        "foot",
        "pace",
        "travel",
        "stamp",
        "hoof_it",
        "footslog",
        "swagger",
        "shamble",
        "tittup",
        "lollop",
        "pound",
        "tread",
        "stagger",
        "prance",
        "slink",
        "lurch",
        "scuffle",
        "walk",
        "dodder",
        "go",
        "stride",
        "pussyfoot",
        "stroll",
        "step",
        "limp",
        "slog",
        "skulk",
        "swag",
        "hike",
        "saunter",
        "tippytoe",
        "sashay",
        "hitch",
        "hobble",
        "falter",
        "coggle",
        "lumber",
        "tramp_down",
        "tap",
        "perambulate",
        "tramp",
        "shlep",
        "sneak",
        "promenade",
        "keel",
        "waddle",
        "gimp"
      ]
    }
  },
  "total_vector": {
    "score": 0.7044752240180969,
    "time": 5.642837047576904,
    "start_wsp": {
      "name": "tiptoe.v.1",
      "definition": "walk on one's toes",
      "onyms": [
        "walk",
        "tip",
        "tippytoe",
        "tiptoe"
      ]
    },
    "end_wsp": {
      "name": "walk.v.7",
      "definition": "use one's feet to advance; advance by steps",
      "onyms": [
        "locomote",
        "slouch",
        "plod",
        "reel",
        "strut",
        "trample",
        "shuffle",
        "hoof",
        "creep",
        "totter",
        "process",
        "ambulate",
        "toe",
        "tiptoe",
        "ruffle",
        "stomp",
        "flounder",
        "move",
        "leg_it",
        "mouse",
        "march",
        "spacewalk",
        "stumble",
        "bumble",
        "toddle",
        "amble",
        "somnambulate",
        "tip",
        "cock",
        "careen",
        "mince",
        "prowl",
        "walk_around",
        "tread_down",
        "trudge",
        "pad",
        "sleepwalk",
        "stump",
        "walk_about",
        "traipse",
        "clomp",
        "paddle",
        "mosey",
        "stalk",
        "flounce",
        "wade",
        "clump",
        "foot",
        "pace",
        "travel",
        "stamp",
        "hoof_it",
        "footslog",
        "swagger",
        "shamble",
        "tittup",
        "lollop",
        "pound",
        "tread",
        "stagger",
        "prance",
        "slink",
        "lurch",
        "scuffle",
        "walk",
        "dodder",
        "go",
        "stride",
        "pussyfoot",
        "stroll",
        "step",
        "limp",
        "slog",
        "skulk",
        "swag",
        "hike",
        "saunter",
        "tippytoe",
        "sashay",
        "hitch",
        "hobble",
        "falter",
        "coggle",
        "lumber",
        "tramp_down",
        "tap",
        "perambulate",
        "tramp",
        "shlep",
        "sneak",
        "promenade",
        "keel",
        "waddle",
        "gimp"
      ]
    }
  }
}