{
  "average_link": {
    "score": 0.0832205437117308,
    "time": 0.0003705024719238281,
    "start_wsp": {
      "name": "toasting.v.1",
      "definition": "make brown and crisp by heating",
      "onyms": [
        "heat_up",
        "crisp",
        "heat",
        "toast",
        "crispen"
      ]
    },
    "end_wsp": {
      "name": "heating.v.2",
      "definition": "make hot or hotter",
      "onyms": [
        "alter",
        "modify",
        "calcine",
        "heat_up",
        "crisp",
        "scald",
        "heat",
        "broil",
        "toast",
        "crispen",
        "scorch",
        "soak",
        "reheat",
        "bake",
        "sear",
        "change",
        "overheat",
        "preheat"
      ]
    }
  },
  "average_vector": {
    "score": 0.693054735660553,
    "time": 1.2958769798278809,
    "start_wsp": {
      "name": "toasting.v.1",
      "definition": "make brown and crisp by heating",
      "onyms": [
        "heat_up",
        "crisp",
        "heat",
        "toast",
        "crispen"
      ]
    },
    "end_wsp": {
      "name": "heating.v.2",
      "definition": "make hot or hotter",
      "onyms": [
        "alter",
        "modify",
        "calcine",
        "heat_up",
        "crisp",
        "scald",
        "heat",
        "broil",
        "toast",
        "crispen",
        "scorch",
        "soak",
        "reheat",
        "bake",
        "sear",
        "change",
        "overheat",
        "preheat"
      ]
    }
  },
  "complete_link": {
    "score": 0.04649566859006882,
    "time": 0.0003745555877685547,
    "start_wsp": {
      "name": "toasting.v.1",
      "definition": "make brown and crisp by heating",
      "onyms": [
        "heat_up",
        "crisp",
        "heat",
        "toast",
        "crispen"
      ]
    },
    "end_wsp": {
      "name": "heating.v.5",
      "definition": "gain heat or get hot",
      "onyms": [
        "heat_up",
        "change_state",
        "heat",
        "turn",
        "fry",
        "hot_up",
        "overheat"
      ]
    }
  },
  "single_link": {
    "score": 1.0,
    "time": 0.0003533363342285156,
    "start_wsp": {
      "name": "toasting.v.1",
      "definition": "make brown and crisp by heating",
      "onyms": [
        "heat_up",
        "crisp",
        "heat",
        "toast",
        "crispen"
      ]
    },
    "end_wsp": {
      "name": "heating.v.2",
      "definition": "make hot or hotter",
      "onyms": [
        "alter",
        "modify",
        "calcine",
        "heat_up",
        "crisp",
        "scald",
        "heat",
        "broil",
        "toast",
        "crispen",
        "scorch",
        "soak",
        "reheat",
        "bake",
        "sear",
        "change",
        "overheat",
        "preheat"
      ]
    }
  },
  "total_vector": {
    "score": 0.693054735660553,
    "time": 1.2792315483093262,
    "start_wsp": {
      "name": "toasting.v.1",
      "definition": "make brown and crisp by heating",
      "onyms": [
        "heat_up",
        "crisp",
        "heat",
        "toast",
        "crispen"
      ]
    },
    "end_wsp": {
      "name": "heating.v.2",
      "definition": "make hot or hotter",
      "onyms": [
        "alter",
        "modify",
        "calcine",
        "heat_up",
        "crisp",
        "scald",
        "heat",
        "broil",
        "toast",
        "crispen",
        "scorch",
        "soak",
        "reheat",
        "bake",
        "sear",
        "change",
        "overheat",
        "preheat"
      ]
    }
  }
}