{
  "average_link": {
    "score": 0.1787424571812153,
    "time": 0.000385284423828125,
    "start_wsp": {
      "name": "toot.n.0",
      "definition": "a blast of a horn",
      "onyms": [
        "toot",
        "sound"
      ]
    },
    "end_wsp": {
      "name": "horn.n.0",
      "definition": "a noisemaker (as at parties or games) that makes a loud noise when you blow through it",
      "onyms": [
        "horn",
        "noisemaker"
      ]
    }
  },
  "average_vector": {
    "score": 0.6779124736785889,
    "time": 1.31325364112854,
    "start_wsp": {
      "name": "toot.v.2",
      "definition": "make a loud noise",
      "onyms": [
        "sound",
        "go",
        "honk",
        "claxon",
        "tootle",
        "blare",
        "toot",
        "beep"
      ]
    },
    "end_wsp": {
      "name": "horn.n.8",
      "definition": "an alarm device that makes a loud warning sound",
      "onyms": [
        "shofar",
        "claxon",
        "horn",
        "klaxon",
        "warning_device",
        "air_horn",
        "alarm",
        "foghorn",
        "shophar",
        "alarm_system"
      ]
    }
  },
  "complete_link": {
    "score": 0.3234850764274597,
    "time": 0.0003573894500732422,
    "start_wsp": {
      "name": "toot.n.0",
      "definition": "a blast of a horn",
      "onyms": [
        "toot",
        "sound"
      ]
    },
    "end_wsp": {
      "name": "horn.n.0",
      "definition": "a noisemaker (as at parties or games) that makes a loud noise when you blow through it",
      "onyms": [
        "horn",
        "noisemaker"
      ]
    }
  },
  "single_link": {
    "score": 1.0,
    "time": 0.0003361701965332031,
    "start_wsp": {
      "name": "toot.v.2",
      "definition": "make a loud noise",
      "onyms": [
        "sound",
        "go",
        "honk",
        "claxon",
        "tootle",
        "blare",
        "toot",
        "beep"
      ]
    },
    "end_wsp": {
      "name": "horn.n.8",
      "definition": "an alarm device that makes a loud warning sound",
      "onyms": [
        "shofar",
        "claxon",
        "horn",
        "klaxon",
        "warning_device",
        "air_horn",
        "alarm",
        "foghorn",
        "shophar",
        "alarm_system"
      ]
    }
  },
  "total_vector": {
    "score": 0.6779125332832336,
    "time": 1.339437484741211,
    "start_wsp": {
      "name": "toot.v.2",
      "definition": "make a loud noise",
      "onyms": [
        "sound",
        "go",
        "honk",
        "claxon",
        "tootle",
        "blare",
        "toot",
        "beep"
      ]
    },
    "end_wsp": {
      "name": "horn.n.8",
      "definition": "an alarm device that makes a loud warning sound",
      "onyms": [
        "shofar",
        "claxon",
        "horn",
        "klaxon",
        "warning_device",
        "air_horn",
        "alarm",
        "foghorn",
        "shophar",
        "alarm_system"
      ]
    }
  }
}