{
  "average_link": {
    "score": 0.25498964786529543,
    "time": 3.147125244140625e-05,
    "start_wsp": {
      "name": "tormented.s.4",
      "definition": "tormented or harassed by nightmares or unreasonable fears; - C.S.Lewis",
      "onyms": [
        "hagridden",
        "hag-ridden",
        "tormented"
      ]
    },
    "end_wsp": {
      "name": "damned.s.3",
      "definition": "in danger of the eternal punishment of Hell",
      "onyms": [
        "doomed",
        "unredeemed",
        "damned",
        "cursed",
        "unsaved"
      ]
    }
  },
  "average_vector": {
    "score": 0.5748063325881958,
    "time": 5.203191518783569,
    "start_wsp": {
      "name": "tormented.v.1",
      "definition": "treat cruelly",
      "onyms": [
        "plague",
        "hamstring",
        "beset",
        "bedevil",
        "chivy",
        "torment",
        "chevy",
        "badger",
        "hassle",
        "harass",
        "oppress",
        "dun",
        "rag",
        "crucify",
        "molest",
        "tease",
        "provoke",
        "persecute",
        "chevvy",
        "madden",
        "frustrate",
        "pester",
        "harry",
        "bug",
        "chivvy",
        "beleaguer"
      ]
    },
    "end_wsp": {
      "name": "damned.v.1",
      "definition": "wish harm upon; invoke evil upon",
      "onyms": [
        "call_forth",
        "bedamn",
        "beshrew",
        "arouse",
        "evoke",
        "bring_up",
        "maledict",
        "put_forward",
        "stir",
        "anathemise",
        "invoke",
        "curse",
        "anathemize",
        "imprecate",
        "raise",
        "conjure_up",
        "call_down",
        "damn",
        "conjure"
      ]
    }
  },
  "complete_link": {
    "score": 0.2093583047389984,
    "time": 3.0040740966796875e-05,
    "start_wsp": {
      "name": "tormented.s.4",
      "definition": "tormented or harassed by nightmares or unreasonable fears; - C.S.Lewis",
      "onyms": [
        "hagridden",
        "hag-ridden",
        "tormented"
      ]
    },
    "end_wsp": {
      "name": "damned.r.4",
      "definition": "in a damnable manner",
      "onyms": [
        "damnably",
        "damned",
        "cursedly"
      ]
    }
  },
  "single_link": {
    "score": 0.6880490183830261,
    "time": 2.4318695068359375e-05,
    "start_wsp": {
      "name": "tormented.v.1",
      "definition": "treat cruelly",
      "onyms": [
        "plague",
        "hamstring",
        "beset",
        "bedevil",
        "chivy",
        "torment",
        "chevy",
        "badger",
        "hassle",
        "harass",
        "oppress",
        "dun",
        "rag",
        "crucify",
        "molest",
        "tease",
        "provoke",
        "persecute",
        "chevvy",
        "madden",
        "frustrate",
        "pester",
        "harry",
        "bug",
        "chivvy",
        "beleaguer"
      ]
    },
    "end_wsp": {
      "name": "damned.v.1",
      "definition": "wish harm upon; invoke evil upon",
      "onyms": [
        "call_forth",
        "bedamn",
        "beshrew",
        "arouse",
        "evoke",
        "bring_up",
        "maledict",
        "put_forward",
        "stir",
        "anathemise",
        "invoke",
        "curse",
        "anathemize",
        "imprecate",
        "raise",
        "conjure_up",
        "call_down",
        "damn",
        "conjure"
      ]
    }
  },
  "total_vector": {
    "score": 0.5748063325881958,
    "time": 5.208104610443115,
    "start_wsp": {
      "name": "tormented.v.1",
      "definition": "treat cruelly",
      "onyms": [
        "plague",
        "hamstring",
        "beset",
        "bedevil",
        "chivy",
        "torment",
        "chevy",
        "badger",
        "hassle",
        "harass",
        "oppress",
        "dun",
        "rag",
        "crucify",
        "molest",
        "tease",
        "provoke",
        "persecute",
        "chevvy",
        "madden",
        "frustrate",
        "pester",
        "harry",
        "bug",
        "chivvy",
        "beleaguer"
      ]
    },
    "end_wsp": {
      "name": "damned.v.1",
      "definition": "wish harm upon; invoke evil upon",
      "onyms": [
        "call_forth",
        "bedamn",
        "beshrew",
        "arouse",
        "evoke",
        "bring_up",
        "maledict",
        "put_forward",
        "stir",
        "anathemise",
        "invoke",
        "curse",
        "anathemize",
        "imprecate",
        "raise",
        "conjure_up",
        "call_down",
        "damn",
        "conjure"
      ]
    }
  }
}