{
  "average_link": {
    "score": 0.06494807428121567,
    "time": 0.000331878662109375,
    "start_wsp": {
      "name": "torturing.s.3",
      "definition": "extremely painful",
      "onyms": [
        "torturing",
        "harrowing",
        "agonising",
        "agonizing",
        "torturous",
        "torturesome",
        "excruciating"
      ]
    },
    "end_wsp": {
      "name": "torture.n.2",
      "definition": "intense feelings of suffering; acute mental or physical pain",
      "onyms": [
        "suffering",
        "torment",
        "torture",
        "hurt",
        "agony"
      ]
    }
  },
  "average_vector": {
    "score": 1.0000001192092896,
    "time": 5.314608097076416,
    "start_wsp": {
      "name": "torturing.n.0",
      "definition": "the deliberate, systematic, or wanton infliction of physical or mental suffering by one or more persons in an attempt to force another person to yield information or to make a confession or for any other reason",
      "onyms": [
        "strapado",
        "rack",
        "kittee",
        "excruciation",
        "bastinado",
        "piquet",
        "taking_apart",
        "nail_pulling",
        "persecution",
        "prolonged_interrogation",
        "nail_removal",
        "dismemberment",
        "sleep_deprivation",
        "torturing",
        "burning",
        "torture",
        "crucifixion",
        "kia_quen",
        "strappado",
        "judicial_torture",
        "electric_shock",
        "picket",
        "falanga",
        "sensory_deprivation",
        "genital_torture",
        "boot"
      ]
    },
    "end_wsp": {
      "name": "torture.n.4",
      "definition": "the deliberate, systematic, or wanton infliction of physical or mental suffering by one or more persons in an attempt to force another person to yield information or to make a confession or for any other reason",
      "onyms": [
        "strapado",
        "rack",
        "kittee",
        "excruciation",
        "bastinado",
        "piquet",
        "taking_apart",
        "nail_pulling",
        "persecution",
        "prolonged_interrogation",
        "nail_removal",
        "dismemberment",
        "sleep_deprivation",
        "torturing",
        "burning",
        "torture",
        "crucifixion",
        "kia_quen",
        "strappado",
        "judicial_torture",
        "electric_shock",
        "picket",
        "falanga",
        "sensory_deprivation",
        "genital_torture",
        "boot"
      ]
    }
  },
  "complete_link": {
    "score": 0.04232816398143768,
    "time": 0.0003159046173095703,
    "start_wsp": {
      "name": "torturing.s.3",
      "definition": "extremely painful",
      "onyms": [
        "torturing",
        "harrowing",
        "agonising",
        "agonizing",
        "torturous",
        "torturesome",
        "excruciating"
      ]
    },
    "end_wsp": {
      "name": "torture.n.0",
      "definition": "extreme mental distress",
      "onyms": [
        "anguish",
        "torment",
        "suffering",
        "distress",
        "torture",
        "hurt"
      ]
    }
  },
  "single_link": {
    "score": 1.0,
    "time": 0.0003039836883544922,
    "start_wsp": {
      "name": "torturing.n.0",
      "definition": "the deliberate, systematic, or wanton infliction of physical or mental suffering by one or more persons in an attempt to force another person to yield information or to make a confession or for any other reason",
      "onyms": [
        "strapado",
        "rack",
        "kittee",
        "excruciation",
        "bastinado",
        "piquet",
        "taking_apart",
        "nail_pulling",
        "persecution",
        "prolonged_interrogation",
        "nail_removal",
        "dismemberment",
        "sleep_deprivation",
        "torturing",
        "burning",
        "torture",
        "crucifixion",
        "kia_quen",
        "strappado",
        "judicial_torture",
        "electric_shock",
        "picket",
        "falanga",
        "sensory_deprivation",
        "genital_torture",
        "boot"
      ]
    },
    "end_wsp": {
      "name": "torture.n.0",
      "definition": "extreme mental distress",
      "onyms": [
        "anguish",
        "torment",
        "suffering",
        "distress",
        "torture",
        "hurt"
      ]
    }
  },
  "total_vector": {
    "score": 1.0,
    "time": 5.929920196533203,
    "start_wsp": {
      "name": "torturing.n.0",
      "definition": "the deliberate, systematic, or wanton infliction of physical or mental suffering by one or more persons in an attempt to force another person to yield information or to make a confession or for any other reason",
      "onyms": [
        "strapado",
        "rack",
        "kittee",
        "excruciation",
        "bastinado",
        "piquet",
        "taking_apart",
        "nail_pulling",
        "persecution",
        "prolonged_interrogation",
        "nail_removal",
        "dismemberment",
        "sleep_deprivation",
        "torturing",
        "burning",
        "torture",
        "crucifixion",
        "kia_quen",
        "strappado",
        "judicial_torture",
        "electric_shock",
        "picket",
        "falanga",
        "sensory_deprivation",
        "genital_torture",
        "boot"
      ]
    },
    "end_wsp": {
      "name": "torture.n.4",
      "definition": "the deliberate, systematic, or wanton infliction of physical or mental suffering by one or more persons in an attempt to force another person to yield information or to make a confession or for any other reason",
      "onyms": [
        "strapado",
        "rack",
        "kittee",
        "excruciation",
        "bastinado",
        "piquet",
        "taking_apart",
        "nail_pulling",
        "persecution",
        "prolonged_interrogation",
        "nail_removal",
        "dismemberment",
        "sleep_deprivation",
        "torturing",
        "burning",
        "torture",
        "crucifixion",
        "kia_quen",
        "strappado",
        "judicial_torture",
        "electric_shock",
        "picket",
        "falanga",
        "sensory_deprivation",
        "genital_torture",
        "boot"
      ]
    }
  }
}