{
  "average_link": {
    "score": 0.16976097778037744,
    "time": 0.00011539459228515625,
    "start_wsp": {
      "name": "trapped.s.4",
      "definition": "forced to turn and face attackers",
      "onyms": [
        "trapped",
        "at_bay",
        "cornered",
        "treed"
      ]
    },
    "end_wsp": {
      "name": "cornered.s.3",
      "definition": "forced to turn and face attackers",
      "onyms": [
        "trapped",
        "at_bay",
        "cornered",
        "treed"
      ]
    }
  },
  "average_vector": {
    "score": 0.9999999403953552,
    "time": 1.374603509902954,
    "start_wsp": {
      "name": "trapped.s.4",
      "definition": "forced to turn and face attackers",
      "onyms": [
        "trapped",
        "at_bay",
        "cornered",
        "treed"
      ]
    },
    "end_wsp": {
      "name": "cornered.s.3",
      "definition": "forced to turn and face attackers",
      "onyms": [
        "trapped",
        "at_bay",
        "cornered",
        "treed"
      ]
    }
  },
  "complete_link": {
    "score": 0.14174360036849976,
    "time": 0.00011372566223144531,
    "start_wsp": {
      "name": "trapped.s.4",
      "definition": "forced to turn and face attackers",
      "onyms": [
        "trapped",
        "at_bay",
        "cornered",
        "treed"
      ]
    },
    "end_wsp": {
      "name": "cornered.s.3",
      "definition": "forced to turn and face attackers",
      "onyms": [
        "trapped",
        "at_bay",
        "cornered",
        "treed"
      ]
    }
  },
  "single_link": {
    "score": 1.0,
    "time": 0.00010633468627929688,
    "start_wsp": {
      "name": "trapped.s.4",
      "definition": "forced to turn and face attackers",
      "onyms": [
        "trapped",
        "at_bay",
        "cornered",
        "treed"
      ]
    },
    "end_wsp": {
      "name": "cornered.s.3",
      "definition": "forced to turn and face attackers",
      "onyms": [
        "trapped",
        "at_bay",
        "cornered",
        "treed"
      ]
    }
  },
  "total_vector": {
    "score": 0.9999999403953552,
    "time": 1.3609275817871094,
    "start_wsp": {
      "name": "trapped.s.4",
      "definition": "forced to turn and face attackers",
      "onyms": [
        "trapped",
        "at_bay",
        "cornered",
        "treed"
      ]
    },
    "end_wsp": {
      "name": "cornered.s.3",
      "definition": "forced to turn and face attackers",
      "onyms": [
        "trapped",
        "at_bay",
        "cornered",
        "treed"
      ]
    }
  }
}