{
  "average_link": {
    "score": 0.11141624208539724,
    "time": 0.0004494190216064453,
    "start_wsp": {
      "name": "trifled.v.1",
      "definition": "act frivolously",
      "onyms": [
        "trifle",
        "act",
        "do",
        "frivol",
        "behave"
      ]
    },
    "end_wsp": {
      "name": "trifle.v.4",
      "definition": "act frivolously",
      "onyms": [
        "trifle",
        "act",
        "do",
        "frivol",
        "behave"
      ]
    }
  },
  "average_vector": {
    "score": 1.0,
    "time": 1.538874864578247,
    "start_wsp": {
      "name": "trifled.v.1",
      "definition": "act frivolously",
      "onyms": [
        "trifle",
        "act",
        "do",
        "frivol",
        "behave"
      ]
    },
    "end_wsp": {
      "name": "trifle.v.4",
      "definition": "act frivolously",
      "onyms": [
        "trifle",
        "act",
        "do",
        "frivol",
        "behave"
      ]
    }
  },
  "complete_link": {
    "score": 0.09456320106983185,
    "time": 0.0004630088806152344,
    "start_wsp": {
      "name": "trifled.v.1",
      "definition": "act frivolously",
      "onyms": [
        "trifle",
        "act",
        "do",
        "frivol",
        "behave"
      ]
    },
    "end_wsp": {
      "name": "trifle.v.4",
      "definition": "act frivolously",
      "onyms": [
        "trifle",
        "act",
        "do",
        "frivol",
        "behave"
      ]
    }
  },
  "single_link": {
    "score": 1.0,
    "time": 0.0004177093505859375,
    "start_wsp": {
      "name": "trifled.v.0",
      "definition": "waste time; spend one's time idly or inefficiently",
      "onyms": [
        "trifle",
        "drop",
        "spend",
        "wanton_away",
        "piddle_away",
        "expend",
        "piddle",
        "wanton"
      ]
    },
    "end_wsp": {
      "name": "trifle.n.0",
      "definition": "a cold pudding made of layers of sponge cake spread with fruit or jelly; may be decorated with nuts, cream, or chocolate",
      "onyms": [
        "trifle",
        "pud",
        "tipsy_cake",
        "pudding"
      ]
    }
  },
  "total_vector": {
    "score": 1.0,
    "time": 1.5419886112213135,
    "start_wsp": {
      "name": "trifled.v.0",
      "definition": "waste time; spend one's time idly or inefficiently",
      "onyms": [
        "trifle",
        "drop",
        "spend",
        "wanton_away",
        "piddle_away",
        "expend",
        "piddle",
        "wanton"
      ]
    },
    "end_wsp": {
      "name": "trifle.v.3",
      "definition": "waste time; spend one's time idly or inefficiently",
      "onyms": [
        "trifle",
        "drop",
        "spend",
        "wanton_away",
        "piddle_away",
        "expend",
        "piddle",
        "wanton"
      ]
    }
  }
}