{
  "average_link": {
    "score": 0.5262780249118805,
    "time": 0.00010728836059570312,
    "start_wsp": {
      "name": "trip.v.8",
      "definition": "cause to stumble",
      "onyms": [
        "trip",
        "trip_up"
      ]
    },
    "end_wsp": {
      "name": "journey.v.1",
      "definition": "undertake a journey or trip",
      "onyms": [
        "journey",
        "globe-trot",
        "navigate",
        "trip",
        "sledge",
        "voyage",
        "jaunt",
        "tour",
        "travel",
        "trek",
        "sail"
      ]
    }
  },
  "average_vector": {
    "score": 0.9196026921272278,
    "time": 1.3183655738830566,
    "start_wsp": {
      "name": "trip.n.0",
      "definition": "a journey for some purpose (usually including the return)",
      "onyms": [
        "journeying",
        "service_call",
        "journey",
        "run",
        "flight",
        "trip",
        "round_trip",
        "junket",
        "errand",
        "trek"
      ]
    },
    "end_wsp": {
      "name": "journey.n.0",
      "definition": "the act of traveling from one place to another",
      "onyms": [
        "pilgrim's_journey",
        "trip",
        "voyage",
        "circuit",
        "pleasure_trip",
        "schlep",
        "trek",
        "odyssey",
        "stage",
        "sashay",
        "travel",
        "drive",
        "excursion",
        "travelling",
        "leg",
        "mush",
        "journey",
        "jaunt",
        "junket",
        "transit",
        "traveling",
        "long_haul",
        "expedition",
        "outing",
        "journeying",
        "passage",
        "way",
        "shlep",
        "tour",
        "ride",
        "commute",
        "digression",
        "pilgrimage"
      ]
    }
  },
  "complete_link": {
    "score": 0.12392771244049072,
    "time": 9.131431579589844e-05,
    "start_wsp": {
      "name": "trip.v.8",
      "definition": "cause to stumble",
      "onyms": [
        "trip",
        "trip_up"
      ]
    },
    "end_wsp": {
      "name": "journey.v.1",
      "definition": "undertake a journey or trip",
      "onyms": [
        "journey",
        "globe-trot",
        "navigate",
        "trip",
        "sledge",
        "voyage",
        "jaunt",
        "tour",
        "travel",
        "trek",
        "sail"
      ]
    }
  },
  "single_link": {
    "score": 1.0,
    "time": 9.322166442871094e-05,
    "start_wsp": {
      "name": "trip.n.0",
      "definition": "a journey for some purpose (usually including the return)",
      "onyms": [
        "journeying",
        "service_call",
        "journey",
        "run",
        "flight",
        "trip",
        "round_trip",
        "junket",
        "errand",
        "trek"
      ]
    },
    "end_wsp": {
      "name": "journey.n.0",
      "definition": "the act of traveling from one place to another",
      "onyms": [
        "pilgrim's_journey",
        "trip",
        "voyage",
        "circuit",
        "pleasure_trip",
        "schlep",
        "trek",
        "odyssey",
        "stage",
        "sashay",
        "travel",
        "drive",
        "excursion",
        "travelling",
        "leg",
        "mush",
        "journey",
        "jaunt",
        "junket",
        "transit",
        "traveling",
        "long_haul",
        "expedition",
        "outing",
        "journeying",
        "passage",
        "way",
        "shlep",
        "tour",
        "ride",
        "commute",
        "digression",
        "pilgrimage"
      ]
    }
  },
  "total_vector": {
    "score": 0.9196026921272278,
    "time": 1.3029983043670654,
    "start_wsp": {
      "name": "trip.n.0",
      "definition": "a journey for some purpose (usually including the return)",
      "onyms": [
        "journeying",
        "service_call",
        "journey",
        "run",
        "flight",
        "trip",
        "round_trip",
        "junket",
        "errand",
        "trek"
      ]
    },
    "end_wsp": {
      "name": "journey.n.0",
      "definition": "the act of traveling from one place to another",
      "onyms": [
        "pilgrim's_journey",
        "trip",
        "voyage",
        "circuit",
        "pleasure_trip",
        "schlep",
        "trek",
        "odyssey",
        "stage",
        "sashay",
        "travel",
        "drive",
        "excursion",
        "travelling",
        "leg",
        "mush",
        "journey",
        "jaunt",
        "junket",
        "transit",
        "traveling",
        "long_haul",
        "expedition",
        "outing",
        "journeying",
        "passage",
        "way",
        "shlep",
        "tour",
        "ride",
        "commute",
        "digression",
        "pilgrimage"
      ]
    }
  }
}