{
  "average_link": {
    "score": 0.17701211695869765,
    "time": 0.0002701282501220703,
    "start_wsp": {
      "name": "undoing.v.4",
      "definition": "cause the ruin or downfall of",
      "onyms": [
        "ruin",
        "undo"
      ]
    },
    "end_wsp": {
      "name": "untying.v.2",
      "definition": "cause to become loose",
      "onyms": [
        "alter",
        "untie",
        "loosen",
        "undo",
        "change",
        "modify"
      ]
    }
  },
  "average_vector": {
    "score": 1.0,
    "time": 1.4199748039245605,
    "start_wsp": {
      "name": "undoing.n.1",
      "definition": "loosening the ties that fasten something",
      "onyms": [
        "untying",
        "laxation",
        "loosening",
        "unfastening",
        "undoing"
      ]
    },
    "end_wsp": {
      "name": "untying.n.0",
      "definition": "loosening the ties that fasten something",
      "onyms": [
        "untying",
        "laxation",
        "loosening",
        "unfastening",
        "undoing"
      ]
    }
  },
  "complete_link": {
    "score": 0.13829398155212402,
    "time": 0.0002949237823486328,
    "start_wsp": {
      "name": "undoing.v.4",
      "definition": "cause the ruin or downfall of",
      "onyms": [
        "ruin",
        "undo"
      ]
    },
    "end_wsp": {
      "name": "untying.v.2",
      "definition": "cause to become loose",
      "onyms": [
        "alter",
        "untie",
        "loosen",
        "undo",
        "change",
        "modify"
      ]
    }
  },
  "single_link": {
    "score": 1.0000001192092896,
    "time": 0.00026726722717285156,
    "start_wsp": {
      "name": "undoing.n.1",
      "definition": "loosening the ties that fasten something",
      "onyms": [
        "untying",
        "laxation",
        "loosening",
        "unfastening",
        "undoing"
      ]
    },
    "end_wsp": {
      "name": "untying.n.0",
      "definition": "loosening the ties that fasten something",
      "onyms": [
        "untying",
        "laxation",
        "loosening",
        "unfastening",
        "undoing"
      ]
    }
  },
  "total_vector": {
    "score": 1.0,
    "time": 1.3860464096069336,
    "start_wsp": {
      "name": "undoing.n.1",
      "definition": "loosening the ties that fasten something",
      "onyms": [
        "untying",
        "laxation",
        "loosening",
        "unfastening",
        "undoing"
      ]
    },
    "end_wsp": {
      "name": "untying.n.0",
      "definition": "loosening the ties that fasten something",
      "onyms": [
        "untying",
        "laxation",
        "loosening",
        "unfastening",
        "undoing"
      ]
    }
  }
}