{
  "average_link": {
    "score": 0.28307031467556953,
    "time": 4.5299530029296875e-05,
    "start_wsp": {
      "name": "universals.n.1",
      "definition": "(logic) a proposition that asserts something of all members of a class",
      "onyms": [
        "proposition",
        "universal_proposition",
        "universal"
      ]
    },
    "end_wsp": {
      "name": "universal.n.1",
      "definition": "(logic) a proposition that asserts something of all members of a class",
      "onyms": [
        "proposition",
        "universal_proposition",
        "universal"
      ]
    }
  },
  "average_vector": {
    "score": 1.0,
    "time": 1.3404695987701416,
    "start_wsp": {
      "name": "universals.n.1",
      "definition": "(logic) a proposition that asserts something of all members of a class",
      "onyms": [
        "proposition",
        "universal_proposition",
        "universal"
      ]
    },
    "end_wsp": {
      "name": "universal.n.1",
      "definition": "(logic) a proposition that asserts something of all members of a class",
      "onyms": [
        "proposition",
        "universal_proposition",
        "universal"
      ]
    }
  },
  "complete_link": {
    "score": 0.18292245268821716,
    "time": 5.555152893066406e-05,
    "start_wsp": {
      "name": "universals.n.3",
      "definition": "coupling that connects two rotating shafts allowing freedom of movement in all directions",
      "onyms": [
        "coupling",
        "universal_joint",
        "universal",
        "coupler",
        "drive_line",
        "drive_line_system"
      ]
    },
    "end_wsp": {
      "name": "universal.n.3",
      "definition": "coupling that connects two rotating shafts allowing freedom of movement in all directions",
      "onyms": [
        "coupling",
        "universal_joint",
        "universal",
        "coupler",
        "drive_line",
        "drive_line_system"
      ]
    }
  },
  "single_link": {
    "score": 1.0,
    "time": 3.981590270996094e-05,
    "start_wsp": {
      "name": "universals.n.0",
      "definition": "(linguistics) a grammatical rule (or other linguistic feature) that is found in all languages",
      "onyms": [
        "linguistic_rule",
        "universal",
        "linguistic_universal",
        "rule"
      ]
    },
    "end_wsp": {
      "name": "universal.n.0",
      "definition": "(linguistics) a grammatical rule (or other linguistic feature) that is found in all languages",
      "onyms": [
        "linguistic_rule",
        "universal",
        "linguistic_universal",
        "rule"
      ]
    }
  },
  "total_vector": {
    "score": 1.0,
    "time": 1.3181498050689697,
    "start_wsp": {
      "name": "universals.n.1",
      "definition": "(logic) a proposition that asserts something of all members of a class",
      "onyms": [
        "proposition",
        "universal_proposition",
        "universal"
      ]
    },
    "end_wsp": {
      "name": "universal.n.1",
      "definition": "(logic) a proposition that asserts something of all members of a class",
      "onyms": [
        "proposition",
        "universal_proposition",
        "universal"
      ]
    }
  }
}