{
  "average_link": {
    "score": 0.15698188729584217,
    "time": 4.029273986816406e-05,
    "start_wsp": {
      "name": "unruly.s.1",
      "definition": "unwilling to submit to authority",
      "onyms": [
        "disobedient",
        "unruly"
      ]
    },
    "end_wsp": {
      "name": "wild.s.6",
      "definition": "(of colors or sounds) intensely vivid or loud",
      "onyms": [
        "violent",
        "wild"
      ]
    }
  },
  "average_vector": {
    "score": 0.5845493078231812,
    "time": 1.3337173461914062,
    "start_wsp": {
      "name": "unruly.s.0",
      "definition": "noisy and lacking in restraint or discipline",
      "onyms": [
        "boisterous",
        "robustious",
        "unruly",
        "rambunctious",
        "rumbustious"
      ]
    },
    "end_wsp": {
      "name": "wild.s.14",
      "definition": "(of the elements) as if showing violent anger",
      "onyms": [
        "angry",
        "tempestuous",
        "raging",
        "wild",
        "furious"
      ]
    }
  },
  "complete_link": {
    "score": 0.18310607969760895,
    "time": 3.910064697265625e-05,
    "start_wsp": {
      "name": "unruly.s.0",
      "definition": "noisy and lacking in restraint or discipline",
      "onyms": [
        "boisterous",
        "robustious",
        "unruly",
        "rambunctious",
        "rumbustious"
      ]
    },
    "end_wsp": {
      "name": "wild.a.2",
      "definition": "marked by extreme lack of restraint or control",
      "onyms": [
        "wild"
      ]
    }
  },
  "single_link": {
    "score": 0.4816124439239502,
    "time": 3.7670135498046875e-05,
    "start_wsp": {
      "name": "unruly.s.0",
      "definition": "noisy and lacking in restraint or discipline",
      "onyms": [
        "boisterous",
        "robustious",
        "unruly",
        "rambunctious",
        "rumbustious"
      ]
    },
    "end_wsp": {
      "name": "wild.s.14",
      "definition": "(of the elements) as if showing violent anger",
      "onyms": [
        "angry",
        "tempestuous",
        "raging",
        "wild",
        "furious"
      ]
    }
  },
  "total_vector": {
    "score": 0.5845493078231812,
    "time": 1.338150978088379,
    "start_wsp": {
      "name": "unruly.s.0",
      "definition": "noisy and lacking in restraint or discipline",
      "onyms": [
        "boisterous",
        "robustious",
        "unruly",
        "rambunctious",
        "rumbustious"
      ]
    },
    "end_wsp": {
      "name": "wild.s.14",
      "definition": "(of the elements) as if showing violent anger",
      "onyms": [
        "angry",
        "tempestuous",
        "raging",
        "wild",
        "furious"
      ]
    }
  }
}