{
  "average_link": {
    "score": 0.1655451556046804,
    "time": 9.1552734375e-05,
    "start_wsp": {
      "name": "unthinking.s.1",
      "definition": "without care or thought for others",
      "onyms": [
        "thoughtless",
        "unthinking",
        "uncaring"
      ]
    },
    "end_wsp": {
      "name": "stupid.a.3",
      "definition": "lacking intelligence",
      "onyms": [
        "stupid",
        "unintelligent"
      ]
    }
  },
  "average_vector": {
    "score": 0.6602460741996765,
    "time": 2.898653507232666,
    "start_wsp": {
      "name": "unthinking.s.1",
      "definition": "without care or thought for others",
      "onyms": [
        "thoughtless",
        "unthinking",
        "uncaring"
      ]
    },
    "end_wsp": {
      "name": "stupid.a.3",
      "definition": "lacking intelligence",
      "onyms": [
        "stupid",
        "unintelligent"
      ]
    }
  },
  "complete_link": {
    "score": 0.4123670160770416,
    "time": 8.654594421386719e-05,
    "start_wsp": {
      "name": "unthinking.s.1",
      "definition": "without care or thought for others",
      "onyms": [
        "thoughtless",
        "unthinking",
        "uncaring"
      ]
    },
    "end_wsp": {
      "name": "stupid.a.1",
      "definition": "lacking or marked by lack of intellectual acuity",
      "onyms": [
        "stupid"
      ]
    }
  },
  "single_link": {
    "score": 0.5944066047668457,
    "time": 8.58306884765625e-05,
    "start_wsp": {
      "name": "unthinking.s.1",
      "definition": "without care or thought for others",
      "onyms": [
        "thoughtless",
        "unthinking",
        "uncaring"
      ]
    },
    "end_wsp": {
      "name": "stupid.n.0",
      "definition": "a person who is not very bright",
      "onyms": [
        "dolt",
        "stupid_person",
        "berk",
        "blockhead",
        "knucklehead",
        "simpleton",
        "dunderhead",
        "loggerhead",
        "simple",
        "hammerhead",
        "klutz",
        "pudden-head",
        "dullard",
        "lunkhead",
        "muttonhead",
        "fuckhead",
        "dunce",
        "shithead",
        "stupid",
        "bonehead",
        "stupe",
        "pudding_head",
        "numskull",
        "pillock",
        "poor_fish",
        "dumbass"
      ]
    }
  },
  "total_vector": {
    "score": 0.6602460741996765,
    "time": 3.10847544670105,
    "start_wsp": {
      "name": "unthinking.s.1",
      "definition": "without care or thought for others",
      "onyms": [
        "thoughtless",
        "unthinking",
        "uncaring"
      ]
    },
    "end_wsp": {
      "name": "stupid.a.3",
      "definition": "lacking intelligence",
      "onyms": [
        "stupid",
        "unintelligent"
      ]
    }
  }
}