{
  "average_link": {
    "score": 0.08329868984222412,
    "time": 0.00038552284240722656,
    "start_wsp": {
      "name": "upgraded.v.3",
      "definition": "get better travel conditions",
      "onyms": [
        "meliorate",
        "better",
        "ameliorate",
        "improve",
        "upgrade"
      ]
    },
    "end_wsp": {
      "name": "upgrade.v.9",
      "definition": "get better travel conditions",
      "onyms": [
        "meliorate",
        "better",
        "ameliorate",
        "improve",
        "upgrade"
      ]
    }
  },
  "average_vector": {
    "score": 1.0,
    "time": 1.442488431930542,
    "start_wsp": {
      "name": "upgraded.v.0",
      "definition": "rate higher; raise in value or esteem",
      "onyms": [
        "grade",
        "rate",
        "range",
        "rank",
        "order",
        "upgrade",
        "place"
      ]
    },
    "end_wsp": {
      "name": "upgrade.v.6",
      "definition": "rate higher; raise in value or esteem",
      "onyms": [
        "grade",
        "rate",
        "range",
        "rank",
        "order",
        "upgrade",
        "place"
      ]
    }
  },
  "complete_link": {
    "score": 0.08005888760089874,
    "time": 0.00037384033203125,
    "start_wsp": {
      "name": "upgraded.v.1",
      "definition": "to improve what was old or outdated",
      "onyms": [
        "amend",
        "meliorate",
        "better",
        "ameliorate",
        "improve",
        "upgrade"
      ]
    },
    "end_wsp": {
      "name": "upgrade.v.7",
      "definition": "to improve what was old or outdated",
      "onyms": [
        "amend",
        "meliorate",
        "better",
        "ameliorate",
        "improve",
        "upgrade"
      ]
    }
  },
  "single_link": {
    "score": 1.0000001192092896,
    "time": 0.0003695487976074219,
    "start_wsp": {
      "name": "upgraded.v.2",
      "definition": "give a promotion to or assign to a higher position",
      "onyms": [
        "ennoble",
        "kick_upstairs",
        "brevet",
        "spot_promote",
        "elevate",
        "prefer",
        "tenure",
        "favor",
        "delegate",
        "bring_up",
        "advance",
        "upgrade",
        "depute",
        "raise",
        "promote",
        "designate",
        "assign",
        "entitle",
        "favour",
        "gentle"
      ]
    },
    "end_wsp": {
      "name": "upgrade.v.8",
      "definition": "give a promotion to or assign to a higher position",
      "onyms": [
        "ennoble",
        "kick_upstairs",
        "brevet",
        "spot_promote",
        "elevate",
        "prefer",
        "tenure",
        "favor",
        "delegate",
        "bring_up",
        "advance",
        "upgrade",
        "depute",
        "raise",
        "promote",
        "designate",
        "assign",
        "entitle",
        "favour",
        "gentle"
      ]
    }
  },
  "total_vector": {
    "score": 1.0,
    "time": 1.454068660736084,
    "start_wsp": {
      "name": "upgraded.v.1",
      "definition": "to improve what was old or outdated",
      "onyms": [
        "amend",
        "meliorate",
        "better",
        "ameliorate",
        "improve",
        "upgrade"
      ]
    },
    "end_wsp": {
      "name": "upgrade.v.7",
      "definition": "to improve what was old or outdated",
      "onyms": [
        "amend",
        "meliorate",
        "better",
        "ameliorate",
        "improve",
        "upgrade"
      ]
    }
  }
}