{
  "average_link": {
    "score": 0.34320494532585144,
    "time": 4.4345855712890625e-05,
    "start_wsp": {
      "name": "upward.s.0",
      "definition": "directed up",
      "onyms": [
        "upward"
      ]
    },
    "end_wsp": {
      "name": "ascending.a.9",
      "definition": "moving or going or growing upward",
      "onyms": [
        "ascending"
      ]
    }
  },
  "average_vector": {
    "score": 0.4239829480648041,
    "time": 1.3260276317596436,
    "start_wsp": {
      "name": "upward.s.0",
      "definition": "directed up",
      "onyms": [
        "upward"
      ]
    },
    "end_wsp": {
      "name": "ascending.n.0",
      "definition": "the act of changing location in an upward direction",
      "onyms": [
        "movement",
        "soar",
        "motion",
        "climb",
        "heave",
        "mount",
        "rise",
        "levitation",
        "zoom",
        "ascension",
        "move",
        "ascending",
        "heaving",
        "ascent"
      ]
    }
  },
  "complete_link": {
    "score": 0.34320494532585144,
    "time": 4.00543212890625e-05,
    "start_wsp": {
      "name": "upward.s.0",
      "definition": "directed up",
      "onyms": [
        "upward"
      ]
    },
    "end_wsp": {
      "name": "ascending.a.9",
      "definition": "moving or going or growing upward",
      "onyms": [
        "ascending"
      ]
    }
  },
  "single_link": {
    "score": 0.39194196462631226,
    "time": 3.814697265625e-05,
    "start_wsp": {
      "name": "upward.s.0",
      "definition": "directed up",
      "onyms": [
        "upward"
      ]
    },
    "end_wsp": {
      "name": "ascending.n.0",
      "definition": "the act of changing location in an upward direction",
      "onyms": [
        "movement",
        "soar",
        "motion",
        "climb",
        "heave",
        "mount",
        "rise",
        "levitation",
        "zoom",
        "ascension",
        "move",
        "ascending",
        "heaving",
        "ascent"
      ]
    }
  },
  "total_vector": {
    "score": 0.42398297786712646,
    "time": 1.3339571952819824,
    "start_wsp": {
      "name": "upward.s.0",
      "definition": "directed up",
      "onyms": [
        "upward"
      ]
    },
    "end_wsp": {
      "name": "ascending.n.0",
      "definition": "the act of changing location in an upward direction",
      "onyms": [
        "movement",
        "soar",
        "motion",
        "climb",
        "heave",
        "mount",
        "rise",
        "levitation",
        "zoom",
        "ascension",
        "move",
        "ascending",
        "heaving",
        "ascent"
      ]
    }
  }
}