{
  "average_link": {
    "score": 0.28796982020139694,
    "time": 4.744529724121094e-05,
    "start_wsp": {
      "name": "utterer.s.4",
      "definition": "complete",
      "onyms": [
        "dead",
        "utter"
      ]
    },
    "end_wsp": {
      "name": "utter.s.5",
      "definition": "complete",
      "onyms": [
        "dead",
        "utter"
      ]
    }
  },
  "average_vector": {
    "score": 1.0,
    "time": 1.3154170513153076,
    "start_wsp": {
      "name": "utterer.s.4",
      "definition": "complete",
      "onyms": [
        "dead",
        "utter"
      ]
    },
    "end_wsp": {
      "name": "utter.s.5",
      "definition": "complete",
      "onyms": [
        "dead",
        "utter"
      ]
    }
  },
  "complete_link": {
    "score": 0.15187928080558777,
    "time": 4.57763671875e-05,
    "start_wsp": {
      "name": "utterer.s.4",
      "definition": "complete",
      "onyms": [
        "dead",
        "utter"
      ]
    },
    "end_wsp": {
      "name": "utter.s.5",
      "definition": "complete",
      "onyms": [
        "dead",
        "utter"
      ]
    }
  },
  "single_link": {
    "score": 1.0000001192092896,
    "time": 4.315376281738281e-05,
    "start_wsp": {
      "name": "utterer.s.3",
      "definition": "without qualification; used informally as (often pejorative) intensifiers",
      "onyms": [
        "everlasting",
        "thoroughgoing",
        "utter",
        "pure",
        "stark",
        "double-dyed",
        "staring",
        "arrant",
        "complete",
        "gross",
        "sodding",
        "perfect",
        "consummate",
        "unadulterated"
      ]
    },
    "end_wsp": {
      "name": "utter.s.4",
      "definition": "without qualification; used informally as (often pejorative) intensifiers",
      "onyms": [
        "everlasting",
        "thoroughgoing",
        "utter",
        "pure",
        "stark",
        "double-dyed",
        "staring",
        "arrant",
        "complete",
        "gross",
        "sodding",
        "perfect",
        "consummate",
        "unadulterated"
      ]
    }
  },
  "total_vector": {
    "score": 1.0,
    "time": 1.3144779205322266,
    "start_wsp": {
      "name": "utterer.s.3",
      "definition": "without qualification; used informally as (often pejorative) intensifiers",
      "onyms": [
        "everlasting",
        "thoroughgoing",
        "utter",
        "pure",
        "stark",
        "double-dyed",
        "staring",
        "arrant",
        "complete",
        "gross",
        "sodding",
        "perfect",
        "consummate",
        "unadulterated"
      ]
    },
    "end_wsp": {
      "name": "utter.s.4",
      "definition": "without qualification; used informally as (often pejorative) intensifiers",
      "onyms": [
        "everlasting",
        "thoroughgoing",
        "utter",
        "pure",
        "stark",
        "double-dyed",
        "staring",
        "arrant",
        "complete",
        "gross",
        "sodding",
        "perfect",
        "consummate",
        "unadulterated"
      ]
    }
  }
}