{
  "average_link": {
    "score": 0.3961898982524872,
    "time": 5.173683166503906e-05,
    "start_wsp": {
      "name": "various.s.0",
      "definition": "of many different kinds purposefully arranged but lacking any uniformity",
      "onyms": [
        "assorted",
        "various"
      ]
    },
    "end_wsp": {
      "name": "assorted.s.3",
      "definition": "of many different kinds purposefully arranged but lacking any uniformity",
      "onyms": [
        "assorted",
        "various"
      ]
    }
  },
  "average_vector": {
    "score": 1.0,
    "time": 15.982187032699585,
    "start_wsp": {
      "name": "various.s.0",
      "definition": "of many different kinds purposefully arranged but lacking any uniformity",
      "onyms": [
        "assorted",
        "various"
      ]
    },
    "end_wsp": {
      "name": "assorted.s.3",
      "definition": "of many different kinds purposefully arranged but lacking any uniformity",
      "onyms": [
        "assorted",
        "various"
      ]
    }
  },
  "complete_link": {
    "score": 0.5847595930099487,
    "time": 5.340576171875e-05,
    "start_wsp": {
      "name": "various.s.0",
      "definition": "of many different kinds purposefully arranged but lacking any uniformity",
      "onyms": [
        "assorted",
        "various"
      ]
    },
    "end_wsp": {
      "name": "assorted.s.3",
      "definition": "of many different kinds purposefully arranged but lacking any uniformity",
      "onyms": [
        "assorted",
        "various"
      ]
    }
  },
  "single_link": {
    "score": 1.0,
    "time": 5.221366882324219e-05,
    "start_wsp": {
      "name": "various.s.0",
      "definition": "of many different kinds purposefully arranged but lacking any uniformity",
      "onyms": [
        "assorted",
        "various"
      ]
    },
    "end_wsp": {
      "name": "assorted.s.2",
      "definition": "consisting of a haphazard assortment of different kinds; ; ; ; ; ; - I.A.Richards",
      "onyms": [
        "mixed",
        "miscellaneous",
        "assorted",
        "motley",
        "sundry"
      ]
    }
  },
  "total_vector": {
    "score": 1.0,
    "time": 17.86135745048523,
    "start_wsp": {
      "name": "various.s.0",
      "definition": "of many different kinds purposefully arranged but lacking any uniformity",
      "onyms": [
        "assorted",
        "various"
      ]
    },
    "end_wsp": {
      "name": "assorted.s.3",
      "definition": "of many different kinds purposefully arranged but lacking any uniformity",
      "onyms": [
        "assorted",
        "various"
      ]
    }
  }
}