{
  "average_link": {
    "score": 0.08296090736985207,
    "time": 3.24249267578125e-05,
    "start_wsp": {
      "name": "vaulted.s.2",
      "definition": "having a hemispherical vault or dome",
      "onyms": [
        "vaulted",
        "domed"
      ]
    },
    "end_wsp": {
      "name": "rounded.a.7",
      "definition": "curving and somewhat round in shape rather than jagged",
      "onyms": [
        "rounded"
      ]
    }
  },
  "average_vector": {
    "score": 0.4125009775161743,
    "time": 5.188539743423462,
    "start_wsp": {
      "name": "vaulted.v.1",
      "definition": "bound vigorously",
      "onyms": [
        "jump",
        "leap",
        "bound",
        "spring",
        "vault"
      ]
    },
    "end_wsp": {
      "name": "rounded.v.0",
      "definition": "wind around; move along a circular course",
      "onyms": [
        "go",
        "locomote",
        "travel",
        "move",
        "round"
      ]
    }
  },
  "complete_link": {
    "score": 0.058164700865745544,
    "time": 3.409385681152344e-05,
    "start_wsp": {
      "name": "vaulted.s.2",
      "definition": "having a hemispherical vault or dome",
      "onyms": [
        "vaulted",
        "domed"
      ]
    },
    "end_wsp": {
      "name": "rounded.a.7",
      "definition": "curving and somewhat round in shape rather than jagged",
      "onyms": [
        "rounded"
      ]
    }
  },
  "single_link": {
    "score": 0.4728744626045227,
    "time": 2.47955322265625e-05,
    "start_wsp": {
      "name": "vaulted.v.0",
      "definition": "jump across or leap over (an obstacle)",
      "onyms": [
        "overleap",
        "hurdle",
        "jump",
        "leap",
        "bound",
        "spring",
        "vault"
      ]
    },
    "end_wsp": {
      "name": "rounded.v.0",
      "definition": "wind around; move along a circular course",
      "onyms": [
        "go",
        "locomote",
        "travel",
        "move",
        "round"
      ]
    }
  },
  "total_vector": {
    "score": 0.4125010073184967,
    "time": 5.487895727157593,
    "start_wsp": {
      "name": "vaulted.v.1",
      "definition": "bound vigorously",
      "onyms": [
        "jump",
        "leap",
        "bound",
        "spring",
        "vault"
      ]
    },
    "end_wsp": {
      "name": "rounded.v.0",
      "definition": "wind around; move along a circular course",
      "onyms": [
        "go",
        "locomote",
        "travel",
        "move",
        "round"
      ]
    }
  }
}