{
  "average_link": {
    "score": 0.3041824698448181,
    "time": 6.341934204101562e-05,
    "start_wsp": {
      "name": "virgin.n.0",
      "definition": "a person who has never had sex",
      "onyms": [
        "innocent",
        "virgin",
        "inexperienced_person"
      ]
    },
    "end_wsp": {
      "name": "innocent.s.7",
      "definition": "(used of things) lacking sense or awareness",
      "onyms": [
        "innocent"
      ]
    }
  },
  "average_vector": {
    "score": 0.807992696762085,
    "time": 1.288109302520752,
    "start_wsp": {
      "name": "virgin.n.1",
      "definition": "(astrology) a person who is born while the sun is in Virgo",
      "onyms": [
        "Virgo",
        "individual",
        "Virgin",
        "somebody",
        "mortal",
        "someone",
        "person",
        "soul"
      ]
    },
    "end_wsp": {
      "name": "innocent.n.0",
      "definition": "a person who lacks knowledge of evil",
      "onyms": [
        "dear",
        "naif",
        "individual",
        "inexperienced_person",
        "virgin",
        "lamb",
        "somebody",
        "mortal",
        "someone",
        "innocent",
        "boy_scout",
        "person",
        "soul"
      ]
    }
  },
  "complete_link": {
    "score": 0.21672987937927246,
    "time": 6.222724914550781e-05,
    "start_wsp": {
      "name": "virgin.n.0",
      "definition": "a person who has never had sex",
      "onyms": [
        "innocent",
        "virgin",
        "inexperienced_person"
      ]
    },
    "end_wsp": {
      "name": "innocent.a.1",
      "definition": "free from evil or guilt",
      "onyms": [
        "clean-handed",
        "innocent",
        "guiltless"
      ]
    }
  },
  "single_link": {
    "score": 1.0,
    "time": 5.984306335449219e-05,
    "start_wsp": {
      "name": "virgin.n.0",
      "definition": "a person who has never had sex",
      "onyms": [
        "innocent",
        "virgin",
        "inexperienced_person"
      ]
    },
    "end_wsp": {
      "name": "innocent.n.0",
      "definition": "a person who lacks knowledge of evil",
      "onyms": [
        "dear",
        "naif",
        "individual",
        "inexperienced_person",
        "virgin",
        "lamb",
        "somebody",
        "mortal",
        "someone",
        "innocent",
        "boy_scout",
        "person",
        "soul"
      ]
    }
  },
  "total_vector": {
    "score": 0.807992696762085,
    "time": 1.289527416229248,
    "start_wsp": {
      "name": "virgin.n.1",
      "definition": "(astrology) a person who is born while the sun is in Virgo",
      "onyms": [
        "Virgo",
        "individual",
        "Virgin",
        "somebody",
        "mortal",
        "someone",
        "person",
        "soul"
      ]
    },
    "end_wsp": {
      "name": "innocent.n.0",
      "definition": "a person who lacks knowledge of evil",
      "onyms": [
        "dear",
        "naif",
        "individual",
        "inexperienced_person",
        "virgin",
        "lamb",
        "somebody",
        "mortal",
        "someone",
        "innocent",
        "boy_scout",
        "person",
        "soul"
      ]
    }
  }
}