{
  "average_link": {
    "score": 0.08895296147093176,
    "time": 0.0001404285430908203,
    "start_wsp": {
      "name": "visitation.n.2",
      "definition": "an official visit for inspection or supervision",
      "onyms": [
        "visitation",
        "visit"
      ]
    },
    "end_wsp": {
      "name": "trial.n.5",
      "definition": "an annoying or frustrating or catastrophic event",
      "onyms": [
        "tribulation",
        "affliction",
        "trial",
        "visitation",
        "fire"
      ]
    }
  },
  "average_vector": {
    "score": 0.9999999403953552,
    "time": 1.3703606128692627,
    "start_wsp": {
      "name": "visitation.n.0",
      "definition": "an annoying or frustrating or catastrophic event",
      "onyms": [
        "tribulation",
        "affliction",
        "trial",
        "visitation",
        "fire"
      ]
    },
    "end_wsp": {
      "name": "trial.n.5",
      "definition": "an annoying or frustrating or catastrophic event",
      "onyms": [
        "tribulation",
        "affliction",
        "trial",
        "visitation",
        "fire"
      ]
    }
  },
  "complete_link": {
    "score": 0.021672608330845833,
    "time": 0.0001232624053955078,
    "start_wsp": {
      "name": "visitation.n.2",
      "definition": "an official visit for inspection or supervision",
      "onyms": [
        "visitation",
        "visit"
      ]
    },
    "end_wsp": {
      "name": "trial.n.5",
      "definition": "an annoying or frustrating or catastrophic event",
      "onyms": [
        "tribulation",
        "affliction",
        "trial",
        "visitation",
        "fire"
      ]
    }
  },
  "single_link": {
    "score": 1.0000001192092896,
    "time": 0.00011801719665527344,
    "start_wsp": {
      "name": "visitation.n.0",
      "definition": "an annoying or frustrating or catastrophic event",
      "onyms": [
        "tribulation",
        "affliction",
        "trial",
        "visitation",
        "fire"
      ]
    },
    "end_wsp": {
      "name": "trial.n.5",
      "definition": "an annoying or frustrating or catastrophic event",
      "onyms": [
        "tribulation",
        "affliction",
        "trial",
        "visitation",
        "fire"
      ]
    }
  },
  "total_vector": {
    "score": 0.9999999403953552,
    "time": 1.3622686862945557,
    "start_wsp": {
      "name": "visitation.n.0",
      "definition": "an annoying or frustrating or catastrophic event",
      "onyms": [
        "tribulation",
        "affliction",
        "trial",
        "visitation",
        "fire"
      ]
    },
    "end_wsp": {
      "name": "trial.n.5",
      "definition": "an annoying or frustrating or catastrophic event",
      "onyms": [
        "tribulation",
        "affliction",
        "trial",
        "visitation",
        "fire"
      ]
    }
  }
}