{
  "average_link": {
    "score": 0.14469243306666613,
    "time": 0.00014901161193847656,
    "start_wsp": {
      "name": "visualized.v.3",
      "definition": "make visible",
      "onyms": [
        "alter",
        "visualize",
        "visualise",
        "change",
        "modify"
      ]
    },
    "end_wsp": {
      "name": "visualize.v.3",
      "definition": "make visible",
      "onyms": [
        "alter",
        "visualize",
        "visualise",
        "change",
        "modify"
      ]
    }
  },
  "average_vector": {
    "score": 1.0,
    "time": 1.2881684303283691,
    "start_wsp": {
      "name": "visualized.v.0",
      "definition": "imagine; conceive of; see in one's mind",
      "onyms": [
        "figure",
        "visualize",
        "visualise",
        "see",
        "conceive_of",
        "envisage",
        "picture",
        "project",
        "imagine",
        "fancy",
        "ideate",
        "envision",
        "image"
      ]
    },
    "end_wsp": {
      "name": "visualize.v.0",
      "definition": "imagine; conceive of; see in one's mind",
      "onyms": [
        "figure",
        "visualize",
        "visualise",
        "see",
        "conceive_of",
        "envisage",
        "picture",
        "project",
        "imagine",
        "fancy",
        "ideate",
        "envision",
        "image"
      ]
    }
  },
  "complete_link": {
    "score": 0.17609179019927979,
    "time": 0.0001442432403564453,
    "start_wsp": {
      "name": "visualized.v.3",
      "definition": "make visible",
      "onyms": [
        "alter",
        "visualize",
        "visualise",
        "change",
        "modify"
      ]
    },
    "end_wsp": {
      "name": "visualize.v.3",
      "definition": "make visible",
      "onyms": [
        "alter",
        "visualize",
        "visualise",
        "change",
        "modify"
      ]
    }
  },
  "single_link": {
    "score": 1.0000001192092896,
    "time": 0.00014019012451171875,
    "start_wsp": {
      "name": "visualized.v.0",
      "definition": "imagine; conceive of; see in one's mind",
      "onyms": [
        "figure",
        "visualize",
        "visualise",
        "see",
        "conceive_of",
        "envisage",
        "picture",
        "project",
        "imagine",
        "fancy",
        "ideate",
        "envision",
        "image"
      ]
    },
    "end_wsp": {
      "name": "visualize.v.0",
      "definition": "imagine; conceive of; see in one's mind",
      "onyms": [
        "figure",
        "visualize",
        "visualise",
        "see",
        "conceive_of",
        "envisage",
        "picture",
        "project",
        "imagine",
        "fancy",
        "ideate",
        "envision",
        "image"
      ]
    }
  },
  "total_vector": {
    "score": 1.0,
    "time": 1.2898354530334473,
    "start_wsp": {
      "name": "visualized.v.0",
      "definition": "imagine; conceive of; see in one's mind",
      "onyms": [
        "figure",
        "visualize",
        "visualise",
        "see",
        "conceive_of",
        "envisage",
        "picture",
        "project",
        "imagine",
        "fancy",
        "ideate",
        "envision",
        "image"
      ]
    },
    "end_wsp": {
      "name": "visualize.v.0",
      "definition": "imagine; conceive of; see in one's mind",
      "onyms": [
        "figure",
        "visualize",
        "visualise",
        "see",
        "conceive_of",
        "envisage",
        "picture",
        "project",
        "imagine",
        "fancy",
        "ideate",
        "envision",
        "image"
      ]
    }
  }
}