{
  "average_link": {
    "score": 0.19709969827762017,
    "time": 0.0003509521484375,
    "start_wsp": {
      "name": "wake.v.4",
      "definition": "be awake, be alert, be there",
      "onyms": [
        "sit_up",
        "wake",
        "stay_up"
      ]
    },
    "end_wsp": {
      "name": "inflame.v.3",
      "definition": "arouse or excite feelings and passions",
      "onyms": [
        "stir_up",
        "heat",
        "fire_up",
        "ferment",
        "wake",
        "inflame",
        "kindle",
        "arouse",
        "raise",
        "evoke",
        "ignite",
        "provoke",
        "enkindle",
        "fire",
        "elicit"
      ]
    }
  },
  "average_vector": {
    "score": 1.0,
    "time": 1.3529164791107178,
    "start_wsp": {
      "name": "wake.v.6",
      "definition": "arouse or excite feelings and passions",
      "onyms": [
        "stir_up",
        "heat",
        "fire_up",
        "ferment",
        "wake",
        "inflame",
        "kindle",
        "arouse",
        "raise",
        "evoke",
        "ignite",
        "provoke",
        "enkindle",
        "fire",
        "elicit"
      ]
    },
    "end_wsp": {
      "name": "inflame.v.3",
      "definition": "arouse or excite feelings and passions",
      "onyms": [
        "stir_up",
        "heat",
        "fire_up",
        "ferment",
        "wake",
        "inflame",
        "kindle",
        "arouse",
        "raise",
        "evoke",
        "ignite",
        "provoke",
        "enkindle",
        "fire",
        "elicit"
      ]
    }
  },
  "complete_link": {
    "score": 0.14892908930778503,
    "time": 0.0003292560577392578,
    "start_wsp": {
      "name": "wake.v.4",
      "definition": "be awake, be alert, be there",
      "onyms": [
        "sit_up",
        "wake",
        "stay_up"
      ]
    },
    "end_wsp": {
      "name": "inflame.v.1",
      "definition": "catch fire",
      "onyms": [
        "flare_up",
        "kindle",
        "inflame"
      ]
    }
  },
  "single_link": {
    "score": 1.0000001192092896,
    "time": 0.00029778480529785156,
    "start_wsp": {
      "name": "wake.v.6",
      "definition": "arouse or excite feelings and passions",
      "onyms": [
        "stir_up",
        "heat",
        "fire_up",
        "ferment",
        "wake",
        "inflame",
        "kindle",
        "arouse",
        "raise",
        "evoke",
        "ignite",
        "provoke",
        "enkindle",
        "fire",
        "elicit"
      ]
    },
    "end_wsp": {
      "name": "inflame.v.0",
      "definition": "cause inflammation in",
      "onyms": [
        "exacerbate",
        "inflame",
        "exasperate",
        "aggravate",
        "worsen"
      ]
    }
  },
  "total_vector": {
    "score": 1.0,
    "time": 1.341069221496582,
    "start_wsp": {
      "name": "wake.v.6",
      "definition": "arouse or excite feelings and passions",
      "onyms": [
        "stir_up",
        "heat",
        "fire_up",
        "ferment",
        "wake",
        "inflame",
        "kindle",
        "arouse",
        "raise",
        "evoke",
        "ignite",
        "provoke",
        "enkindle",
        "fire",
        "elicit"
      ]
    },
    "end_wsp": {
      "name": "inflame.v.3",
      "definition": "arouse or excite feelings and passions",
      "onyms": [
        "stir_up",
        "heat",
        "fire_up",
        "ferment",
        "wake",
        "inflame",
        "kindle",
        "arouse",
        "raise",
        "evoke",
        "ignite",
        "provoke",
        "enkindle",
        "fire",
        "elicit"
      ]
    }
  }
}