{
  "average_link": {
    "score": 0.4006144404411316,
    "time": 0.0007107257843017578,
    "start_wsp": {
      "name": "watery.s.0",
      "definition": "filled with water",
      "onyms": [
        "watery"
      ]
    },
    "end_wsp": {
      "name": "wet.a.3",
      "definition": "covered or soaked with a liquid such as water",
      "onyms": [
        "wet"
      ]
    }
  },
  "average_vector": {
    "score": 0.5800589919090271,
    "time": 1.3590037822723389,
    "start_wsp": {
      "name": "watery.s.1",
      "definition": "wet with secreted or exuded moisture such as sweat or tears",
      "onyms": [
        "watery",
        "reeking"
      ]
    },
    "end_wsp": {
      "name": "wet.s.8",
      "definition": "very drunk",
      "onyms": [
        "soused",
        "pie-eyed",
        "smashed",
        "blind_drunk",
        "wet",
        "blotto",
        "sloshed",
        "slopped",
        "soaked",
        "stiff",
        "tight",
        "squiffy",
        "pixilated",
        "crocked",
        "besotted",
        "fuddled",
        "cockeyed",
        "pissed",
        "loaded",
        "plastered",
        "sozzled"
      ]
    }
  },
  "complete_link": {
    "score": 0.4006144404411316,
    "time": 0.0007085800170898438,
    "start_wsp": {
      "name": "watery.s.0",
      "definition": "filled with water",
      "onyms": [
        "watery"
      ]
    },
    "end_wsp": {
      "name": "wet.a.3",
      "definition": "covered or soaked with a liquid such as water",
      "onyms": [
        "wet"
      ]
    }
  },
  "single_link": {
    "score": 0.5066618919372559,
    "time": 0.0006928443908691406,
    "start_wsp": {
      "name": "watery.s.1",
      "definition": "wet with secreted or exuded moisture such as sweat or tears",
      "onyms": [
        "watery",
        "reeking"
      ]
    },
    "end_wsp": {
      "name": "wet.s.8",
      "definition": "very drunk",
      "onyms": [
        "soused",
        "pie-eyed",
        "smashed",
        "blind_drunk",
        "wet",
        "blotto",
        "sloshed",
        "slopped",
        "soaked",
        "stiff",
        "tight",
        "squiffy",
        "pixilated",
        "crocked",
        "besotted",
        "fuddled",
        "cockeyed",
        "pissed",
        "loaded",
        "plastered",
        "sozzled"
      ]
    }
  },
  "total_vector": {
    "score": 0.5800589323043823,
    "time": 1.323016881942749,
    "start_wsp": {
      "name": "watery.s.1",
      "definition": "wet with secreted or exuded moisture such as sweat or tears",
      "onyms": [
        "watery",
        "reeking"
      ]
    },
    "end_wsp": {
      "name": "wet.s.8",
      "definition": "very drunk",
      "onyms": [
        "soused",
        "pie-eyed",
        "smashed",
        "blind_drunk",
        "wet",
        "blotto",
        "sloshed",
        "slopped",
        "soaked",
        "stiff",
        "tight",
        "squiffy",
        "pixilated",
        "crocked",
        "besotted",
        "fuddled",
        "cockeyed",
        "pissed",
        "loaded",
        "plastered",
        "sozzled"
      ]
    }
  }
}