{
  "average_link": {
    "score": 0.11311426013708115,
    "time": 0.00018978118896484375,
    "start_wsp": {
      "name": "webbing.n.0",
      "definition": "something forming a web (as between the toes of birds)",
      "onyms": [
        "web",
        "webbing"
      ]
    },
    "end_wsp": {
      "name": "woven.a.4",
      "definition": "made or constructed by interlacing threads or strips of material or other elements into a whole",
      "onyms": [
        "woven"
      ]
    }
  },
  "average_vector": {
    "score": 0.6851226687431335,
    "time": 2.7465732097625732,
    "start_wsp": {
      "name": "webbing.v.3",
      "definition": "construct or form a web, as if by weaving",
      "onyms": [
        "web",
        "net",
        "tissue",
        "weave"
      ]
    },
    "end_wsp": {
      "name": "woven.v.1",
      "definition": "create a piece of cloth by interlacing strands of fabric, such as wool or cotton",
      "onyms": [
        "net",
        "plait",
        "web",
        "lace",
        "brocade",
        "braid",
        "twill",
        "create_from_raw_stuff",
        "tissue",
        "create_from_raw_material",
        "loom",
        "weave"
      ]
    }
  },
  "complete_link": {
    "score": 0.19872507452964783,
    "time": 5.435943603515625e-05,
    "start_wsp": {
      "name": "webbing.n.2",
      "definition": "a strong fabric woven in strips",
      "onyms": [
        "textile",
        "cloth",
        "webbing",
        "material",
        "fabric"
      ]
    },
    "end_wsp": {
      "name": "woven.a.4",
      "definition": "made or constructed by interlacing threads or strips of material or other elements into a whole",
      "onyms": [
        "woven"
      ]
    }
  },
  "single_link": {
    "score": 1.0,
    "time": 9.632110595703125e-05,
    "start_wsp": {
      "name": "webbing.n.0",
      "definition": "something forming a web (as between the toes of birds)",
      "onyms": [
        "web",
        "webbing"
      ]
    },
    "end_wsp": {
      "name": "woven.v.1",
      "definition": "create a piece of cloth by interlacing strands of fabric, such as wool or cotton",
      "onyms": [
        "net",
        "plait",
        "web",
        "lace",
        "brocade",
        "braid",
        "twill",
        "create_from_raw_stuff",
        "tissue",
        "create_from_raw_material",
        "loom",
        "weave"
      ]
    }
  },
  "total_vector": {
    "score": 0.6851226687431335,
    "time": 2.663271427154541,
    "start_wsp": {
      "name": "webbing.v.3",
      "definition": "construct or form a web, as if by weaving",
      "onyms": [
        "web",
        "net",
        "tissue",
        "weave"
      ]
    },
    "end_wsp": {
      "name": "woven.v.1",
      "definition": "create a piece of cloth by interlacing strands of fabric, such as wool or cotton",
      "onyms": [
        "net",
        "plait",
        "web",
        "lace",
        "brocade",
        "braid",
        "twill",
        "create_from_raw_stuff",
        "tissue",
        "create_from_raw_material",
        "loom",
        "weave"
      ]
    }
  }
}