{
  "average_link": {
    "score": 0.1191726136021316,
    "time": 0.00017070770263671875,
    "start_wsp": {
      "name": "weds.n.0",
      "definition": "the fourth day of the week; the third working day",
      "onyms": [
        "weekday",
        "Wednesday",
        "Wed",
        "Midweek"
      ]
    },
    "end_wsp": {
      "name": "wed.n.0",
      "definition": "the fourth day of the week; the third working day",
      "onyms": [
        "weekday",
        "Wednesday",
        "Wed",
        "Midweek"
      ]
    }
  },
  "average_vector": {
    "score": 1.0,
    "time": 1.3149657249450684,
    "start_wsp": {
      "name": "weds.n.0",
      "definition": "the fourth day of the week; the third working day",
      "onyms": [
        "weekday",
        "Wednesday",
        "Wed",
        "Midweek"
      ]
    },
    "end_wsp": {
      "name": "wed.n.0",
      "definition": "the fourth day of the week; the third working day",
      "onyms": [
        "weekday",
        "Wednesday",
        "Wed",
        "Midweek"
      ]
    }
  },
  "complete_link": {
    "score": 0.19736607372760773,
    "time": 0.00017070770263671875,
    "start_wsp": {
      "name": "weds.n.0",
      "definition": "the fourth day of the week; the third working day",
      "onyms": [
        "weekday",
        "Wednesday",
        "Wed",
        "Midweek"
      ]
    },
    "end_wsp": {
      "name": "wed.n.0",
      "definition": "the fourth day of the week; the third working day",
      "onyms": [
        "weekday",
        "Wednesday",
        "Wed",
        "Midweek"
      ]
    }
  },
  "single_link": {
    "score": 1.0000001192092896,
    "time": 0.00016045570373535156,
    "start_wsp": {
      "name": "weds.n.0",
      "definition": "the fourth day of the week; the third working day",
      "onyms": [
        "weekday",
        "Wednesday",
        "Wed",
        "Midweek"
      ]
    },
    "end_wsp": {
      "name": "wed.n.0",
      "definition": "the fourth day of the week; the third working day",
      "onyms": [
        "weekday",
        "Wednesday",
        "Wed",
        "Midweek"
      ]
    }
  },
  "total_vector": {
    "score": 1.0,
    "time": 1.3391036987304688,
    "start_wsp": {
      "name": "weds.n.0",
      "definition": "the fourth day of the week; the third working day",
      "onyms": [
        "weekday",
        "Wednesday",
        "Wed",
        "Midweek"
      ]
    },
    "end_wsp": {
      "name": "wed.n.0",
      "definition": "the fourth day of the week; the third working day",
      "onyms": [
        "weekday",
        "Wednesday",
        "Wed",
        "Midweek"
      ]
    }
  }
}