{
  "average_link": {
    "score": 0.14559717973073324,
    "time": 0.0006642341613769531,
    "start_wsp": {
      "name": "wheeze.v.2",
      "definition": "breathe with difficulty",
      "onyms": [
        "suspire",
        "wheeze",
        "take_a_breath",
        "breathe",
        "respire"
      ]
    },
    "end_wsp": {
      "name": "breathe.v.7",
      "definition": "reach full flavor by absorbing air and being let to stand after having been uncorked",
      "onyms": [
        "oxidise",
        "breathe",
        "oxidate",
        "oxidize"
      ]
    }
  },
  "average_vector": {
    "score": 0.7927178740501404,
    "time": 2.701294183731079,
    "start_wsp": {
      "name": "wheeze.v.2",
      "definition": "breathe with difficulty",
      "onyms": [
        "suspire",
        "wheeze",
        "take_a_breath",
        "breathe",
        "respire"
      ]
    },
    "end_wsp": {
      "name": "breathe.v.0",
      "definition": "draw air into, and expel out of, the lungs",
      "onyms": [
        "suspire",
        "yawn",
        "saw_logs",
        "hiccough",
        "wheeze",
        "sigh",
        "breathe",
        "hiccup",
        "exhale",
        "respire",
        "breathe_in",
        "saw_wood",
        "snore",
        "inspire",
        "take_a_breath",
        "expire",
        "inhale",
        "choke",
        "breathe_out",
        "hyperventilate"
      ]
    }
  },
  "complete_link": {
    "score": 0.14152252674102783,
    "time": 0.0012102127075195312,
    "start_wsp": {
      "name": "wheeze.n.0",
      "definition": "breathing with a husky or whistling sound",
      "onyms": [
        "wheeze",
        "ventilation",
        "external_respiration",
        "respiration",
        "breathing"
      ]
    },
    "end_wsp": {
      "name": "breathe.v.7",
      "definition": "reach full flavor by absorbing air and being let to stand after having been uncorked",
      "onyms": [
        "oxidise",
        "breathe",
        "oxidate",
        "oxidize"
      ]
    }
  },
  "single_link": {
    "score": 1.0,
    "time": 0.0008630752563476562,
    "start_wsp": {
      "name": "wheeze.v.2",
      "definition": "breathe with difficulty",
      "onyms": [
        "suspire",
        "wheeze",
        "take_a_breath",
        "breathe",
        "respire"
      ]
    },
    "end_wsp": {
      "name": "breathe.v.0",
      "definition": "draw air into, and expel out of, the lungs",
      "onyms": [
        "suspire",
        "yawn",
        "saw_logs",
        "hiccough",
        "wheeze",
        "sigh",
        "breathe",
        "hiccup",
        "exhale",
        "respire",
        "breathe_in",
        "saw_wood",
        "snore",
        "inspire",
        "take_a_breath",
        "expire",
        "inhale",
        "choke",
        "breathe_out",
        "hyperventilate"
      ]
    }
  },
  "total_vector": {
    "score": 0.7927178740501404,
    "time": 2.8927323818206787,
    "start_wsp": {
      "name": "wheeze.v.2",
      "definition": "breathe with difficulty",
      "onyms": [
        "suspire",
        "wheeze",
        "take_a_breath",
        "breathe",
        "respire"
      ]
    },
    "end_wsp": {
      "name": "breathe.v.0",
      "definition": "draw air into, and expel out of, the lungs",
      "onyms": [
        "suspire",
        "yawn",
        "saw_logs",
        "hiccough",
        "wheeze",
        "sigh",
        "breathe",
        "hiccup",
        "exhale",
        "respire",
        "breathe_in",
        "saw_wood",
        "snore",
        "inspire",
        "take_a_breath",
        "expire",
        "inhale",
        "choke",
        "breathe_out",
        "hyperventilate"
      ]
    }
  }
}