{
  "average_link": {
    "score": 0.5715875625610352,
    "time": 0.0005447864532470703,
    "start_wsp": {
      "name": "wicked.a.0",
      "definition": "morally bad in principle or practice",
      "onyms": [
        "wicked"
      ]
    },
    "end_wsp": {
      "name": "terrible.s.2",
      "definition": "intensely or extremely bad or unpleasant in degree or quality",
      "onyms": [
        "severe",
        "terrible",
        "wicked"
      ]
    }
  },
  "average_vector": {
    "score": 1.0,
    "time": 1.3276073932647705,
    "start_wsp": {
      "name": "wicked.s.2",
      "definition": "intensely or extremely bad or unpleasant in degree or quality",
      "onyms": [
        "severe",
        "terrible",
        "wicked"
      ]
    },
    "end_wsp": {
      "name": "terrible.s.2",
      "definition": "intensely or extremely bad or unpleasant in degree or quality",
      "onyms": [
        "severe",
        "terrible",
        "wicked"
      ]
    }
  },
  "complete_link": {
    "score": 0.2244827151298523,
    "time": 0.0005211830139160156,
    "start_wsp": {
      "name": "wicked.a.0",
      "definition": "morally bad in principle or practice",
      "onyms": [
        "wicked"
      ]
    },
    "end_wsp": {
      "name": "terrible.s.2",
      "definition": "intensely or extremely bad or unpleasant in degree or quality",
      "onyms": [
        "severe",
        "terrible",
        "wicked"
      ]
    }
  },
  "single_link": {
    "score": 1.0,
    "time": 0.0004963874816894531,
    "start_wsp": {
      "name": "wicked.a.0",
      "definition": "morally bad in principle or practice",
      "onyms": [
        "wicked"
      ]
    },
    "end_wsp": {
      "name": "terrible.s.2",
      "definition": "intensely or extremely bad or unpleasant in degree or quality",
      "onyms": [
        "severe",
        "terrible",
        "wicked"
      ]
    }
  },
  "total_vector": {
    "score": 1.0,
    "time": 1.3323640823364258,
    "start_wsp": {
      "name": "wicked.s.2",
      "definition": "intensely or extremely bad or unpleasant in degree or quality",
      "onyms": [
        "severe",
        "terrible",
        "wicked"
      ]
    },
    "end_wsp": {
      "name": "terrible.s.2",
      "definition": "intensely or extremely bad or unpleasant in degree or quality",
      "onyms": [
        "severe",
        "terrible",
        "wicked"
      ]
    }
  }
}