{
  "average_link": {
    "score": 0.0401800787076354,
    "time": 0.001605987548828125,
    "start_wsp": {
      "name": "win.v.3",
      "definition": "win something through one's efforts",
      "onyms": [
        "gain",
        "acquire",
        "cozen",
        "win",
        "get"
      ]
    },
    "end_wsp": {
      "name": "wooing.v.1",
      "definition": "seek someone's favor",
      "onyms": [
        "court",
        "woo"
      ]
    }
  },
  "average_vector": {
    "score": 0.5421862006187439,
    "time": 1.301314115524292,
    "start_wsp": {
      "name": "win.v.5",
      "definition": "attain success or reach a desired goal",
      "onyms": [
        "accomplish",
        "arrive",
        "pan_out",
        "nail",
        "pull_off",
        "go_far",
        "pass",
        "nail_down",
        "carry_off",
        "run",
        "reach",
        "clear",
        "bring_home_the_bacon",
        "deliver_the_goods",
        "act",
        "succeed",
        "achieve",
        "work",
        "luck_out",
        "win",
        "bring_off",
        "come_through",
        "negociate",
        "make_it",
        "get_in",
        "attain",
        "hit",
        "manage",
        "peg",
        "hit_the_jackpot"
      ]
    },
    "end_wsp": {
      "name": "wooing.v.2",
      "definition": "make amorous advances towards",
      "onyms": [
        "act",
        "court",
        "solicit",
        "romance",
        "display",
        "woo",
        "chase_after",
        "chase",
        "move"
      ]
    }
  },
  "complete_link": {
    "score": 0.07123008370399475,
    "time": 0.0015635490417480469,
    "start_wsp": {
      "name": "win.n.0",
      "definition": "a victory (as in a race or other competition)",
      "onyms": [
        "triumph",
        "victory",
        "first-place_finish",
        "win"
      ]
    },
    "end_wsp": {
      "name": "wooing.v.1",
      "definition": "seek someone's favor",
      "onyms": [
        "court",
        "woo"
      ]
    }
  },
  "single_link": {
    "score": 1.0,
    "time": 0.0014650821685791016,
    "start_wsp": {
      "name": "win.v.5",
      "definition": "attain success or reach a desired goal",
      "onyms": [
        "accomplish",
        "arrive",
        "pan_out",
        "nail",
        "pull_off",
        "go_far",
        "pass",
        "nail_down",
        "carry_off",
        "run",
        "reach",
        "clear",
        "bring_home_the_bacon",
        "deliver_the_goods",
        "act",
        "succeed",
        "achieve",
        "work",
        "luck_out",
        "win",
        "bring_off",
        "come_through",
        "negociate",
        "make_it",
        "get_in",
        "attain",
        "hit",
        "manage",
        "peg",
        "hit_the_jackpot"
      ]
    },
    "end_wsp": {
      "name": "wooing.v.2",
      "definition": "make amorous advances towards",
      "onyms": [
        "act",
        "court",
        "solicit",
        "romance",
        "display",
        "woo",
        "chase_after",
        "chase",
        "move"
      ]
    }
  },
  "total_vector": {
    "score": 0.5421862006187439,
    "time": 1.3216180801391602,
    "start_wsp": {
      "name": "win.v.5",
      "definition": "attain success or reach a desired goal",
      "onyms": [
        "accomplish",
        "arrive",
        "pan_out",
        "nail",
        "pull_off",
        "go_far",
        "pass",
        "nail_down",
        "carry_off",
        "run",
        "reach",
        "clear",
        "bring_home_the_bacon",
        "deliver_the_goods",
        "act",
        "succeed",
        "achieve",
        "work",
        "luck_out",
        "win",
        "bring_off",
        "come_through",
        "negociate",
        "make_it",
        "get_in",
        "attain",
        "hit",
        "manage",
        "peg",
        "hit_the_jackpot"
      ]
    },
    "end_wsp": {
      "name": "wooing.v.2",
      "definition": "make amorous advances towards",
      "onyms": [
        "act",
        "court",
        "solicit",
        "romance",
        "display",
        "woo",
        "chase_after",
        "chase",
        "move"
      ]
    }
  }
}