{
  "average_link": {
    "score": 0.11575038195587695,
    "time": 0.0001895427703857422,
    "start_wsp": {
      "name": "wondered.v.2",
      "definition": "be amazed at",
      "onyms": [
        "marvel",
        "respond",
        "react",
        "wonder"
      ]
    },
    "end_wsp": {
      "name": "wonder.v.5",
      "definition": "be amazed at",
      "onyms": [
        "marvel",
        "respond",
        "react",
        "wonder"
      ]
    }
  },
  "average_vector": {
    "score": 1.0000001192092896,
    "time": 1.3923184871673584,
    "start_wsp": {
      "name": "wondered.v.0",
      "definition": "have a wish or desire to know something",
      "onyms": [
        "question",
        "enquire",
        "inquire",
        "query",
        "request",
        "wonder"
      ]
    },
    "end_wsp": {
      "name": "wonder.v.3",
      "definition": "have a wish or desire to know something",
      "onyms": [
        "question",
        "enquire",
        "inquire",
        "query",
        "request",
        "wonder"
      ]
    }
  },
  "complete_link": {
    "score": 0.07507574558258057,
    "time": 0.00019979476928710938,
    "start_wsp": {
      "name": "wondered.v.0",
      "definition": "have a wish or desire to know something",
      "onyms": [
        "question",
        "enquire",
        "inquire",
        "query",
        "request",
        "wonder"
      ]
    },
    "end_wsp": {
      "name": "wonder.v.3",
      "definition": "have a wish or desire to know something",
      "onyms": [
        "question",
        "enquire",
        "inquire",
        "query",
        "request",
        "wonder"
      ]
    }
  },
  "single_link": {
    "score": 1.0000001192092896,
    "time": 0.00018358230590820312,
    "start_wsp": {
      "name": "wondered.v.0",
      "definition": "have a wish or desire to know something",
      "onyms": [
        "question",
        "enquire",
        "inquire",
        "query",
        "request",
        "wonder"
      ]
    },
    "end_wsp": {
      "name": "wonder.n.0",
      "definition": "the feeling aroused by something strange and surprising",
      "onyms": [
        "admiration",
        "awe",
        "astonishment",
        "wonderment",
        "amazement",
        "wonder"
      ]
    }
  },
  "total_vector": {
    "score": 1.0,
    "time": 1.4255237579345703,
    "start_wsp": {
      "name": "wondered.v.0",
      "definition": "have a wish or desire to know something",
      "onyms": [
        "question",
        "enquire",
        "inquire",
        "query",
        "request",
        "wonder"
      ]
    },
    "end_wsp": {
      "name": "wonder.v.3",
      "definition": "have a wish or desire to know something",
      "onyms": [
        "question",
        "enquire",
        "inquire",
        "query",
        "request",
        "wonder"
      ]
    }
  }
}