{
  "average_link": {
    "score": 0.16807009279727936,
    "time": 1.6450881958007812e-05,
    "start_wsp": {
      "name": "worth.s.4",
      "definition": "having a specified value",
      "onyms": [
        "worth"
      ]
    },
    "end_wsp": {
      "name": "quality.s.6",
      "definition": "of high social status",
      "onyms": [
        "quality"
      ]
    }
  },
  "average_vector": {
    "score": 0.5132734179496765,
    "time": 5.637667894363403,
    "start_wsp": {
      "name": "worth.n.1",
      "definition": "the quality that renders something desirable or valuable or useful",
      "onyms": [
        "worthwhileness",
        "fault",
        "praisworthiness",
        "price",
        "merit",
        "worth",
        "quality",
        "value",
        "virtue",
        "demerit"
      ]
    },
    "end_wsp": {
      "name": "quality.n.1",
      "definition": "a degree or grade of excellence or worth",
      "onyms": [
        "caliber",
        "quality",
        "low_quality",
        "grade",
        "superiority",
        "degree",
        "high_quality",
        "calibre",
        "inferiority",
        "level"
      ]
    }
  },
  "complete_link": {
    "score": 0.16807009279727936,
    "time": 1.3113021850585938e-05,
    "start_wsp": {
      "name": "worth.s.3",
      "definition": "worthy of being treated in a particular way; ;  (often used ironically)",
      "onyms": [
        "deserving",
        "worth"
      ]
    },
    "end_wsp": {
      "name": "quality.s.6",
      "definition": "of high social status",
      "onyms": [
        "quality"
      ]
    }
  },
  "single_link": {
    "score": 1.0,
    "time": 1.3113021850585938e-05,
    "start_wsp": {
      "name": "worth.n.0",
      "definition": "an indefinite quantity of something having a specified value",
      "onyms": [
        "pennyworth",
        "halfpennyworth",
        "indefinite_quantity",
        "ha'p'orth",
        "penn'orth",
        "worth"
      ]
    },
    "end_wsp": {
      "name": "quality.n.0",
      "definition": "an essential and distinguishing attribute of something or someone; --Shakespeare",
      "onyms": [
        "illogicalness",
        "fidelity",
        "unsatisfactoriness",
        "factuality",
        "probability",
        "clarity",
        "nativeness",
        "humanness",
        "visual_aspect",
        "piquance",
        "woodiness",
        "manhood",
        "fruitfulness",
        "combustibleness",
        "changeability",
        "memorability",
        "unchangeableness",
        "foregone_conclusion",
        "extraordinariness",
        "arability",
        "burnability",
        "inutility",
        "fruitlessness",
        "irregularity",
        "lawfulness",
        "mobility",
        "precariousness",
        "materiality",
        "credibleness",
        "stuff",
        "easiness",
        "humor",
        "complexness",
        "sanctitude",
        "unoriginality",
        "unlawfulness",
        "sure_thing",
        "incorrectness",
        "usefulness",
        "popularity",
        "attraction",
        "worth",
        "inelegance",
        "credibility",
        "extremeness",
        "sufficiency",
        "factualness",
        "insolubility",
        "attribute",
        "naturalness",
        "logicalness",
        "corporality",
        "correctness",
        "impenetrability",
        "dolichocephaly",
        "fibrousness",
        "sweetness",
        "atmosphere",
        "impressiveness",
        "bad",
        "publicity",
        "unusefulness",
        "truth",
        "opacity",
        "ideality",
        "pleasantness",
        "brachycephaly",
        "infidelity",
        "illogicality",
        "spinnability",
        "morbidness",
        "counterfactuality",
        "asset",
        "romance",
        "wrongness",
        "salability",
        "quality",
        "plus",
        "suitability",
        "changelessness",
        "simpleness",
        "incomprehensibility",
        "powerfulness",
        "inconsequence",
        "incorporeality",
        "sophistication",
        "immorality",
        "incredibility",
        "uselessness",
        "parental_quality",
        "particularity",
        "suitableness",
        "worthlessness",
        "understandability",
        "comprehensibility",
        "stuffiness",
        "certainty",
        "unpleasantness",
        "negativism",
        "unpopularity",
        "imperviousness",
        "subjectivism",
        "amorality",
        "unresponsiveness",
        "hot_stuff",
        "combustibility",
        "incredibleness",
        "power",
        "poignancy",
        "physicalness",
        "attractiveness",
        "divinity",
        "mundaneness",
        "piquantness",
        "unregularity",
        "piquancy",
        "unsuitableness",
        "unchangingness",
        "air",
        "woodsiness",
        "closeness",
        "finiteness",
        "worldliness",
        "goodness",
        "naiveness",
        "finitude",
        "relativity",
        "ability",
        "characteristic",
        "holiness",
        "expressiveness",
        "inhumanity",
        "uncertainty",
        "unholiness",
        "uncloudedness",
        "ineptness",
        "originality",
        "fibrosity",
        "immobility",
        "limitlessness",
        "responsiveness",
        "solubility",
        "orientalism",
        "voluptuousness",
        "humanity",
        "ulteriority",
        "complexity",
        "distressingness",
        "difficultness",
        "ineptitude",
        "sameness",
        "hardness",
        "foreignness",
        "regularity",
        "corporeality",
        "perviousness",
        "accuracy",
        "ease",
        "ethnicity",
        "inability",
        "romanticism",
        "ultimate",
        "humour",
        "uncertainness",
        "utility",
        "urbanity",
        "logicality",
        "morbidity",
        "directiveness",
        "unwholesomeness",
        "ordinariness",
        "soapiness",
        "occidentalism",
        "good",
        "specialness",
        "inaccuracy",
        "penetrability",
        "humaneness",
        "virtu",
        "excellence",
        "vertu",
        "impotency",
        "directivity",
        "satisfactoriness",
        "illogic",
        "immateriality",
        "positivism",
        "salableness",
        "believability",
        "appearance",
        "elegance",
        "morality",
        "aridity",
        "mundanity",
        "negativity",
        "boundedness",
        "generality",
        "painfulness",
        "unnaturalness",
        "difference",
        "pathos",
        "wholesomeness",
        "unsuitability",
        "sanctity",
        "barrenness",
        "unboundedness",
        "inhumaneness",
        "tone",
        "positivity",
        "unchangeability",
        "simplicity",
        "naivety",
        "quantifiability",
        "snootiness",
        "domesticity",
        "negativeness",
        "brachycephalism",
        "clearness",
        "rightness",
        "faithfulness",
        "unfitness",
        "nature",
        "powerlessness",
        "impotence",
        "aura",
        "boundlessness",
        "naivete",
        "constructiveness",
        "changeableness",
        "infiniteness",
        "neediness",
        "measurability",
        "dolichocephalism",
        "strangeness",
        "divisibility",
        "deadness",
        "distinction",
        "positiveness",
        "protectiveness",
        "navigability",
        "waxiness",
        "difficulty",
        "fecundity",
        "badness",
        "adequacy",
        "unfaithfulness",
        "opaqueness",
        "infinitude",
        "destructiveness",
        "curiousness"
      ]
    }
  },
  "total_vector": {
    "score": 0.5132734179496765,
    "time": 5.555464267730713,
    "start_wsp": {
      "name": "worth.n.1",
      "definition": "the quality that renders something desirable or valuable or useful",
      "onyms": [
        "worthwhileness",
        "fault",
        "praisworthiness",
        "price",
        "merit",
        "worth",
        "quality",
        "value",
        "virtue",
        "demerit"
      ]
    },
    "end_wsp": {
      "name": "quality.n.1",
      "definition": "a degree or grade of excellence or worth",
      "onyms": [
        "caliber",
        "quality",
        "low_quality",
        "grade",
        "superiority",
        "degree",
        "high_quality",
        "calibre",
        "inferiority",
        "level"
      ]
    }
  }
}